model,label,case,status,accuracy,total_sec
klue/bert-base,name,case0,ok,1.0,82.4
klue/bert-base,name,case1,ok,0.999538,76.4
klue/bert-base,name,case2,ok,0.999076,74.7
klue/bert-base,name,case3,ok,0.998152,72.4
klue/bert-base,name,casefull,ok,0.95858,76.2
klue/bert-base,phone,case0,ok,1.0,66.1
klue/bert-base,phone,case1,ok,1.0,72.3
klue/bert-base,phone,case2,ok,1.0,86.4
klue/bert-base,phone,case3,ok,1.0,86.0
klue/bert-base,phone,casefull,ok,1.0,83.6
klue/bert-base,email,case0,ok,1.0,69.1
klue/bert-base,email,case1,ok,1.0,77.4
klue/bert-base,email,case2,ok,1.0,76.0
klue/bert-base,email,case3,ok,1.0,67.8
klue/bert-base,email,casefull,ok,1.0,81.2
klue/bert-base,date,case0,ok,1.0,59.0
klue/bert-base,date,case1,ok,1.0,62.7
klue/bert-base,date,case2,ok,1.0,62.2
klue/bert-base,date,case3,ok,1.0,47.3
klue/bert-base,date,casefull,ok,1.0,54.4
klue/bert-base,ri_period,case0,ok,1.0,44.6
klue/bert-base,ri_period,case1,ok,1.0,48.0
klue/bert-base,ri_period,case2,ok,1.0,46.1
klue/bert-base,ri_period,case3,ok,1.0,47.3
klue/bert-base,ri_period,casefull,ok,1.0,51.0
klue/bert-base,address,case0,ok,1.0,64.8
klue/bert-base,address,case1,ok,1.0,70.3
klue/bert-base,address,case2,ok,1.0,71.4
klue/bert-base,address,case3,ok,1.0,64.6
klue/bert-base,address,casefull,ok,1.0,70.3
klue/bert-base,company,case0,ok,0.998105,76.4
klue/bert-base,company,case1,ok,0.994946,86.3
klue/bert-base,company,case2,ok,0.993683,70.4
klue/bert-base,company,case3,ok,0.992419,70.2
klue/bert-base,company,casefull,ok,0.910517,73.9
klue/bert-base,copyright_url,case0,ok,1.0,51.1
klue/bert-base,copyright_url,case1,ok,1.0,50.8
klue/bert-base,copyright_url,case2,ok,1.0,52.2
klue/bert-base,copyright_url,case3,ok,1.0,51.9
klue/bert-base,copyright_url,casefull,ok,1.0,49.6
klue/bert-base,copyright_Keyword,case0,ok,0.995842,36.5
klue/bert-base,copyright_Keyword,case1,ok,0.995842,37.8
klue/bert-base,copyright_Keyword,case2,ok,0.995842,40.8
klue/bert-base,copyright_Keyword,case3,ok,0.995842,37.7
klue/bert-base,copyright_Keyword,casefull,ok,0.995842,46.3
klue/bert-base,copyright_kotitle,case0,ok,0.997054,97.4
klue/bert-base,copyright_kotitle,case1,ok,0.996987,101.5
klue/bert-base,copyright_kotitle,case2,ok,0.997054,108.4
klue/bert-base,copyright_kotitle,case3,ok,0.996987,103.2
klue/bert-base,copyright_kotitle,casefull,ok,0.99672,109.8
klue/bert-base,copyright_description,case0,ok,0.963646,84.2
klue/bert-base,copyright_description,case1,ok,0.963646,83.4
klue/bert-base,copyright_description,case2,ok,0.963646,87.5
klue/bert-base,copyright_description,case3,ok,0.963646,84.0
klue/bert-base,copyright_description,casefull,ok,0.941,90.5
monologg/koelectra-base-v3-discriminator,name,case0,ok,1.0,77.9
monologg/koelectra-base-v3-discriminator,name,case1,ok,1.0,79.3
monologg/koelectra-base-v3-discriminator,name,case2,ok,0.999538,80.1
monologg/koelectra-base-v3-discriminator,name,case3,ok,0.999538,78.4
monologg/koelectra-base-v3-discriminator,name,casefull,ok,0.959848,82.0
monologg/koelectra-base-v3-discriminator,phone,case0,ok,1.0,81.6
monologg/koelectra-base-v3-discriminator,phone,case1,ok,1.0,73.4
monologg/koelectra-base-v3-discriminator,phone,case2,ok,1.0,78.1
monologg/koelectra-base-v3-discriminator,phone,case3,ok,1.0,101.5
monologg/koelectra-base-v3-discriminator,phone,casefull,ok,1.0,86.6
monologg/koelectra-base-v3-discriminator,email,case0,ok,1.0,76.3
monologg/koelectra-base-v3-discriminator,email,case1,ok,1.0,72.2
monologg/koelectra-base-v3-discriminator,email,case2,ok,1.0,79.7
monologg/koelectra-base-v3-discriminator,email,case3,ok,1.0,76.6
monologg/koelectra-base-v3-discriminator,email,casefull,ok,1.0,104.0
monologg/koelectra-base-v3-discriminator,date,case0,ok,1.0,60.4
monologg/koelectra-base-v3-discriminator,date,case1,ok,1.0,56.9
monologg/koelectra-base-v3-discriminator,date,case2,ok,1.0,51.7
monologg/koelectra-base-v3-discriminator,date,case3,ok,1.0,70.3
monologg/koelectra-base-v3-discriminator,date,casefull,ok,1.0,71.2
monologg/koelectra-base-v3-discriminator,ri_period,case0,ok,1.0,61.9
monologg/koelectra-base-v3-discriminator,ri_period,case1,ok,1.0,53.1
monologg/koelectra-base-v3-discriminator,ri_period,case2,ok,1.0,58.5
monologg/koelectra-base-v3-discriminator,ri_period,case3,ok,1.0,53.9
monologg/koelectra-base-v3-discriminator,ri_period,casefull,ok,1.0,55.0
monologg/koelectra-base-v3-discriminator,address,case0,ok,1.0,71.7
monologg/koelectra-base-v3-discriminator,address,case1,ok,1.0,69.6
monologg/koelectra-base-v3-discriminator,address,case2,ok,1.0,68.9
monologg/koelectra-base-v3-discriminator,address,case3,ok,1.0,75.4
monologg/koelectra-base-v3-discriminator,address,casefull,ok,1.0,72.0
monologg/koelectra-base-v3-discriminator,company,case0,ok,0.998105,75.6
monologg/koelectra-base-v3-discriminator,company,case1,ok,0.99621,77.0
monologg/koelectra-base-v3-discriminator,company,case2,ok,0.99621,82.6
monologg/koelectra-base-v3-discriminator,company,case3,ok,0.993683,76.0
monologg/koelectra-base-v3-discriminator,company,casefull,ok,0.91226,85.1
monologg/koelectra-base-v3-discriminator,copyright_url,case0,ok,1.0,54.2
monologg/koelectra-base-v3-discriminator,copyright_url,case1,ok,1.0,55.5
monologg/koelectra-base-v3-discriminator,copyright_url,case2,ok,1.0,51.7
monologg/koelectra-base-v3-discriminator,copyright_url,case3,ok,1.0,55.4
monologg/koelectra-base-v3-discriminator,copyright_url,casefull,ok,1.0,54.3
monologg/koelectra-base-v3-discriminator,copyright_Keyword,case0,ok,0.995842,41.7
monologg/koelectra-base-v3-discriminator,copyright_Keyword,case1,ok,0.995842,40.7
monologg/koelectra-base-v3-discriminator,copyright_Keyword,case2,ok,0.995842,44.5
monologg/koelectra-base-v3-discriminator,copyright_Keyword,case3,ok,0.995842,43.6
monologg/koelectra-base-v3-discriminator,copyright_Keyword,casefull,ok,0.995842,46.4
monologg/koelectra-base-v3-discriminator,copyright_kotitle,case0,ok,0.99692,110.3
monologg/koelectra-base-v3-discriminator,copyright_kotitle,case1,ok,0.996318,123.9
monologg/koelectra-base-v3-discriminator,copyright_kotitle,case2,ok,0.996653,125.5
monologg/koelectra-base-v3-discriminator,copyright_kotitle,case3,ok,0.996452,126.6
monologg/koelectra-base-v3-discriminator,copyright_kotitle,casefull,ok,0.995648,135.4
monologg/koelectra-base-v3-discriminator,copyright_description,case0,ok,0.963646,104.5
monologg/koelectra-base-v3-discriminator,copyright_description,case1,ok,0.963646,102.5
monologg/koelectra-base-v3-discriminator,copyright_description,case2,ok,0.963646,104.2
monologg/koelectra-base-v3-discriminator,copyright_description,case3,ok,0.963134,114.6
monologg/koelectra-base-v3-discriminator,copyright_description,casefull,ok,0.941,110.2
google-bert/bert-base-multilingual-cased,name,case0,ok,1.0,92.9
google-bert/bert-base-multilingual-cased,name,case1,ok,1.0,98.4
google-bert/bert-base-multilingual-cased,name,case2,ok,0.999538,100.4
google-bert/bert-base-multilingual-cased,name,case3,ok,0.998152,107.4
google-bert/bert-base-multilingual-cased,name,casefull,ok,0.959425,97.6
google-bert/bert-base-multilingual-cased,phone,case0,ok,1.0,100.4
google-bert/bert-base-multilingual-cased,phone,case1,ok,1.0,95.3
google-bert/bert-base-multilingual-cased,phone,case2,ok,1.0,99.5
google-bert/bert-base-multilingual-cased,phone,case3,ok,1.0,90.6
google-bert/bert-base-multilingual-cased,phone,casefull,ok,1.0,96.0
google-bert/bert-base-multilingual-cased,email,case0,ok,1.0,83.4
google-bert/bert-base-multilingual-cased,email,case1,ok,1.0,92.1
google-bert/bert-base-multilingual-cased,email,case2,ok,1.0,89.9
google-bert/bert-base-multilingual-cased,email,case3,ok,1.0,90.4
google-bert/bert-base-multilingual-cased,email,casefull,ok,1.0,94.9
google-bert/bert-base-multilingual-cased,date,case0,ok,1.0,56.5
google-bert/bert-base-multilingual-cased,date,case1,ok,1.0,59.1
google-bert/bert-base-multilingual-cased,date,case2,ok,1.0,61.8
google-bert/bert-base-multilingual-cased,date,case3,ok,1.0,59.5
google-bert/bert-base-multilingual-cased,date,casefull,ok,1.0,62.8
google-bert/bert-base-multilingual-cased,ri_period,case0,ok,1.0,60.2
google-bert/bert-base-multilingual-cased,ri_period,case1,ok,1.0,59.3
google-bert/bert-base-multilingual-cased,ri_period,case2,ok,1.0,61.0
google-bert/bert-base-multilingual-cased,ri_period,case3,ok,1.0,56.9
google-bert/bert-base-multilingual-cased,ri_period,casefull,ok,1.0,66.2
google-bert/bert-base-multilingual-cased,address,case0,ok,1.0,91.8
google-bert/bert-base-multilingual-cased,address,case1,ok,1.0,86.3
google-bert/bert-base-multilingual-cased,address,case2,ok,1.0,95.3
google-bert/bert-base-multilingual-cased,address,case3,ok,1.0,108.2
google-bert/bert-base-multilingual-cased,address,casefull,ok,1.0,92.7
google-bert/bert-base-multilingual-cased,company,case0,ok,0.998105,95.8
google-bert/bert-base-multilingual-cased,company,case1,ok,0.999368,90.7
google-bert/bert-base-multilingual-cased,company,case2,ok,0.99621,99.6
google-bert/bert-base-multilingual-cased,company,case3,ok,0.997473,100.3
google-bert/bert-base-multilingual-cased,company,casefull,ok,0.914003,103.1
google-bert/bert-base-multilingual-cased,copyright_url,case0,ok,1.0,68.9
google-bert/bert-base-multilingual-cased,copyright_url,case1,ok,1.0,67.9
google-bert/bert-base-multilingual-cased,copyright_url,case2,ok,1.0,64.8
google-bert/bert-base-multilingual-cased,copyright_url,case3,ok,1.0,68.4
google-bert/bert-base-multilingual-cased,copyright_url,casefull,ok,1.0,73.5
google-bert/bert-base-multilingual-cased,copyright_Keyword,case0,ok,0.995842,48.5
google-bert/bert-base-multilingual-cased,copyright_Keyword,case1,ok,0.995842,51.7
google-bert/bert-base-multilingual-cased,copyright_Keyword,case2,ok,0.995842,47.5
google-bert/bert-base-multilingual-cased,copyright_Keyword,case3,ok,0.995842,53.3
google-bert/bert-base-multilingual-cased,copyright_Keyword,casefull,ok,0.995842,49.8
google-bert/bert-base-multilingual-cased,copyright_kotitle,case0,ok,0.997054,108.7
google-bert/bert-base-multilingual-cased,copyright_kotitle,case1,ok,0.990761,122.4
google-bert/bert-base-multilingual-cased,copyright_kotitle,case2,ok,0.996987,118.6
google-bert/bert-base-multilingual-cased,copyright_kotitle,case3,ok,0.996987,122.3
google-bert/bert-base-multilingual-cased,copyright_kotitle,casefull,ok,0.996987,120.9
google-bert/bert-base-multilingual-cased,copyright_description,case0,ok,0.963646,105.4
google-bert/bert-base-multilingual-cased,copyright_description,case1,ok,0.963646,105.7
google-bert/bert-base-multilingual-cased,copyright_description,case2,ok,0.963646,107.2
google-bert/bert-base-multilingual-cased,copyright_description,case3,ok,0.963646,109.1
google-bert/bert-base-multilingual-cased,copyright_description,casefull,ok,0.941,115.3
distilbert-base-multilingual-cased,name,case0,ok,1.0,66.4
distilbert-base-multilingual-cased,name,case1,ok,0.999538,60.7
distilbert-base-multilingual-cased,name,case2,ok,0.998614,61.9
distilbert-base-multilingual-cased,name,case3,ok,0.998614,64.0
distilbert-base-multilingual-cased,name,casefull,ok,0.961116,66.4
distilbert-base-multilingual-cased,phone,case0,ok,1.0,64.4
distilbert-base-multilingual-cased,phone,case1,ok,1.0,61.9
distilbert-base-multilingual-cased,phone,case2,ok,1.0,58.0
distilbert-base-multilingual-cased,phone,case3,ok,1.0,64.4
distilbert-base-multilingual-cased,phone,casefull,ok,1.0,66.0
distilbert-base-multilingual-cased,email,case0,ok,1.0,65.1
distilbert-base-multilingual-cased,email,case1,ok,1.0,64.6
distilbert-base-multilingual-cased,email,case2,ok,1.0,66.6
distilbert-base-multilingual-cased,email,case3,ok,1.0,58.4
distilbert-base-multilingual-cased,email,casefull,ok,1.0,63.7
distilbert-base-multilingual-cased,date,case0,ok,1.0,41.0
distilbert-base-multilingual-cased,date,case1,ok,1.0,47.0
distilbert-base-multilingual-cased,date,case2,ok,1.0,45.1
distilbert-base-multilingual-cased,date,case3,ok,1.0,41.8
distilbert-base-multilingual-cased,date,casefull,ok,1.0,42.9
distilbert-base-multilingual-cased,ri_period,case0,ok,1.0,39.5
distilbert-base-multilingual-cased,ri_period,case1,ok,1.0,42.7
distilbert-base-multilingual-cased,ri_period,case2,ok,1.0,40.1
distilbert-base-multilingual-cased,ri_period,case3,ok,1.0,42.5
distilbert-base-multilingual-cased,ri_period,casefull,ok,1.0,46.5
distilbert-base-multilingual-cased,address,case0,ok,1.0,65.7
distilbert-base-multilingual-cased,address,case1,ok,1.0,60.6
distilbert-base-multilingual-cased,address,case2,ok,1.0,59.9
distilbert-base-multilingual-cased,address,case3,ok,1.0,57.4
distilbert-base-multilingual-cased,address,casefull,ok,1.0,65.3
distilbert-base-multilingual-cased,company,case0,ok,0.998105,61.4
distilbert-base-multilingual-cased,company,case1,ok,0.99621,62.2
distilbert-base-multilingual-cased,company,case2,ok,0.99621,64.4
distilbert-base-multilingual-cased,company,case3,ok,0.994315,61.8
distilbert-base-multilingual-cased,company,casefull,ok,0.912841,64.5
distilbert-base-multilingual-cased,copyright_url,case0,ok,1.0,40.6
distilbert-base-multilingual-cased,copyright_url,case1,ok,1.0,43.4
distilbert-base-multilingual-cased,copyright_url,case2,ok,1.0,43.0
distilbert-base-multilingual-cased,copyright_url,case3,ok,1.0,41.3
distilbert-base-multilingual-cased,copyright_url,casefull,ok,1.0,47.1
distilbert-base-multilingual-cased,copyright_Keyword,case0,ok,0.995842,32.1
distilbert-base-multilingual-cased,copyright_Keyword,case1,ok,0.995842,32.2
distilbert-base-multilingual-cased,copyright_Keyword,case2,ok,0.995842,32.5
distilbert-base-multilingual-cased,copyright_Keyword,case3,ok,0.995842,33.8
distilbert-base-multilingual-cased,copyright_Keyword,casefull,ok,0.995322,33.9
distilbert-base-multilingual-cased,copyright_kotitle,case0,ok,0.997054,70.4
distilbert-base-multilingual-cased,copyright_kotitle,case1,ok,0.993104,68.5
distilbert-base-multilingual-cased,copyright_kotitle,case2,ok,0.996987,72.6
distilbert-base-multilingual-cased,copyright_kotitle,case3,ok,0.996987,73.0
distilbert-base-multilingual-cased,copyright_kotitle,casefull,ok,0.997054,76.0
distilbert-base-multilingual-cased,copyright_description,case0,ok,0.963646,62.1
distilbert-base-multilingual-cased,copyright_description,case1,ok,0.963134,64.5
distilbert-base-multilingual-cased,copyright_description,case2,ok,0.963646,64.5
distilbert-base-multilingual-cased,copyright_description,case3,ok,0.963646,65.0
distilbert-base-multilingual-cased,copyright_description,casefull,ok,0.941,66.3
