[국회도서관] 공공저작물 권리확인 요청 목록,,,,,,,,,,,,,,,,,,,,
순번,사이트명,게시판진입과정,게시판명,게시물 제목,URL,등록일,기사 수량,기존 공공누리 유형,,개방여부,공공누리유형,,검토불가,단순/업무/비보호,제3자 권리,이미지/첨부파일,초상권,개인정보,의견,비고
1,국회기록보존소 ,home>국회기록물>국회간행물,국회간행물,국회도서관보(2003년 3·4월),https://archives.nanet.go.kr/search/coPublInfoList.do?curr_menu_cd=0103040000,2003년 3·4월,18,미부착,,개방 가능,공공누리 1유형,,,O,,,,,지침에 따라 논문의 저작권이 국회도서관에 있음이 명시,
2,국회기록보존소 ,home>국회기록물>국회간행물,국회간행물,국회도서관보(2003년 1·2월),,2003년 1·2월,18,미부착,,개방 가능,공공누리 1유형,,,O,,,,,지침에 따라 논문의 저작권이 국회도서관에 있음이 명시,
3,국회기록보존소 ,home>국회기록물>국회간행물,국회간행물,국회도서관보(2002년 11·12월),,2002년 11·12월,18,미부착,,개방 가능,공공누리 1유형,,,O,,,,,지침에 따라 논문의 저작권이 국회도서관에 있음이 명시,
4,국회기록보존소 ,home>국회기록물>국회간행물,국회간행물,국회도서관보(2002년 9·10월),,2002년 9·10월,18,미부착,,개방 가능,공공누리 1유형,,,O,,,,,지침에 따라 논문의 저작권이 국회도서관에 있음이 명시,
5,국회기록보존소 ,home>국회기록물>국회간행물,국회간행물,국회도서관보(2002년 7·8월),,2002년 7·8월,18,미부착,,개방 가능,공공누리 1유형,,,O,,,,,지침에 따라 논문의 저작권이 국회도서관에 있음이 명시,
6,국회기록보존소 ,home>국회기록물>국회간행물,국회간행물,국회도서관보(2002년 5·6월),,2002년 5·6월,18,미부착,,개방 가능,공공누리 1유형,,,O,,,,,지침에 따라 논문의 저작권이 국회도서관에 있음이 명시,
7,국회기록보존소 ,home>국회기록물>국회간행물,국회간행물,국회도서관보(2002년 3·4월),,2002년 3·4월,18,미부착,,개방 가능,공공누리 1유형,,,O,,,,,지침에 따라 논문의 저작권이 국회도서관에 있음이 명시,
8,국회기록보존소 ,home>국회기록물>국회간행물,국회간행물,국회도서관보(2002년 1·2월),,2002년 1·2월,18,미부착,,개방 가능,공공누리 1유형,,,O,,,,,지침에 따라 논문의 저작권이 국회도서관에 있음이 명시,
9,국회기록보존소 ,home>국회기록물>국회간행물,국회간행물,국회도서관보(2001년 11·12월),,2001년 11·12월,18,미부착,,개방 가능,공공누리 1유형,,,O,,,,,지침에 따라 논문의 저작권이 국회도서관에 있음이 명시,
10,국회기록보존소 ,home>국회기록물>국회간행물,국회간행물,국회도서관보(2001년 9·10월),,2001년 9·10월,18,미부착,,개방 가능,공공누리 1유형,,,O,,,,,지침에 따라 논문의 저작권이 국회도서관에 있음이 명시,
11,국회기록보존소 ,home>국회기록물>국회간행물,국회간행물,국회도서관보(2001년 7·8월),,2001년 7·8월,18,미부착,,개방 가능,공공누리 1유형,,,O,,,,,지침에 따라 논문의 저작권이 국회도서관에 있음이 명시,
12,국회기록보존소 ,home>국회기록물>국회간행물,국회간행물,국회도서관보(2001년 5·6월),,2001년 5·6월,18,미부착,,개방 가능,공공누리 1유형,,,O,,,,,지침에 따라 논문의 저작권이 국회도서관에 있음이 명시,
13,국회기록보존소 ,home>국회기록물>국회간행물,국회간행물,국회도서관보(2001년 3·4월),,2001년 3·4월,18,미부착,,개방 가능,공공누리 1유형,,,O,,,,,지침에 따라 논문의 저작권이 국회도서관에 있음이 명시,
14,국회기록보존소 ,home>국회기록물>국회간행물,국회간행물,국회도서관보(2001년 1·2월),,2001년 1·2월,18,미부착,,개방 가능,공공누리 1유형,,,O,,,,,지침에 따라 논문의 저작권이 국회도서관에 있음이 명시,
15,국회기록보존소 ,home>국회기록물>국회간행물,국회간행물,국회도서관보(2000년 11·12월),,2000년 11·12월,18,미부착,,개방 가능,공공누리 1유형,,,O,,,,,지침에 따라 논문의 저작권이 국회도서관에 있음이 명시,
16,국회기록보존소 ,home>국회기록물>국회간행물,국회간행물,국회도서관보(2000년 9·10월),,2000년 9·10월,18,미부착,,개방 가능,공공누리 1유형,,,O,,,,,지침에 따라 논문의 저작권이 국회도서관에 있음이 명시,
17,국회기록보존소 ,home>국회기록물>국회간행물,국회간행물,국회도서관보(2000년 7·8월),,2000년 7·8월,18,미부착,,개방 가능,공공누리 1유형,,,O,,,,,지침에 따라 논문의 저작권이 국회도서관에 있음이 명시,
18,국회기록보존소 ,home>국회기록물>국회간행물,국회간행물,국회도서관보(2000년 5·6월),,2000년 5·6월,18,미부착,,개방 가능,공공누리 1유형,,,O,,,,,지침에 따라 논문의 저작권이 국회도서관에 있음이 명시,
19,국회기록보존소 ,home>국회기록물>국회간행물,국회간행물,국회도서관보(2000년 3·4월),,2000년 3·4월,18,미부착,,개방 가능,공공누리 1유형,,,O,,,,,지침에 따라 논문의 저작권이 국회도서관에 있음이 명시,
20,국회기록보존소 ,home>국회기록물>국회간행물,국회간행물,국회도서관보(2000년 1·2월),,2000년 1·2월,18,미부착,,개방 가능,공공누리 1유형,,,O,,,,,지침에 따라 논문의 저작권이 국회도서관에 있음이 명시,
21,국회기록보존소 ,home>국회기록물>국회간행물,국회간행물,국회도서관보(1999년 11·12월),,1999년 11·12월,18,미부착,,개방 가능,공공누리 1유형,,,O,,,,,지침에 따라 논문의 저작권이 국회도서관에 있음이 명시,
22,국회기록보존소 ,home>국회기록물>국회간행물,국회간행물,국회도서관보(1999년 9·10월),,1999년 9·10월,18,미부착,,내부확인 필요,공공누리 2~4유형,,,,O,,,,외부 연구진 포함,"별도의 지침, 계약서 확인불가"
23,국회기록보존소 ,home>국회기록물>국회간행물,국회간행물,국회도서관보(1999년 7·8월),,1999년 7·8월,18,미부착,,내부확인 필요,공공누리 2~4유형,,,,O,,,,외부 연구진 포함,"별도의 지침, 계약서 확인불가"
24,국회기록보존소 ,home>국회기록물>국회간행물,국회간행물,국회도서관보(1999년 5·6월),,1999년 5·6월,18,미부착,,내부확인 필요,공공누리 2~4유형,,,,O,,,,외부 연구진 포함,"별도의 지침, 계약서 확인불가"
25,국회기록보존소 ,home>국회기록물>국회간행물,국회간행물,국회도서관보(1999년 3·4월),,1999년 3·4월,18,미부착,,내부확인 필요,공공누리 2~4유형,,,,O,,,,외부 연구진 포함,"별도의 지침, 계약서 확인불가"
26,국회기록보존소 ,home>국회기록물>국회간행물,국회간행물,국회도서관보(1999년 1·2월),,1999년 1·2월,18,미부착,,내부확인 필요,공공누리 2~4유형,,,,O,,,,외부 연구진 포함,"별도의 지침, 계약서 확인불가"
27,국회기록보존소 ,home>국회기록물>국회간행물,국회간행물,국회도서관보(1998년 11·12월),,1998년 11·12월,18,미부착,,내부확인 필요,공공누리 2~4유형,,,,O,,,,외부 연구진 포함,"별도의 지침, 계약서 확인불가"
28,국회기록보존소 ,home>국회기록물>국회간행물,국회간행물,국회도서관보(1998년 9·10월),,1998년 9·10월,18,미부착,,내부확인 필요,공공누리 2~4유형,,,,O,,,,외부 연구진 포함,"별도의 지침, 계약서 확인불가"
29,국회기록보존소 ,home>국회기록물>국회간행물,국회간행물,국회도서관보(1998년 7·8월),,1998년 7·8월,18,미부착,,내부확인 필요,공공누리 2~4유형,,,,O,,,,외부 연구진 포함,"별도의 지침, 계약서 확인불가"
30,국회기록보존소 ,home>국회기록물>국회간행물,국회간행물,국회도서관보(1998년 5·6월),,1998년 5·6월,18,미부착,,내부확인 필요,공공누리 2~4유형,,,,O,,,,외부 연구진 포함,"별도의 지침, 계약서 확인불가"
31,국회기록보존소 ,home>국회기록물>국회간행물,국회간행물,국회도서관보(1998년 3·4월),,1998년 3·4월,18,미부착,,내부확인 필요,공공누리 2~4유형,,,,O,,,,외부 연구진 포함,"별도의 지침, 계약서 확인불가"
32,국회기록보존소 ,home>국회기록물>국회간행물,국회간행물,국회도서관보(1998년 1·2월),,1998년 1·2월,18,미부착,,내부확인 필요,공공누리 2~4유형,,,,O,,,,외부 연구진 포함,"별도의 지침, 계약서 확인불가"
33,국회기록보존소 ,home>국회기록물>국회간행물,국회간행물,국회도서관보(1997년 11·12월),,1997년 11·12월,18,미부착,,내부확인 필요,공공누리 2~4유형,,,,O,,,,외부 연구진 포함,"별도의 지침, 계약서 확인불가"
34,국회기록보존소 ,home>국회기록물>국회간행물,국회간행물,국회도서관보(1997년 9·10월),,1997년 9·10월,18,미부착,,내부확인 필요,공공누리 2~4유형,,,,O,,,,외부 연구진 포함,"별도의 지침, 계약서 확인불가"
35,국회기록보존소 ,home>국회기록물>국회간행물,국회간행물,국회도서관보(1997년 7·8월),,1997년 7·8월,18,미부착,,내부확인 필요,공공누리 2~4유형,,,,O,,,,외부 연구진 포함,"별도의 지침, 계약서 확인불가"
36,국회기록보존소 ,home>국회기록물>국회간행물,국회간행물,국회도서관보(1997년 5·6월),,1997년 5·6월,18,미부착,,내부확인 필요,공공누리 2~4유형,,,,O,,,,외부 연구진 포함,"별도의 지침, 계약서 확인불가"
37,국회기록보존소 ,home>국회기록물>국회간행물,국회간행물,국회도서관보(1997년 3·4월),,1997년 3·4월,18,미부착,,내부확인 필요,공공누리 2~4유형,,,,O,,,,외부 연구진 포함,"별도의 지침, 계약서 확인불가"
38,국회기록보존소 ,home>국회기록물>국회간행물,국회간행물,국회도서관보(1997년 1·2월),,1997년 1·2월,18,미부착,,내부확인 필요,공공누리 2~4유형,,,,O,,,,외부 연구진 포함,"별도의 지침, 계약서 확인불가"
39,국회기록보존소 ,home>국회기록물>국회간행물,국회간행물,국회도서관보(1996년 11·12월),,1996년 11·12월,18,미부착,,내부확인 필요,공공누리 2~4유형,,,,O,,,,외부 연구진 포함,"별도의 지침, 계약서 확인불가"
40,국회기록보존소 ,home>국회기록물>국회간행물,국회간행물,국회도서관보(1996년 9·10월),,1996년 9·10월,18,미부착,,내부확인 필요,공공누리 2~4유형,,,,O,,,,외부 연구진 포함,"별도의 지침, 계약서 확인불가"
41,국회기록보존소 ,home>국회기록물>국회간행물,국회간행물,국회도서관보(1996년 7·8월),,1996년 7·8월,18,미부착 ,,내부확인 필요,공공누리 2~4유형,,,,O,,,,외부 연구진 포함,"별도의 지침, 계약서 확인불가"
42,국회기록보존소 ,home>국회기록물>국회간행물,국회간행물,국회도서관보(1996년 5·6월),,1996년 5·6월,18,미부착 ,,내부확인 필요,공공누리 2~4유형,,,,O,,,,외부 연구진 포함,"별도의 지침, 계약서 확인불가"
43,국회기록보존소 ,home>국회기록물>국회간행물,국회간행물,국회도서관보(1996년 3·4월),,1996년 3·4월,18,미부착 ,,내부확인 필요,공공누리 2~4유형,,,,O,,,,외부 연구진 포함,"별도의 지침, 계약서 확인불가"
44,국회기록보존소 ,home>국회기록물>국회간행물,국회간행물,국회도서관보(1996년 1·2월),,1996년 1·2월,18,미부착 ,,내부확인 필요,공공누리 2~4유형,,,,O,,,,외부 연구진 포함,"별도의 지침, 계약서 확인불가"
45,국회기록보존소 ,home>국회기록물>국회간행물,국회간행물,국회도서관보(1995년 12월),,1995년 12월,18,미부착 ,,내부확인 필요,공공누리 2~4유형,,,,O,,,,외부 연구진 포함,"별도의 지침, 계약서 확인불가"
46,국회기록보존소 ,home>국회기록물>국회간행물,국회간행물,국회도서관보(1995년 11월),,1995년 11월,18,미부착 ,,내부확인 필요,공공누리 2~4유형,,,,O,,,,외부 연구진 포함,"별도의 지침, 계약서 확인불가"
47,국회기록보존소 ,home>국회기록물>국회간행물,국회간행물,국회도서관보(1995년 9·10월),,1995년 9·10월,18,미부착 ,,내부확인 필요,공공누리 2~4유형,,,,O,,,,외부 연구진 포함,"별도의 지침, 계약서 확인불가"
48,국회기록보존소 ,home>국회기록물>국회간행물,국회간행물,국회도서관보(1995년 7·8월),,1995년 7·8월,18,미부착 ,,내부확인 필요,공공누리 2~4유형,,,,O,,,,외부 연구진 포함,"별도의 지침, 계약서 확인불가"
49,국회기록보존소 ,home>국회기록물>국회간행물,국회간행물,국회도서관보(1995년 6월),,1995년 6월,18,미부착 ,,내부확인 필요,공공누리 2~4유형,,,,O,,,,외부 연구진 포함,"별도의 지침, 계약서 확인불가"
50,국회기록보존소 ,home>국회기록물>국회간행물,국회간행물,국회도서관보(1995년 5월),,1995년 5월,18,미부착 ,,내부확인 필요,공공누리 2~4유형,,,,O,,,,외부 연구진 포함,"별도의 지침, 계약서 확인불가"
51,국회기록보존소 ,home>국회기록물>국회간행물,국회간행물,국회도서관보(1995년 3·4월),,1995년 3·4월,18,미부착 ,,내부확인 필요,공공누리 2~4유형,,,,O,,,,외부 연구진 포함,"별도의 지침, 계약서 확인불가"
52,국회기록보존소 ,home>국회기록물>국회간행물,국회간행물,국회도서관보(1995년 1·2월),,1995년 1·2월,18,미부착 ,,내부확인 필요,공공누리 2~4유형,,,,O,,,,외부 연구진 포함,"별도의 지침, 계약서 확인불가"
53,국회기록보존소 ,home>국회기록물>국회간행물,국회간행물,국회도서관보(1994년 11·12월),,1994년 11·12월,18,미부착 ,,내부확인 필요,공공누리 2~4유형,,,,O,,,,외부 연구진 포함,"별도의 지침, 계약서 확인불가"
54,국회기록보존소 ,home>국회기록물>국회간행물,국회간행물,국회도서관보(1994년 9·10월),,1994년 9·10월,18,미부착 ,,내부확인 필요,공공누리 2~4유형,,,,O,,,,외부 연구진 포함,"별도의 지침, 계약서 확인불가"
55,국회기록보존소 ,home>국회기록물>국회간행물,국회간행물,국회도서관보(1994년 7·8월),,1994년 7·8월,18,미부착 ,,내부확인 필요,공공누리 2~4유형,,,,O,,,,외부 연구진 포함,"별도의 지침, 계약서 확인불가"
56,국회기록보존소 ,home>국회기록물>국회간행물,국회간행물,국회도서관보(1994년 5·6월),,1994년 5·6월,18,미부착 ,,내부확인 필요,공공누리 2~4유형,,,,O,,,,외부 연구진 포함,"별도의 지침, 계약서 확인불가"
57,국회기록보존소 ,home>국회기록물>국회간행물,국회간행물,국회도서관보(1994년 3·4월),,1994년 3·4월,18,미부착 ,,내부확인 필요,공공누리 2~4유형,,,,O,,,,외부 연구진 포함,"별도의 지침, 계약서 확인불가"
58,국회기록보존소 ,home>국회기록물>국회간행물,국회간행물,국회도서관보(1994년 1·2월),,1994년 1·2월,18,미부착 ,,내부확인 필요,공공누리 2~4유형,,,,O,,,,외부 연구진 포함,"별도의 지침, 계약서 확인불가"
59,국회기록보존소 ,home>국회기록물>국회간행물,국회간행물,국회도서관보(1993년 11·12월),,1993년 11·12월,18,미부착 ,,내부확인 필요,공공누리 2~4유형,,,,O,,,,외부 연구진 포함,"별도의 지침, 계약서 확인불가"
60,국회기록보존소 ,home>국회기록물>국회간행물,국회간행물,국회도서관보(1993년 9·10월),,1993년 9·10월,18,미부착 ,,내부확인 필요,공공누리 2~4유형,,,,O,,,,외부 연구진 포함,"별도의 지침, 계약서 확인불가"
61,국회기록보존소 ,home>국회기록물>국회간행물,국회간행물,국회도서관보(1993년 7·8월),,1993년 7·8월,18,미부착 ,,내부확인 필요,공공누리 2~4유형,,,,O,,,,외부 연구진 포함,"별도의 지침, 계약서 확인불가"
62,국회기록보존소 ,home>국회기록물>국회간행물,국회간행물,국회도서관보(1993년 5·6월),,1993년 5·6월,18,미부착 ,,내부확인 필요,공공누리 2~4유형,,,,O,,,,외부 연구진 포함,"별도의 지침, 계약서 확인불가"
63,국회기록보존소 ,home>국회기록물>국회간행물,국회간행물,국회도서관보(1993년 3·4월),,1993년 3·4월,18,미부착 ,,내부확인 필요,공공누리 2~4유형,,,,O,,,,외부 연구진 포함,"별도의 지침, 계약서 확인불가"
64,국회기록보존소 ,home>국회기록물>국회간행물,국회간행물,국회도서관보(1993년 1·2월),,1993년 1·2월,18,미부착 ,,내부확인 필요,공공누리 2~4유형,,,,O,,,,외부 연구진 포함,"별도의 지침, 계약서 확인불가"
65,국회기록보존소 ,home>국회기록물>국회간행물,국회간행물,국회도서관보(1992년 11·12월),,1992년 11·12월,18,미부착 ,,내부확인 필요,공공누리 2~4유형,,,,O,,,,외부 연구진 포함,"별도의 지침, 계약서 확인불가"
66,국회기록보존소 ,home>국회기록물>국회간행물,국회간행물,국회도서관보(1992년 9·10월),,1992년 9·10월,18,미부착 ,,내부확인 필요,공공누리 2~4유형,,,,O,,,,외부 연구진 포함,"별도의 지침, 계약서 확인불가"
67,국회기록보존소 ,home>국회기록물>국회간행물,국회간행물,국회도서관보(1992년 7·8월),,1992년 7·8월,18,미부착 ,,내부확인 필요,공공누리 2~4유형,,,,O,,,,외부 연구진 포함,"별도의 지침, 계약서 확인불가"
68,국회기록보존소 ,home>국회기록물>국회간행물,국회간행물,국회도서관보(1992년 5·6월),,1992년 5·6월,18,미부착 ,,내부확인 필요,공공누리 2~4유형,,,,O,,,,외부 연구진 포함,"별도의 지침, 계약서 확인불가"
69,국회기록보존소 ,home>국회기록물>국회간행물,국회간행물,국회도서관보(1992년 3·4월),,1992년 3·4월,18,미부착 ,,내부확인 필요,공공누리 2~4유형,,,,O,,,,외부 연구진 포함,"별도의 지침, 계약서 확인불가"
70,국회기록보존소 ,home>국회기록물>국회간행물,국회간행물,국회도서관보(1992년 1·2월),,1992년 1·2월,18,미부착 ,,내부확인 필요,공공누리 2~4유형,,,,O,,,,외부 연구진 포함,"별도의 지침, 계약서 확인불가"
71,국회기록보존소 ,home>국회기록물>국회간행물,국회간행물,국회도서관보(1991년 11·12월),,1991년 11·12월,18,미부착 ,,내부확인 필요,공공누리 2~4유형,,,,O,,,,외부 연구진 포함,"별도의 지침, 계약서 확인불가"
72,국회기록보존소 ,home>국회기록물>국회간행물,국회간행물,국회도서관보(1991년 9·10월),,1991년 9·10월,18,미부착 ,,내부확인 필요,공공누리 2~4유형,,,,O,,,,외부 연구진 포함,"별도의 지침, 계약서 확인불가"
73,국회기록보존소 ,home>국회기록물>국회간행물,국회간행물,국회도서관보(1991년 7·8월),,1991년 7·8월,18,미부착 ,,내부확인 필요,공공누리 2~4유형,,,,O,,,,외부 연구진 포함,"별도의 지침, 계약서 확인불가"
74,국회기록보존소 ,home>국회기록물>국회간행물,국회간행물,국회도서관보(1991년 5·6월),,1991년 5·6월,18,미부착 ,,내부확인 필요,공공누리 2~4유형,,,,O,,,,외부 연구진 포함,"별도의 지침, 계약서 확인불가"
75,국회기록보존소 ,home>국회기록물>국회간행물,국회간행물,국회도서관보(1991년 3·4월),,1991년 3·4월,18,미부착 ,,내부확인 필요,공공누리 2~4유형,,,,O,,,,외부 연구진 포함,"별도의 지침, 계약서 확인불가"
76,국회기록보존소 ,home>국회기록물>국회간행물,국회간행물,국회도서관보(1991년 1·2월),,1991년 1·2월,18,미부착 ,,내부확인 필요,공공누리 2~4유형,,,,O,,,,외부 연구진 포함,"별도의 지침, 계약서 확인불가"
77,국회기록보존소 ,home>국회기록물>국회간행물,국회간행물,국회도서관보(1990년 11·12월),,1990년 11·12월,18,미부착 ,,내부확인 필요,공공누리 2~4유형,,,,O,,,,외부 연구진 포함,"별도의 지침, 계약서 확인불가"
78,국회기록보존소 ,home>국회기록물>국회간행물,국회간행물,국회도서관보(1990년 9·10월),,1990년 9·10월,18,미부착 ,,내부확인 필요,공공누리 2~4유형,,,,O,,,,외부 연구진 포함,"별도의 지침, 계약서 확인불가"
79,국회기록보존소 ,home>국회기록물>국회간행물,국회간행물,국회도서관보(1990년 7·8월),,1990년 7·8월,18,미부착 ,,내부확인 필요,공공누리 2~4유형,,,,O,,,,외부 연구진 포함,"별도의 지침, 계약서 확인불가"
80,국회기록보존소 ,home>국회기록물>국회간행물,국회간행물,국회도서관보(1990년 5·6월),,1990년 5·6월,18,미부착 ,,내부확인 필요,공공누리 2~4유형,,,,O,,,,외부 연구진 포함,"별도의 지침, 계약서 확인불가"
81,국회기록보존소 ,home>국회기록물>국회간행물,국회간행물,국회도서관보(1990년 3·4월),,1990년 3·4월,18,미부착 ,,내부확인 필요,공공누리 2~4유형,,,,O,,,,외부 연구진 포함,"별도의 지침, 계약서 확인불가"
82,국회기록보존소 ,home>국회기록물>국회간행물,국회간행물,국회도서관보(1990년 1·2월),,1990년 1·2월,18,미부착 ,,내부확인 필요,공공누리 2~4유형,,,,O,,,,외부 연구진 포함,"별도의 지침, 계약서 확인불가"
83,국회기록보존소 ,home>국회기록물>국회간행물,국회간행물,국회도서관보(1989년 11·12월),,1989년 11·12월,18,미부착 ,,내부확인 필요,공공누리 2~4유형,,,,O,,,,외부 연구진 포함,"별도의 지침, 계약서 확인불가"
84,국회기록보존소 ,home>국회기록물>국회간행물,국회간행물,국회도서관보(1989년 9·10월),,1989년 9·10월,18,미부착 ,,내부확인 필요,공공누리 2~4유형,,,,O,,,,외부 연구진 포함,"별도의 지침, 계약서 확인불가"
85,국회기록보존소 ,home>국회기록물>국회간행물,국회간행물,국회도서관보(1989년 7·8월),,1989년 7·8월,18,미부착 ,,내부확인 필요,공공누리 2~4유형,,,,O,,,,외부 연구진 포함,"별도의 지침, 계약서 확인불가"
86,국회기록보존소 ,home>국회기록물>국회간행물,국회간행물,국회도서관보(1989년 5·6월),,1989년 5·6월,18,미부착 ,,내부확인 필요,공공누리 2~4유형,,,,O,,,,외부 연구진 포함,"별도의 지침, 계약서 확인불가"
87,국회기록보존소 ,home>국회기록물>국회간행물,국회간행물,국회도서관보(1989년 3·4월),,1989년 3·4월,18,미부착 ,,내부확인 필요,공공누리 2~4유형,,,,O,,,,외부 연구진 포함,"별도의 지침, 계약서 확인불가"
88,국회기록보존소 ,home>국회기록물>국회간행물,국회간행물,국회도서관보(1989년 1·2월),,1989년 1·2월,18,미부착 ,,내부확인 필요,공공누리 2~4유형,,,,O,,,,외부 연구진 포함,"별도의 지침, 계약서 확인불가"
89,국회기록보존소 ,home>국회기록물>국회간행물,국회간행물,국회도서관보(1988년 11·12월),,1988년 11·12월,18,미부착 ,,내부확인 필요,공공누리 2~4유형,,,,O,,,,외부 연구진 포함,"별도의 지침, 계약서 확인불가"
90,국회기록보존소 ,home>국회기록물>국회간행물,국회간행물,국회도서관보(1988년 9·10월),,1988년 9·10월,18,미부착 ,,내부확인 필요,공공누리 2~4유형,,,,O,,,,외부 연구진 포함,"별도의 지침, 계약서 확인불가"
91,국회기록보존소 ,home>국회기록물>국회간행물,국회간행물,국회도서관보(1988년 7·8월),,1988년 7·8월,18,미부착 ,,내부확인 필요,공공누리 2~4유형,,,,O,,,,외부 연구진 포함,"별도의 지침, 계약서 확인불가"
92,국회기록보존소 ,home>국회기록물>국회간행물,국회간행물,국회도서관보(1988년 5·6월),,1988년 5·6월,18,미부착 ,,내부확인 필요,공공누리 2~4유형,,,,O,,,,외부 연구진 포함,"별도의 지침, 계약서 확인불가"
93,국회기록보존소 ,home>국회기록물>국회간행물,국회간행물,국회도서관보(1988년 3·4월),,1988년 3·4월,18,미부착 ,,내부확인 필요,공공누리 2~4유형,,,,O,,,,외부 연구진 포함,"별도의 지침, 계약서 확인불가"
94,국회기록보존소 ,home>국회기록물>국회간행물,국회간행물,국회도서관보(1988년 1·2월),,1988년 1·2월,18,미부착 ,,내부확인 필요,공공누리 2~4유형,,,,O,,,,외부 연구진 포함,"별도의 지침, 계약서 확인불가"
95,국회기록보존소 ,home>국회기록물>국회간행물,국회간행물,국회도서관보(1987년 11·12월),,1987년 11·12월,18,미부착 ,,내부확인 필요,공공누리 2~4유형,,,,O,,,,외부 연구진 포함,"별도의 지침, 계약서 확인불가"
96,국회기록보존소 ,home>국회기록물>국회간행물,국회간행물,국회도서관보(1987년 9·10월),,1987년 9·10월,18,미부착 ,,내부확인 필요,공공누리 2~4유형,,,,O,,,,외부 연구진 포함,"별도의 지침, 계약서 확인불가"
97,국회기록보존소 ,home>국회기록물>국회간행물,국회간행물,국회도서관보(1987년 7·8월),,1987년 7·8월,18,미부착 ,,내부확인 필요,공공누리 2~4유형,,,,O,,,,외부 연구진 포함,"별도의 지침, 계약서 확인불가"
98,국회기록보존소 ,home>국회기록물>국회간행물,국회간행물,국회도서관보(1987년 5·6월),,1987년 5·6월,18,미부착 ,,내부확인 필요,공공누리 2~4유형,,,,O,,,,외부 연구진 포함,"별도의 지침, 계약서 확인불가"
99,국회기록보존소 ,home>국회기록물>국회간행물,국회간행물,국회도서관보(1987년 3·4월),,1987년 3·4월,18,미부착 ,,내부확인 필요,공공누리 2~4유형,,,,O,,,,외부 연구진 포함,"별도의 지침, 계약서 확인불가"
100,국회기록보존소 ,home>국회기록물>국회간행물,국회간행물,국회도서관보(1987년 1·2월),,1987년 1·2월,18,미부착 ,,내부확인 필요,공공누리 2~4유형,,,,O,,,,외부 연구진 포함,"별도의 지침, 계약서 확인불가"
101,국회기록보존소 ,home>국회기록물>국회간행물,국회간행물,국회도서관보(1986년 11·12월),,1986년 11·12월,18,미부착 ,,내부확인 필요,공공누리 2~4유형,,,,O,,,,외부 연구진 포함,"별도의 지침, 계약서 확인불가"
102,국회기록보존소 ,home>국회기록물>국회간행물,국회간행물,국회도서관보(1986년 9·10월),,1986년 9·10월,18,미부착 ,,내부확인 필요,공공누리 2~4유형,,,,O,,,,외부 연구진 포함,"별도의 지침, 계약서 확인불가"
103,국회기록보존소 ,home>국회기록물>국회간행물,국회간행물,국회도서관보(1986년 7·8월),,1986년 7·8월,18,미부착 ,,내부확인 필요,공공누리 2~4유형,,,,O,,,,외부 연구진 포함,"별도의 지침, 계약서 확인불가"
104,국회기록보존소 ,home>국회기록물>국회간행물,국회간행물,국회도서관보(1986년 5·6월),,1986년 5·6월,18,미부착 ,,내부확인 필요,공공누리 2~4유형,,,,O,,,,외부 연구진 포함,"별도의 지침, 계약서 확인불가"
105,국회기록보존소 ,home>국회기록물>국회간행물,국회간행물,국회도서관보(1986년 3·4월),,1986년 3·4월,18,미부착 ,,내부확인 필요,공공누리 2~4유형,,,,O,,,,외부 연구진 포함,"별도의 지침, 계약서 확인불가"
106,국회기록보존소 ,home>국회기록물>국회간행물,국회간행물,국회도서관보(1986년 1·2월),,1986년 1·2월,18,미부착 ,,내부확인 필요,공공누리 2~4유형,,,,O,,,,외부 연구진 포함,"별도의 지침, 계약서 확인불가"
107,국회기록보존소 ,home>국회기록물>국회간행물,국회간행물,국회도서관보(1985년 11·12월),,1985년 11·12월,18,미부착 ,,내부확인 필요,공공누리 2~4유형,,,,O,,,,외부 연구진 포함,"별도의 지침, 계약서 확인불가"
108,국회기록보존소 ,home>국회기록물>국회간행물,국회간행물,국회도서관보(1985년 9·10월),,1985년 9·10월,18,미부착 ,,내부확인 필요,공공누리 2~4유형,,,,O,,,,외부 연구진 포함,"별도의 지침, 계약서 확인불가"
109,국회기록보존소 ,home>국회기록물>국회간행물,국회간행물,국회도서관보(1985년 7·8월),,1985년 7·8월,18,미부착 ,,내부확인 필요,공공누리 2~4유형,,,,O,,,,외부 연구진 포함,"별도의 지침, 계약서 확인불가"
110,국회기록보존소 ,home>국회기록물>국회간행물,국회간행물,국회도서관보(1985년 5·6월),,1985년 5·6월,18,미부착 ,,내부확인 필요,공공누리 2~4유형,,,,O,,,,외부 연구진 포함,"별도의 지침, 계약서 확인불가"
111,국회기록보존소 ,home>국회기록물>국회간행물,국회간행물,국회도서관보(1985년 3·4월),,1985년 3·4월,18,미부착 ,,내부확인 필요,공공누리 2~4유형,,,,O,,,,외부 연구진 포함,"별도의 지침, 계약서 확인불가"
112,국회기록보존소 ,home>국회기록물>국회간행물,국회간행물,국회도서관보(1985년 1·2월),,1985년 1·2월,18,미부착 ,,내부확인 필요,공공누리 2~4유형,,,,O,,,,외부 연구진 포함,"별도의 지침, 계약서 확인불가"
113,국회기록보존소 ,home>국회기록물>국회간행물,국회간행물,국회도서관보(1984년 12월),,1984년 12월,18,미부착 ,,내부확인 필요,공공누리 2~4유형,,,,O,,,,외부 연구진 포함,"별도의 지침, 계약서 확인불가"
114,국회기록보존소 ,home>국회기록물>국회간행물,국회간행물,국회도서관보(1984년 10·11월),,1984년 10·11월,18,미부착 ,,내부확인 필요,공공누리 2~4유형,,,,O,,,,외부 연구진 포함,"별도의 지침, 계약서 확인불가"
115,국회기록보존소 ,home>국회기록물>국회간행물,국회간행물,국회도서관보(1984년 8·9월),,1984년 8·9월,18,미부착 ,,내부확인 필요,공공누리 2~4유형,,,,O,,,,외부 연구진 포함,"별도의 지침, 계약서 확인불가"
116,국회기록보존소 ,home>국회기록물>국회간행물,국회간행물,국회도서관보(1984년 6·7월),,1984년 6·7월,18,미부착 ,,내부확인 필요,공공누리 2~4유형,,,,O,,,,외부 연구진 포함,"별도의 지침, 계약서 확인불가"
117,국회기록보존소 ,home>국회기록물>국회간행물,국회간행물,국회도서관보(1984년 5월),,1984년 5월,18,미부착 ,,내부확인 필요,공공누리 2~4유형,,,,O,,,,외부 연구진 포함,"별도의 지침, 계약서 확인불가"
118,국회기록보존소 ,home>국회기록물>국회간행물,국회간행물,국회도서관보(1984년 3·4월),,1984년 3·4월,18,미부착 ,,내부확인 필요,공공누리 2~4유형,,,,O,,,,외부 연구진 포함,"별도의 지침, 계약서 확인불가"
119,국회기록보존소 ,home>국회기록물>국회간행물,국회간행물,국회도서관보(1984년 1·2월),,1984년 1·2월,18,미부착 ,,내부확인 필요,공공누리 2~4유형,,,,O,,,,외부 연구진 포함,"별도의 지침, 계약서 확인불가"
120,국회기록보존소 ,home>국회기록물>국회간행물,국회간행물,국회도서관보(1983년 11·12월),,1983년 11·12월,18,미부착 ,,내부확인 필요,공공누리 2~4유형,,,,O,,,,외부 연구진 포함,"별도의 지침, 계약서 확인불가"
121,국회기록보존소 ,home>국회기록물>국회간행물,국회간행물,국회도서관보(1983년 9·10월),,1983년 9·10월,18,미부착 ,,내부확인 필요,공공누리 2~4유형,,,,O,,,,외부 연구진 포함,"별도의 지침, 계약서 확인불가"
122,국회기록보존소 ,home>국회기록물>국회간행물,국회간행물,국회도서관보(1983년 8월),,1983년 8월,18,미부착 ,,내부확인 필요,공공누리 2~4유형,,,,O,,,,외부 연구진 포함,"별도의 지침, 계약서 확인불가"
123,국회기록보존소 ,home>국회기록물>국회간행물,국회간행물,국회도서관보(1983년 7월),,1983년 7월,18,미부착 ,,내부확인 필요,공공누리 2~4유형,,,,O,,,,외부 연구진 포함,"별도의 지침, 계약서 확인불가"
124,국회기록보존소 ,home>국회기록물>국회간행물,국회간행물,국회도서관보(1983년 6월),,1983년 6월,18,미부착 ,,내부확인 필요,공공누리 2~4유형,,,,O,,,,외부 연구진 포함,"별도의 지침, 계약서 확인불가"
125,국회기록보존소 ,home>국회기록물>국회간행물,국회간행물,국회도서관보(1983년 4·5월),,1983년 4·5월,18,미부착 ,,내부확인 필요,공공누리 2~4유형,,,,O,,,,외부 연구진 포함,"별도의 지침, 계약서 확인불가"
126,국회기록보존소 ,home>국회기록물>국회간행물,국회간행물,국회도서관보(1983년 3월),,1983년 3월,18,미부착 ,,내부확인 필요,공공누리 2~4유형,,,,O,,,,외부 연구진 포함,"별도의 지침, 계약서 확인불가"
127,국회기록보존소 ,home>국회기록물>국회간행물,국회간행물,국회도서관보(1983년 1·2월),,1983년 1·2월,18,미부착 ,,내부확인 필요,공공누리 2~4유형,,,,O,,,,외부 연구진 포함,"별도의 지침, 계약서 확인불가"
128,국회기록보존소 ,home>국회기록물>국회간행물,국회간행물,국회도서관보(1982년 11·12월),,1982년 11·12월,18,미부착 ,,내부확인 필요,공공누리 2~4유형,,,,O,,,,외부 연구진 포함,"별도의 지침, 계약서 확인불가"
129,국회기록보존소 ,home>국회기록물>국회간행물,국회간행물,국회도서관보(1982년 9·10월),,1982년 9·10월,18,미부착 ,,내부확인 필요,공공누리 2~4유형,,,,O,,,,외부 연구진 포함,"별도의 지침, 계약서 확인불가"
130,국회기록보존소 ,home>국회기록물>국회간행물,국회간행물,국회도서관보(1982년 7·8월),,1982년 7·8월,18,미부착 ,,내부확인 필요,공공누리 2~4유형,,,,O,,,,외부 연구진 포함,"별도의 지침, 계약서 확인불가"
131,국회기록보존소 ,home>국회기록물>국회간행물,국회간행물,국회도서관보(1982년 5·6월),,1982년 5·6월,18,미부착 ,,내부확인 필요,공공누리 2~4유형,,,,O,,,,외부 연구진 포함,"별도의 지침, 계약서 확인불가"
132,국회기록보존소 ,home>국회기록물>국회간행물,국회간행물,국회도서관보(1982년 3·4월),,1982년 3·4월,18,미부착 ,,내부확인 필요,공공누리 2~4유형,,,,O,,,,외부 연구진 포함,"별도의 지침, 계약서 확인불가"
133,국회기록보존소 ,home>국회기록물>국회간행물,국회간행물,국회도서관보(1982년 1·2월),,1982년 1·2월,18,미부착 ,,내부확인 필요,공공누리 2~4유형,,,,O,,,,외부 연구진 포함,"별도의 지침, 계약서 확인불가"
134,국회기록보존소 ,home>국회기록물>국회간행물,국회간행물,국회도서관보(1981년 11·12월),,1981년 11·12월,18,미부착 ,,내부확인 필요,공공누리 2~4유형,,,,O,,,,외부 연구진 포함,"별도의 지침, 계약서 확인불가"
135,국회기록보존소 ,home>국회기록물>국회간행물,국회간행물,국회도서관보(1981년 10월),,1981년 10월,18,미부착 ,,내부확인 필요,공공누리 2~4유형,,,,O,,,,외부 연구진 포함,"별도의 지침, 계약서 확인불가"
136,국회기록보존소 ,home>국회기록물>국회간행물,국회간행물,국회도서관보(1981년 9월),,1981년 9월,18,미부착 ,,내부확인 필요,공공누리 2~4유형,,,,O,,,,외부 연구진 포함,"별도의 지침, 계약서 확인불가"
137,국회기록보존소 ,home>국회기록물>국회간행물,국회간행물,국회도서관보(1981년 7·8월),,1981년 7·8월,18,미부착 ,,내부확인 필요,공공누리 2~4유형,,,,O,,,,외부 연구진 포함,"별도의 지침, 계약서 확인불가"
138,국회기록보존소 ,home>국회기록물>국회간행물,국회간행물,국회도서관보(1981년 5·6월),,1981년 5·6월,18,미부착 ,,내부확인 필요,공공누리 2~4유형,,,,O,,,,외부 연구진 포함,"별도의 지침, 계약서 확인불가"
139,국회기록보존소 ,home>국회기록물>국회간행물,국회간행물,국회도서관보(1981년 4월),,1981년 4월,18,미부착 ,,내부확인 필요,공공누리 2~4유형,,,,O,,,,외부 연구진 포함,"별도의 지침, 계약서 확인불가"
140,국회기록보존소 ,home>국회기록물>국회간행물,국회간행물,국회도서관보(1981년 1·2월 2호),,1981년 1·2월 2호,18,미부착 ,,내부확인 필요,공공누리 2~4유형,,,,O,,,,외부 연구진 포함,"별도의 지침, 계약서 확인불가"
141,국회기록보존소 ,home>국회기록물>국회간행물,국회간행물,국회도서관보(1980년 12월 1호),,1980년 12월 1호,18,미부착 ,,내부확인 필요,공공누리 2~4유형,,,,O,,,,외부 연구진 포함,"별도의 지침, 계약서 확인불가"
142,국회기록보존소 ,home>국회기록물>국회간행물,국회간행물,국회도서관보(1980년 9·10월),,1980년 9·10월,18,미부착 ,,내부확인 필요,공공누리 2~4유형,,,,O,,,,외부 연구진 포함,"별도의 지침, 계약서 확인불가"
143,국회기록보존소 ,home>국회기록물>국회간행물,국회간행물,국회도서관보(1980년 7·8월),,1980년 7·8월,18,미부착 ,,내부확인 필요,공공누리 2~4유형,,,,O,,,,외부 연구진 포함,"별도의 지침, 계약서 확인불가"
144,국회기록보존소 ,home>국회기록물>국회간행물,국회간행물,국회도서관보(1980년 5·6월),,1980년 5·6월,18,미부착 ,,내부확인 필요,공공누리 2~4유형,,,,O,,,,외부 연구진 포함,"별도의 지침, 계약서 확인불가"
145,국회기록보존소 ,home>국회기록물>국회간행물,국회간행물,국회도서관보(1980년 3·4월),,1980년 3·4월,18,미부착 ,,내부확인 필요,공공누리 2~4유형,,,,O,,,,외부 연구진 포함,"별도의 지침, 계약서 확인불가"
146,국회기록보존소 ,home>국회기록물>국회간행물,국회간행물,국회도서관보(1980년 1·2월),,1980년 1·2월,18,미부착 ,,내부확인 필요,공공누리 2~4유형,,,,O,,,,외부 연구진 포함,"별도의 지침, 계약서 확인불가"
147,국회기록보존소 ,home>국회기록물>국회간행물,국회간행물,국회도서관보(1979년 12월),,1979년 12월,18,미부착 ,,내부확인 필요,공공누리 2~4유형,,,,O,,,,외부 연구진 포함,"별도의 지침, 계약서 확인불가"
148,국회기록보존소 ,home>국회기록물>국회간행물,국회간행물,국회도서관보(1979년 10·11월),,1979년 10·11월,18,미부착 ,,내부확인 필요,공공누리 2~4유형,,,,O,,,,외부 연구진 포함,"별도의 지침, 계약서 확인불가"
149,국회기록보존소 ,home>국회기록물>국회간행물,국회간행물,국회도서관보(1979년 8·9월),,1979년 8·9월,18,미부착 ,,내부확인 필요,공공누리 2~4유형,,,,O,,,,외부 연구진 포함,"별도의 지침, 계약서 확인불가"
150,국회기록보존소 ,home>국회기록물>국회간행물,국회간행물,국회도서관보(1979년 6·7월),,1979년 6·7월,18,미부착 ,,내부확인 필요,공공누리 2~4유형,,,,O,,,,외부 연구진 포함,"별도의 지침, 계약서 확인불가"
151,국회기록보존소 ,home>국회기록물>국회간행물,국회간행물,국회도서관보(1979년 5월),,1979년 5월,18,미부착 ,,내부확인 필요,공공누리 2~4유형,,,,O,,,,외부 연구진 포함,"별도의 지침, 계약서 확인불가"
152,국회기록보존소 ,home>국회기록물>국회간행물,국회간행물,국회도서관보(1979년 4월),,1979년 4월,18,미부착 ,,내부확인 필요,공공누리 2~4유형,,,,O,,,,외부 연구진 포함,"별도의 지침, 계약서 확인불가"
153,국회기록보존소 ,home>국회기록물>국회간행물,국회간행물,국회도서관보(1979년 3월),,1979년 3월,18,미부착 ,,내부확인 필요,공공누리 2~4유형,,,,O,,,,외부 연구진 포함,"별도의 지침, 계약서 확인불가"
154,국회기록보존소 ,home>국회기록물>국회간행물,국회간행물,국회도서관보(1979년 1·2월),,1979년 1·2월,18,미부착 ,,내부확인 필요,공공누리 2~4유형,,,,O,,,,외부 연구진 포함,"별도의 지침, 계약서 확인불가"
155,국회기록보존소 ,home>국회기록물>국회간행물,국회간행물,국회도서관보(1978년 11·12월),,1978년 11·12월,18,미부착 ,,내부확인 필요,공공누리 2~4유형,,,,O,,,,외부 연구진 포함,"별도의 지침, 계약서 확인불가"
156,국회기록보존소 ,home>국회기록물>국회간행물,국회간행물,국회도서관보(1978년 10월),,1978년 10월,18,미부착 ,,내부확인 필요,공공누리 2~4유형,,,,O,,,,외부 연구진 포함,"별도의 지침, 계약서 확인불가"
157,국회기록보존소 ,home>국회기록물>국회간행물,국회간행물,국회도서관보(1978년 8·9월),,1978년 8·9월,18,미부착 ,,내부확인 필요,공공누리 2~4유형,,,,O,,,,외부 연구진 포함,"별도의 지침, 계약서 확인불가"
158,국회기록보존소 ,home>국회기록물>국회간행물,국회간행물,국회도서관보(1978년 7월),,1978년 7월,18,미부착 ,,내부확인 필요,공공누리 2~4유형,,,,O,,,,외부 연구진 포함,"별도의 지침, 계약서 확인불가"
159,국회기록보존소 ,home>국회기록물>국회간행물,국회간행물,국회도서관보(1978년 6월),,1978년 6월,18,미부착 ,,내부확인 필요,공공누리 2~4유형,,,,O,,,,외부 연구진 포함,"별도의 지침, 계약서 확인불가"
160,국회기록보존소 ,home>국회기록물>국회간행물,국회간행물,국회도서관보(1978년 5월),,1978년 5월,18,미부착 ,,내부확인 필요,공공누리 2~4유형,,,,O,,,,외부 연구진 포함,"별도의 지침, 계약서 확인불가"
161,국회기록보존소 ,home>국회기록물>국회간행물,국회간행물,국회도서관보(1978년 4월),,1978년 4월,18,미부착 ,,내부확인 필요,공공누리 2~4유형,,,,O,,,,외부 연구진 포함,"별도의 지침, 계약서 확인불가"
162,국회기록보존소 ,home>국회기록물>국회간행물,국회간행물,국회도서관보(1978년 3월),,1978년 3월,18,미부착 ,,내부확인 필요,공공누리 2~4유형,,,,O,,,,외부 연구진 포함,"별도의 지침, 계약서 확인불가"
163,국회기록보존소 ,home>국회기록물>국회간행물,국회간행물,국회도서관보(1978년 1·2월),,1978년 1·2월,18,미부착 ,,내부확인 필요,공공누리 2~4유형,,,,O,,,,외부 연구진 포함,"별도의 지침, 계약서 확인불가"
164,국회기록보존소 ,home>국회기록물>국회간행물,국회간행물,국회도서관보(1977년 11·12월),,1977년 11·12월,18,미부착 ,,내부확인 필요,공공누리 2~4유형,,,,O,,,,외부 연구진 포함,"별도의 지침, 계약서 확인불가"
165,국회기록보존소 ,home>국회기록물>국회간행물,국회간행물,국회도서관보(1977년 10월),,1977년 10월,18,미부착 ,,내부확인 필요,공공누리 2~4유형,,,,O,,,,외부 연구진 포함,"별도의 지침, 계약서 확인불가"
166,국회기록보존소 ,home>국회기록물>국회간행물,국회간행물,국회도서관보(1977년 8·9월),,1977년 8·9월,18,미부착 ,,내부확인 필요,공공누리 2~4유형,,,,O,,,,외부 연구진 포함,"별도의 지침, 계약서 확인불가"
167,국회기록보존소 ,home>국회기록물>국회간행물,국회간행물,국회도서관보(1977년 6·7월),,1977년 6·7월,18,미부착 ,,내부확인 필요,공공누리 2~4유형,,,,O,,,,외부 연구진 포함,"별도의 지침, 계약서 확인불가"
168,국회기록보존소 ,home>국회기록물>국회간행물,국회간행물,국회도서관보(1977년 4·5월),,1977년 4·5월,18,미부착 ,,내부확인 필요,공공누리 2~4유형,,,,O,,,,외부 연구진 포함,"별도의 지침, 계약서 확인불가"
169,국회기록보존소 ,home>국회기록물>국회간행물,국회간행물,국회도서관보(1977년 3월),,1977년 3월,18,미부착 ,,내부확인 필요,공공누리 2~4유형,,,,O,,,,외부 연구진 포함,"별도의 지침, 계약서 확인불가"
170,국회기록보존소 ,home>국회기록물>국회간행물,국회간행물,국회도서관보(1977년 1·2월),,1977년 1·2월,18,미부착 ,,내부확인 필요,공공누리 2~4유형,,,,O,,,,외부 연구진 포함,"별도의 지침, 계약서 확인불가"
171,국회기록보존소 ,home>국회기록물>국회간행물,국회간행물,국회도서관보(1976년 11·12월),,1976년 11·12월,18,미부착 ,,내부확인 필요,공공누리 2~4유형,,,,O,,,,외부 연구진 포함,"별도의 지침, 계약서 확인불가"
172,국회기록보존소 ,home>국회기록물>국회간행물,국회간행물,국회도서관보(1976년 10월),,1976년 10월,18,미부착 ,,내부확인 필요,공공누리 2~4유형,,,,O,,,,외부 연구진 포함,"별도의 지침, 계약서 확인불가"
173,국회기록보존소 ,home>국회기록물>국회간행물,국회간행물,국회도서관보(1976년 9월),,1976년 9월,18,미부착 ,,내부확인 필요,공공누리 2~4유형,,,,O,,,,외부 연구진 포함,"별도의 지침, 계약서 확인불가"
174,국회기록보존소 ,home>국회기록물>국회간행물,국회간행물,국회도서관보(1976년 7·8월),,1976년 7·8월,18,미부착 ,,내부확인 필요,공공누리 2~4유형,,,,O,,,,외부 연구진 포함,"별도의 지침, 계약서 확인불가"
175,국회기록보존소 ,home>국회기록물>국회간행물,국회간행물,국회도서관보(1976년 6월),,1976년 6월,18,미부착 ,,내부확인 필요,공공누리 2~4유형,,,,O,,,,외부 연구진 포함,"별도의 지침, 계약서 확인불가"
176,국회기록보존소 ,home>국회기록물>국회간행물,국회간행물,국회도서관보(1976년 5월),,1976년 5월,18,미부착 ,,내부확인 필요,공공누리 2~4유형,,,,O,,,,외부 연구진 포함,"별도의 지침, 계약서 확인불가"
177,국회기록보존소 ,home>국회기록물>국회간행물,국회간행물,국회도서관보(1976년 3·4월),,1976년 3·4월,18,미부착 ,,내부확인 필요,공공누리 2~4유형,,,,O,,,,외부 연구진 포함,"별도의 지침, 계약서 확인불가"
178,국회기록보존소 ,home>국회기록물>국회간행물,국회간행물,국회도서관보(1976년 1·2월),,1976년 1·2월,18,미부착 ,,내부확인 필요,공공누리 2~4유형,,,,O,,,,외부 연구진 포함,"별도의 지침, 계약서 확인불가"
179,국회기록보존소 ,home>국회기록물>국회간행물,국회간행물,국회도서관보(1975년 12월),,1975년 12월,18,미부착 ,,내부확인 필요,공공누리 2~4유형,,,,O,,,,외부 연구진 포함,"별도의 지침, 계약서 확인불가"
180,국회기록보존소 ,home>국회기록물>국회간행물,국회간행물,국회도서관보(1975년 10·11월),,1975년 10·11월,18,미부착 ,,내부확인 필요,공공누리 2~4유형,,,,O,,,,외부 연구진 포함,"별도의 지침, 계약서 확인불가"
181,국회기록보존소 ,home>국회기록물>국회간행물,국회간행물,국회도서관보(1975년 8·9월),,1975년 8·9월,18,미부착 ,,내부확인 필요,공공누리 2~4유형,,,,O,,,,외부 연구진 포함,"별도의 지침, 계약서 확인불가"
182,국회기록보존소 ,home>국회기록물>국회간행물,국회간행물,국회도서관보(1975년 6·7월),,1975년 6·7월,18,미부착 ,,내부확인 필요,공공누리 2~4유형,,,,O,,,,외부 연구진 포함,"별도의 지침, 계약서 확인불가"
183,국회기록보존소 ,home>국회기록물>국회간행물,국회간행물,국회도서관보(1975년 5월),,1975년 5월,18,미부착 ,,내부확인 필요,공공누리 2~4유형,,,,O,,,,외부 연구진 포함,"별도의 지침, 계약서 확인불가"
184,국회기록보존소 ,home>국회기록물>국회간행물,국회간행물,국회도서관보(1975년 4월),,1975년 4월,18,미부착 ,,내부확인 필요,공공누리 2~4유형,,,,O,,,,외부 연구진 포함,"별도의 지침, 계약서 확인불가"
185,국회기록보존소 ,home>국회기록물>국회간행물,국회간행물,국회도서관보(1975년 2·3월),,1975년 2·3월,18,미부착 ,,내부확인 필요,공공누리 2~4유형,,,,O,,,,외부 연구진 포함,"별도의 지침, 계약서 확인불가"
186,국회기록보존소 ,home>국회기록물>국회간행물,국회간행물,국회도서관보(1975년 1월),,1975년 1월,18,미부착 ,,내부확인 필요,공공누리 2~4유형,,,,O,,,,외부 연구진 포함,"별도의 지침, 계약서 확인불가"
187,국회기록보존소 ,home>국회기록물>국회간행물,국회간행물,국회도서관보(1974년 11·12월),,1974년 11·12월,18,미부착 ,,내부확인 필요,공공누리 2~4유형,,,,O,,,,외부 연구진 포함,"별도의 지침, 계약서 확인불가"
188,국회기록보존소 ,home>국회기록물>국회간행물,국회간행물,국회도서관보(1974년 9·10월),,1974년 9·10월,18,미부착 ,,내부확인 필요,공공누리 2~4유형,,,,O,,,,외부 연구진 포함,"별도의 지침, 계약서 확인불가"
189,국회기록보존소 ,home>국회기록물>국회간행물,국회간행물,국회도서관보(1974년 7·8월),,1974년 7·8월,18,미부착 ,,내부확인 필요,공공누리 2~4유형,,,,O,,,,외부 연구진 포함,"별도의 지침, 계약서 확인불가"
190,국회기록보존소 ,home>국회기록물>국회간행물,국회간행물,국회도서관보(1974년 5·6월),,1974년 5·6월,18,미부착 ,,내부확인 필요,공공누리 2~4유형,,,,O,,,,외부 연구진 포함,"별도의 지침, 계약서 확인불가"
191,국회기록보존소 ,home>국회기록물>국회간행물,국회간행물,국회도서관보(제100호 기념부록),,제100호 기념부록,18,미부착 ,,내부확인 필요,공공누리 2~4유형,,,,O,,,,외부 연구진 포함,"별도의 지침, 계약서 확인불가"
192,국회기록보존소 ,home>국회기록물>국회간행물,국회간행물,국회도서관보(1974년 4월),,1974년 4월,18,미부착 ,,내부확인 필요,공공누리 2~4유형,,,,O,,,,외부 연구진 포함,"별도의 지침, 계약서 확인불가"
193,국회기록보존소 ,home>국회기록물>국회간행물,국회간행물,국회도서관보(1974년 3월),,1974년 3월,18,미부착 ,,내부확인 필요,공공누리 2~4유형,,,,O,,,,외부 연구진 포함,"별도의 지침, 계약서 확인불가"
194,국회기록보존소 ,home>국회기록물>국회간행물,국회간행물,국회도서관보(1974년 2월),,1974년 2월,18,미부착 ,,내부확인 필요,공공누리 2~4유형,,,,O,,,,외부 연구진 포함,"별도의 지침, 계약서 확인불가"
195,국회기록보존소 ,home>국회기록물>국회간행물,국회간행물,국회도서관보(1974년 1월),,1974년 1월,18,미부착 ,,내부확인 필요,공공누리 2~4유형,,,,O,,,,외부 연구진 포함,"별도의 지침, 계약서 확인불가"
196,국회기록보존소 ,home>국회기록물>국회간행물,국회간행물,국회도서관보(1973년 12월),,1973년 12월,18,미부착 ,,내부확인 필요,공공누리 2~4유형,,,,O,,,,외부 연구진 포함,"별도의 지침, 계약서 확인불가"
197,국회기록보존소 ,home>국회기록물>국회간행물,국회간행물,국회도서관보(1973년 11월),,1973년 11월,18,미부착 ,,내부확인 필요,공공누리 2~4유형,,,,O,,,,외부 연구진 포함,"별도의 지침, 계약서 확인불가"
198,국회기록보존소 ,home>국회기록물>국회간행물,국회간행물,국회도서관보(1973년 10월),,1973년 10월,18,미부착 ,,내부확인 필요,공공누리 2~4유형,,,,O,,,,외부 연구진 포함,"별도의 지침, 계약서 확인불가"
199,국회기록보존소 ,home>국회기록물>국회간행물,국회간행물,국회도서관보(1973년 9월),,1973년 9월,18,미부착 ,,내부확인 필요,공공누리 2~4유형,,,,O,,,,외부 연구진 포함,"별도의 지침, 계약서 확인불가"
200,국회기록보존소 ,home>국회기록물>국회간행물,국회간행물,국회도서관보(1973년 8월),,1973년 8월,18,미부착 ,,내부확인 필요,공공누리 2~4유형,,,,O,,,,외부 연구진 포함,"별도의 지침, 계약서 확인불가"
201,국회기록보존소 ,home>국회기록물>국회간행물,국회간행물,국회도서관보(1973년 7월),,1973년 7월,18,미부착 ,,내부확인 필요,공공누리 2~4유형,,,,O,,,,외부 연구진 포함,"별도의 지침, 계약서 확인불가"
202,국회기록보존소 ,home>국회기록물>국회간행물,국회간행물,국회도서관보(1973년 6월),,1973년 6월,18,미부착 ,,내부확인 필요,공공누리 2~4유형,,,,O,,,,외부 연구진 포함,"별도의 지침, 계약서 확인불가"
203,국회기록보존소 ,home>국회기록물>국회간행물,국회간행물,국회도서관보(1973년 4·5월),,1973년 4·5월,18,미부착 ,,내부확인 필요,공공누리 2~4유형,,,,O,,,,외부 연구진 포함,"별도의 지침, 계약서 확인불가"
204,국회기록보존소 ,home>국회기록물>국회간행물,국회간행물,국회도서관보(1973년 3월),,1973년 3월,18,미부착 ,,내부확인 필요,공공누리 2~4유형,,,,O,,,,외부 연구진 포함,"별도의 지침, 계약서 확인불가"
205,국회기록보존소 ,home>국회기록물>국회간행물,국회간행물,국회도서관보(1973년 1·2월),,1973년 1·2월,18,미부착 ,,내부확인 필요,공공누리 2~4유형,,,,O,,,,외부 연구진 포함,"별도의 지침, 계약서 확인불가"
206,국회기록보존소 ,home>국회기록물>국회간행물,국회간행물,국회도서관보(1972년 11·12월),,1972년 11·12월,18,미부착 ,,내부확인 필요,공공누리 2~4유형,,,,O,,,,외부 연구진 포함,"별도의 지침, 계약서 확인불가"
207,국회기록보존소 ,home>국회기록물>국회간행물,국회간행물,국회도서관보(1972년 10월),,1972년 10월,18,미부착 ,,내부확인 필요,공공누리 2~4유형,,,,O,,,,외부 연구진 포함,"별도의 지침, 계약서 확인불가"
208,국회기록보존소 ,home>국회기록물>국회간행물,국회간행물,국회도서관보(1972년 8·9월),,1972년 8·9월,18,미부착 ,,내부확인 필요,공공누리 2~4유형,,,,O,,,,외부 연구진 포함,"별도의 지침, 계약서 확인불가"
209,국회기록보존소 ,home>국회기록물>국회간행물,국회간행물,국회도서관보(1972년 7월),,1972년 7월,18,미부착 ,,내부확인 필요,공공누리 2~4유형,,,,O,,,,외부 연구진 포함,"별도의 지침, 계약서 확인불가"
210,국회기록보존소 ,home>국회기록물>국회간행물,국회간행물,국회도서관보(1972년 5·6월),,1972년 5·6월,18,미부착 ,,내부확인 필요,공공누리 2~4유형,,,,O,,,,외부 연구진 포함,"별도의 지침, 계약서 확인불가"
211,국회기록보존소 ,home>국회기록물>국회간행물,국회간행물,국회도서관보(1972년 4월),,1972년 4월,18,미부착 ,,내부확인 필요,공공누리 2~4유형,,,,O,,,,외부 연구진 포함,"별도의 지침, 계약서 확인불가"
212,국회기록보존소 ,home>국회기록물>국회간행물,국회간행물,국회도서관보(1972년 3월),,1972년 3월,18,미부착 ,,내부확인 필요,공공누리 2~4유형,,,,O,,,,외부 연구진 포함,"별도의 지침, 계약서 확인불가"
213,국회기록보존소 ,home>국회기록물>국회간행물,국회간행물,국회도서관보(1972년 1·2월),,1972년 1·2월,18,미부착 ,,내부확인 필요,공공누리 2~4유형,,,,O,,,,외부 연구진 포함,"별도의 지침, 계약서 확인불가"
214,국회기록보존소 ,home>국회기록물>국회간행물,국회간행물,국회도서관보(1971년 12월),,1971년 12월,18,미부착 ,,내부확인 필요,공공누리 2~4유형,,,,O,,,,외부 연구진 포함,"별도의 지침, 계약서 확인불가"
215,국회기록보존소 ,home>국회기록물>국회간행물,국회간행물,국회도서관보(1971년 11월),,1971년 11월,18,미부착 ,,내부확인 필요,공공누리 2~4유형,,,,O,,,,외부 연구진 포함,"별도의 지침, 계약서 확인불가"
216,국회기록보존소 ,home>국회기록물>국회간행물,국회간행물,국회도서관보(1971년 10월),,1971년 10월,18,미부착 ,,내부확인 필요,공공누리 2~4유형,,,,O,,,,외부 연구진 포함,"별도의 지침, 계약서 확인불가"
217,국회기록보존소 ,home>국회기록물>국회간행물,국회간행물,국회도서관보(1971년 8·9월),,1971년 8·9월,18,미부착 ,,내부확인 필요,공공누리 2~4유형,,,,O,,,,외부 연구진 포함,"별도의 지침, 계약서 확인불가"
218,국회기록보존소 ,home>국회기록물>국회간행물,국회간행물,국회도서관보(1971년 6·7월),,1971년 6·7월,18,미부착 ,,내부확인 필요,공공누리 2~4유형,,,,O,,,,외부 연구진 포함,"별도의 지침, 계약서 확인불가"
219,국회기록보존소 ,home>국회기록물>국회간행물,국회간행물,국회도서관보(1971년 4·5월),,1971년 4·5월,18,미부착 ,,내부확인 필요,공공누리 2~4유형,,,,O,,,,외부 연구진 포함,"별도의 지침, 계약서 확인불가"
220,국회기록보존소 ,home>국회기록물>국회간행물,국회간행물,국회도서관보(1971년 3월),,1971년 3월,18,미부착 ,,내부확인 필요,공공누리 2~4유형,,,,O,,,,외부 연구진 포함,"별도의 지침, 계약서 확인불가"
221,국회기록보존소 ,home>국회기록물>국회간행물,국회간행물,국회도서관보(1971년 1·2월),,1971년 1·2월,18,미부착 ,,내부확인 필요,공공누리 2~4유형,,,,O,,,,외부 연구진 포함,"별도의 지침, 계약서 확인불가"
222,국회기록보존소 ,home>국회기록물>국회간행물,국회간행물,국회도서관보(1970년 11·12월),,1970년 11·12월,18,미부착 ,,내부확인 필요,공공누리 2~4유형,,,,O,,,,외부 연구진 포함,"별도의 지침, 계약서 확인불가"
223,국회기록보존소 ,home>국회기록물>국회간행물,국회간행물,국회도서관보(1970년 10월),,1970년 10월,18,미부착 ,,내부확인 필요,공공누리 2~4유형,,,,O,,,,외부 연구진 포함,"별도의 지침, 계약서 확인불가"
224,국회기록보존소 ,home>국회기록물>국회간행물,국회간행물,국회도서관보(1970년 8·9월),,1970년 8·9월,18,미부착 ,,내부확인 필요,공공누리 2~4유형,,,,O,,,,외부 연구진 포함,"별도의 지침, 계약서 확인불가"
225,국회기록보존소 ,home>국회기록물>국회간행물,국회간행물,국회도서관보(1970년 6·7월),,1970년 6·7월,18,미부착 ,,내부확인 필요,공공누리 2~4유형,,,,O,,,,외부 연구진 포함,"별도의 지침, 계약서 확인불가"
226,국회기록보존소 ,home>국회기록물>국회간행물,국회간행물,국회도서관보(1970년 5월),,1970년 5월,18,미부착 ,,내부확인 필요,공공누리 2~4유형,,,,O,,,,외부 연구진 포함,"별도의 지침, 계약서 확인불가"
227,국회기록보존소 ,home>국회기록물>국회간행물,국회간행물,국회도서관보(1970년 4월),,1970년 4월,18,미부착 ,,내부확인 필요,공공누리 2~4유형,,,,O,,,,외부 연구진 포함,"별도의 지침, 계약서 확인불가"
228,국회기록보존소 ,home>국회기록물>국회간행물,국회간행물,국회도서관보(1970년 3월),,1970년 3월,18,미부착 ,,내부확인 필요,공공누리 2~4유형,,,,O,,,,외부 연구진 포함,"별도의 지침, 계약서 확인불가"
229,국회기록보존소 ,home>국회기록물>국회간행물,국회간행물,국회도서관보(1970년 1·2월),,1970년 1·2월,18,미부착 ,,내부확인 필요,공공누리 2~4유형,,,,O,,,,외부 연구진 포함,"별도의 지침, 계약서 확인불가"
230,국회기록보존소 ,home>국회기록물>국회간행물,국회간행물,국회도서관보(1969년 12월),,1969년 12월,18,미부착 ,,내부확인 필요,공공누리 2~4유형,,,,O,,,,외부 연구진 포함,"별도의 지침, 계약서 확인불가"
231,국회기록보존소 ,home>국회기록물>국회간행물,국회간행물,국회도서관보(1969년 11월),,1969년 11월,18,미부착 ,,내부확인 필요,공공누리 2~4유형,,,,O,,,,외부 연구진 포함,"별도의 지침, 계약서 확인불가"
232,국회기록보존소 ,home>국회기록물>국회간행물,국회간행물,국회도서관보(1969년 10월),,1969년 10월,18,미부착 ,,내부확인 필요,공공누리 2~4유형,,,,O,,,,외부 연구진 포함,"별도의 지침, 계약서 확인불가"
233,국회기록보존소 ,home>국회기록물>국회간행물,국회간행물,국회도서관보(1969년 9월),,1969년 9월,18,미부착 ,,내부확인 필요,공공누리 2~4유형,,,,O,,,,외부 연구진 포함,"별도의 지침, 계약서 확인불가"
234,국회기록보존소 ,home>국회기록물>국회간행물,국회간행물,국회도서관보(1969년 7·8월),,1969년 7·8월,18,미부착 ,,내부확인 필요,공공누리 2~4유형,,,,O,,,,외부 연구진 포함,"별도의 지침, 계약서 확인불가"
235,국회기록보존소 ,home>국회기록물>국회간행물,국회간행물,국회도서관보(1969년 6월),,1969년 6월,18,미부착 ,,내부확인 필요,공공누리 2~4유형,,,,O,,,,외부 연구진 포함,"별도의 지침, 계약서 확인불가"
236,국회기록보존소 ,home>국회기록물>국회간행물,국회간행물,국회도서관보(1969년 5월),,1969년 5월,18,미부착 ,,내부확인 필요,공공누리 2~4유형,,,,O,,,,외부 연구진 포함,"별도의 지침, 계약서 확인불가"
237,국회기록보존소 ,home>국회기록물>국회간행물,국회간행물,국회도서관보(1969년 4월),,1969년 4월,18,미부착 ,,내부확인 필요,공공누리 2~4유형,,,,O,,,,외부 연구진 포함,"별도의 지침, 계약서 확인불가"
238,국회기록보존소 ,home>국회기록물>국회간행물,국회간행물,국회도서관보(1969년 3월),,1969년 3월,18,미부착 ,,내부확인 필요,공공누리 2~4유형,,,,O,,,,외부 연구진 포함,"별도의 지침, 계약서 확인불가"
239,국회기록보존소 ,home>국회기록물>국회간행물,국회간행물,국회도서관보(1969년 1·2월),,1969년 1·2월,18,미부착 ,,내부확인 필요,공공누리 2~4유형,,,,O,,,,외부 연구진 포함,"별도의 지침, 계약서 확인불가"
240,국회기록보존소 ,home>국회기록물>국회간행물,국회간행물,국회도서관보(1968년 11·12월),,1968년 11·12월,18,미부착 ,,내부확인 필요,공공누리 2~4유형,,,,O,,,,외부 연구진 포함,"별도의 지침, 계약서 확인불가"
241,국회기록보존소 ,home>국회기록물>국회간행물,국회간행물,국회도서관보(1968년 10월),,1968년 10월,18,미부착 ,,내부확인 필요,공공누리 2~4유형,,,,O,,,,외부 연구진 포함,"별도의 지침, 계약서 확인불가"
242,국회기록보존소 ,home>국회기록물>국회간행물,국회간행물,국회도서관보(1968년 9월),,1968년 9월,18,미부착 ,,내부확인 필요,공공누리 2~4유형,,,,O,,,,외부 연구진 포함,"별도의 지침, 계약서 확인불가"
243,국회기록보존소 ,home>국회기록물>국회간행물,국회간행물,국회도서관보(1968년 8월),,1968년 8월,18,미부착 ,,내부확인 필요,공공누리 2~4유형,,,,O,,,,외부 연구진 포함,"별도의 지침, 계약서 확인불가"
244,국회기록보존소 ,home>국회기록물>국회간행물,국회간행물,국회도서관보(1968년 7월),,1968년 7월,18,미부착 ,,내부확인 필요,공공누리 2~4유형,,,,O,,,,외부 연구진 포함,"별도의 지침, 계약서 확인불가"
245,국회기록보존소 ,home>국회기록물>국회간행물,국회간행물,국회도서관보(1968년 6월),,1968년 6월,18,미부착 ,,내부확인 필요,공공누리 2~4유형,,,,O,,,,외부 연구진 포함,"별도의 지침, 계약서 확인불가"
246,국회기록보존소 ,home>국회기록물>국회간행물,국회간행물,국회도서관보(1968년 4월),,1968년 4월,18,미부착 ,,내부확인 필요,공공누리 2~4유형,,,,O,,,,외부 연구진 포함,"별도의 지침, 계약서 확인불가"
247,국회기록보존소 ,home>국회기록물>국회간행물,국회간행물,국회도서관보(1968년 3월),,1968년 3월,18,미부착 ,,내부확인 필요,공공누리 2~4유형,,,,O,,,,외부 연구진 포함,"별도의 지침, 계약서 확인불가"
248,국회기록보존소 ,home>국회기록물>국회간행물,국회간행물,국회도서관보(1968년 2월),,1968년 2월,18,미부착 ,,내부확인 필요,공공누리 2~4유형,,,,O,,,,외부 연구진 포함,"별도의 지침, 계약서 확인불가"
249,국회기록보존소 ,home>국회기록물>국회간행물,국회간행물,국회도서관보(1968년 1월),,1968년 1월,18,미부착 ,,내부확인 필요,공공누리 2~4유형,,,,O,,,,외부 연구진 포함,"별도의 지침, 계약서 확인불가"
250,국회기록보존소 ,home>국회기록물>국회간행물,국회간행물,국회도서관보(1967년 12월),,1967년 12월,18,미부착 ,,내부확인 필요,공공누리 2~4유형,,,,O,,,,외부 연구진 포함,"별도의 지침, 계약서 확인불가"
251,국회기록보존소 ,home>국회기록물>국회간행물,국회간행물,국회도서관보(1967년 11월),,1967년 11월,18,미부착 ,,내부확인 필요,공공누리 2~4유형,,,,O,,,,외부 연구진 포함,"별도의 지침, 계약서 확인불가"
252,국회기록보존소 ,home>국회기록물>국회간행물,국회간행물,국회도서관보(1967년 10월),,1967년 10월,18,미부착 ,,내부확인 필요,공공누리 2~4유형,,,,O,,,,외부 연구진 포함,"별도의 지침, 계약서 확인불가"
253,국회기록보존소 ,home>국회기록물>국회간행물,국회간행물,국회도서관보(1967년 9월),,1967년 9월,18,미부착 ,,내부확인 필요,공공누리 2~4유형,,,,O,,,,외부 연구진 포함,"별도의 지침, 계약서 확인불가"
254,국회기록보존소 ,home>국회기록물>국회간행물,국회간행물,국회도서관보(1967년 8월),,1967년 8월,18,미부착 ,,내부확인 필요,공공누리 2~4유형,,,,O,,,,외부 연구진 포함,"별도의 지침, 계약서 확인불가"
255,국회기록보존소 ,home>국회기록물>국회간행물,국회간행물,국회도서관보(1967년 7월),,1967년 7월,18,미부착 ,,내부확인 필요,공공누리 2~4유형,,,,O,,,,외부 연구진 포함,"별도의 지침, 계약서 확인불가"
256,국회기록보존소 ,home>국회기록물>국회간행물,국회간행물,국회도서관보(1967년 6월),,1967년 6월,18,미부착 ,,내부확인 필요,공공누리 2~4유형,,,,O,,,,외부 연구진 포함,"별도의 지침, 계약서 확인불가"
257,국회기록보존소 ,home>국회기록물>국회간행물,국회간행물,국회도서관보(1967년 5월),,1967년 5월,18,미부착 ,,내부확인 필요,공공누리 2~4유형,,,,O,,,,외부 연구진 포함,"별도의 지침, 계약서 확인불가"
258,국회기록보존소 ,home>국회기록물>국회간행물,국회간행물,국회도서관보(1967년 4월),,1967년 4월,18,미부착 ,,내부확인 필요,공공누리 2~4유형,,,,O,,,,외부 연구진 포함,"별도의 지침, 계약서 확인불가"
259,국회기록보존소 ,home>국회기록물>국회간행물,국회간행물,국회도서관보(1967년 3월),,1967년 3월,18,미부착 ,,내부확인 필요,공공누리 2~4유형,,,,O,,,,외부 연구진 포함,"별도의 지침, 계약서 확인불가"
260,국회기록보존소 ,home>국회기록물>국회간행물,국회간행물,국회도서관보(1967년 2월),,1967년 2월,18,미부착 ,,내부확인 필요,공공누리 2~4유형,,,,O,,,,외부 연구진 포함,"별도의 지침, 계약서 확인불가"
261,국회기록보존소 ,home>국회기록물>국회간행물,국회간행물,국회도서관보(1967년 1월),,1967년 1월,18,미부착 ,,내부확인 필요,공공누리 2~4유형,,,,O,,,,외부 연구진 포함,"별도의 지침, 계약서 확인불가"
262,국회기록보존소 ,home>국회기록물>국회간행물,국회간행물,국회도서관보(1966년 12월),,1966년 12월,18,미부착 ,,내부확인 필요,공공누리 2~4유형,,,,O,,,,외부 연구진 포함,"별도의 지침, 계약서 확인불가"
263,국회기록보존소 ,home>국회기록물>국회간행물,국회간행물,국회도서관보(1966년 11월),,1966년 11월,18,미부착 ,,내부확인 필요,공공누리 2~4유형,,,,O,,,,외부 연구진 포함,"별도의 지침, 계약서 확인불가"
264,국회기록보존소 ,home>국회기록물>국회간행물,국회간행물,국회도서관보(1966년 10월),,1966년 10월,18,미부착 ,,내부확인 필요,공공누리 2~4유형,,,,O,,,,외부 연구진 포함,"별도의 지침, 계약서 확인불가"
265,국회기록보존소 ,home>국회기록물>국회간행물,국회간행물,국회도서관보(1966년 9월),,1966년 9월,18,미부착 ,,내부확인 필요,공공누리 2~4유형,,,,O,,,,외부 연구진 포함,"별도의 지침, 계약서 확인불가"
266,국회기록보존소 ,home>국회기록물>국회간행물,국회간행물,국회도서관보(1966년 8월),,1966년 8월,18,미부착 ,,내부확인 필요,공공누리 2~4유형,,,,O,,,,외부 연구진 포함,"별도의 지침, 계약서 확인불가"
267,국회기록보존소 ,home>국회기록물>국회간행물,국회간행물,국회도서관보(1966년 7월),,1966년 7월,18,미부착 ,,내부확인 필요,공공누리 2~4유형,,,,O,,,,외부 연구진 포함,"별도의 지침, 계약서 확인불가"
268,국회기록보존소 ,home>국회기록물>국회간행물,국회간행물,국회도서관보(1966년 6월),,1966년 6월,18,미부착 ,,내부확인 필요,공공누리 2~4유형,,,,O,,,,외부 연구진 포함,"별도의 지침, 계약서 확인불가"
269,국회기록보존소 ,home>국회기록물>국회간행물,국회간행물,국회도서관보(1966년 5월),,1966년 5월,18,미부착 ,,내부확인 필요,공공누리 2~4유형,,,,O,,,,외부 연구진 포함,"별도의 지침, 계약서 확인불가"
270,국회기록보존소 ,home>국회기록물>국회간행물,국회간행물,국회도서관보(1966년 4월),,1966년 4월,18,미부착 ,,내부확인 필요,공공누리 2~4유형,,,,O,,,,외부 연구진 포함,"별도의 지침, 계약서 확인불가"
271,국회기록보존소 ,home>국회기록물>국회간행물,국회간행물,국회도서관보(1966년 3월),,1966년 3월,18,미부착 ,,내부확인 필요,공공누리 2~4유형,,,,O,,,,외부 연구진 포함,"별도의 지침, 계약서 확인불가"
272,국회기록보존소 ,home>국회기록물>국회간행물,국회간행물,국회도서관보(1966년 1·2월),,1966년 1·2월,18,미부착 ,,내부확인 필요,공공누리 2~4유형,,,,O,,,,외부 연구진 포함,"별도의 지침, 계약서 확인불가"
273,국회기록보존소 ,home>국회기록물>국회간행물,국회간행물,국회도서관보(1965년 12월),,1965년 12월,18,미부착 ,,내부확인 필요,공공누리 2~4유형,,,,O,,,,외부 연구진 포함,"별도의 지침, 계약서 확인불가"
274,국회기록보존소 ,home>국회기록물>국회간행물,국회간행물,국회도서관보(1965년 11월),,1965년 11월,18,미부착 ,,내부확인 필요,공공누리 2~4유형,,,,O,,,,외부 연구진 포함,"별도의 지침, 계약서 확인불가"
275,국회기록보존소 ,home>국회기록물>국회간행물,국회간행물,국회도서관보(1965년 10월),,1965년 10월,18,미부착 ,,내부확인 필요,공공누리 2~4유형,,,,O,,,,외부 연구진 포함,"별도의 지침, 계약서 확인불가"
276,국회기록보존소 ,home>국회기록물>국회간행물,국회간행물,국회도서관보(1965년 9월),,1965년 9월,18,미부착 ,,내부확인 필요,공공누리 2~4유형,,,,O,,,,외부 연구진 포함,"별도의 지침, 계약서 확인불가"
277,국회기록보존소 ,home>국회기록물>국회간행물,국회간행물,국회도서관보(1965년 8월),,1965년 8월,18,미부착 ,,내부확인 필요,공공누리 2~4유형,,,,O,,,,외부 연구진 포함,"별도의 지침, 계약서 확인불가"
278,국회기록보존소 ,home>국회기록물>국회간행물,국회간행물,국회도서관보(1965년 7월),,1965년 7월,18,미부착 ,,내부확인 필요,공공누리 2~4유형,,,,O,,,,외부 연구진 포함,"별도의 지침, 계약서 확인불가"
279,국회기록보존소 ,home>국회기록물>국회간행물,국회간행물,국회도서관보(1965년 6월),,1965년 6월,18,미부착 ,,내부확인 필요,공공누리 2~4유형,,,,O,,,,외부 연구진 포함,"별도의 지침, 계약서 확인불가"
280,국회기록보존소 ,home>국회기록물>국회간행물,국회간행물,국회도서관보(1965년 5월),,1965년 5월,18,미부착 ,,내부확인 필요,공공누리 2~4유형,,,,O,,,,외부 연구진 포함,"별도의 지침, 계약서 확인불가"
281,국회기록보존소 ,home>국회기록물>국회간행물,국회간행물,국회도서관보(1965년 4월),,1965년 4월,18,미부착 ,,내부확인 필요,공공누리 2~4유형,,,,O,,,,외부 연구진 포함,"별도의 지침, 계약서 확인불가"
282,국회기록보존소 ,home>국회기록물>국회간행물,국회간행물,국회도서관보(1965년 3월),,1965년 3월,18,미부착 ,,내부확인 필요,공공누리 2~4유형,,,,O,,,,외부 연구진 포함,"별도의 지침, 계약서 확인불가"
283,국회기록보존소 ,home>국회기록물>국회간행물,국회간행물,국회도서관보(1965년 2월),,1965년 2월,18,미부착 ,,내부확인 필요,공공누리 2~4유형,,,,O,,,,외부 연구진 포함,"별도의 지침, 계약서 확인불가"
284,국회기록보존소 ,home>국회기록물>국회간행물,국회간행물,국회도서관보(1965년 1월),,1965년 1월,18,미부착 ,,내부확인 필요,공공누리 2~4유형,,,,O,,,,외부 연구진 포함,"별도의 지침, 계약서 확인불가"
285,국회기록보존소 ,home>국회기록물>국회간행물,국회간행물,국회도서관보(1964년 12월),,1964년 12월,18,미부착 ,,내부확인 필요,공공누리 2~4유형,,,,O,,,,외부 연구진 포함,"별도의 지침, 계약서 확인불가"
286,국회기록보존소 ,home>국회기록물>국회간행물,국회간행물,국회도서관보(1964년 11월),,1964년 11월,18,미부착 ,,내부확인 필요,공공누리 2~4유형,,,,O,,,,외부 연구진 포함,"별도의 지침, 계약서 확인불가"
287,국회기록보존소 ,home>국회기록물>국회간행물,국회간행물,국회도서관보(1964년 10월),,1964년 10월,18,미부착 ,,내부확인 필요,공공누리 2~4유형,,,,O,,,,외부 연구진 포함,"별도의 지침, 계약서 확인불가"
288,국회기록보존소 ,home>국회기록물>국회간행물,국회간행물,국회도서관보(1964년 9월),,1964년 9월,18,미부착 ,,내부확인 필요,공공누리 2~4유형,,,,O,,,,외부 연구진 포함,"별도의 지침, 계약서 확인불가"
289,국회기록보존소 ,home>국회기록물>국회간행물,국회간행물,국회도서관보(1964년 6월),,1964년 6월,18,미부착 ,,내부확인 필요,공공누리 2~4유형,,,,O,,,,외부 연구진 포함,"별도의 지침, 계약서 확인불가"
290,국회기록보존소 ,home>국회기록물>국회간행물,국회간행물,국회도서관보(1964년 5월),,1964년 5월,18,미부착 ,,내부확인 필요,공공누리 2~4유형,,,,O,,,,외부 연구진 포함,"별도의 지침, 계약서 확인불가"
291,국회기록보존소 ,home>국회기록물>국회간행물,국회간행물,"국회도서관보(창간호, 1964년 4월)",,1964년 4월,18,미부착 ,,내부확인 필요,공공누리 2~4유형,,,,O,,,,외부 연구진 포함,"별도의 지침, 계약서 확인불가"
