Unnamed: 0,Unnamed: 1,Unnamed: 2,Unnamed: 3,Unnamed: 4,Unnamed: 5,Unnamed: 6,Unnamed: 7,Unnamed: 8,Unnamed: 9,Unnamed: 10,Unnamed: 11,Unnamed: 12,Unnamed: 13,Unnamed: 14,Unnamed: 15,Unnamed: 16,Unnamed: 17
,광주광역시 북구청 권리처리 목록,,,,,,,,,,,,,,,,
,순번,사이트명,관리번호,다른 작품,취득년도,취득일,작가명,작품명,부문,방법,기증자,작가 구분,생년,비고(내부검토),최종 공공누리 유형,계약서 유무,비고
,1,광주광역시 북구청,1,"137,183,220,233,275,412",1998,1998.10.19,노의웅,自然親和,서양화,,,,,,개방불가,연락 불가,
,2,광주광역시 북구청,92,,2005,2005.4.13,한경수,나로도의 情,서양화,기증,한경수,,,,개방불가,구두 동의 이후 회신 없음,
,3,광주광역시 북구청,99,,2006,2006.09.15,강일호,노스텔지어(Nostalalgia),한국화,구입,,,,,개방불가,구두 동의 이후 회신 없음,
,4,광주광역시 북구청,102,,2006,2006.11.8,최현철,운해(雲海),한국화,구입,,,,,개방불가,구두 동의 이후 회신 없음,
,5,광주광역시 북구청,106,,2007,2007.02.20,김옥진,산수,한국화,구입,,,,,개방불가,구두 동의 이후 회신 없음,
,6,광주광역시 북구청,110,,2007,2007.04.23,심상철,한라산 전경,서양화,구입,,,,,개방불가,구두 동의 이후 회신 없음,
,7,광주광역시 북구청,112,,2007,2007.06.21,서화금,무등산,한국화,구입,,,,,개방불가,구두 동의 이후 회신 없음,
,8,광주광역시 북구청,126,298,2007,2007.12.31,정명돈,매몰도,한국화,구입,,,,,개방불가,구두 동의 이후 회신 없음,
,9,광주광역시 북구청,131,"214, 239",2008,2008.03.11,장복수,월출산의 가을,한국화,구입,,,,북구문화센터 보관,개방불가,구두 동의 이후 회신 없음,
,10,광주광역시 북구청,137,"1,183,220,233,275,412",2008,2008.05.14,노의웅,백두산-2,서양화,,,,,,개방불가,연락 불가,
,11,광주광역시 북구청,142,,2008,2008.07.15,이종일,월출동의 옹기마을,사진,기증,이종일,기타,,,개방불가,구두 동의 이후 회신 없음,
,12,광주광역시 북구청,144,,2008,2008.08.28,김용안,무제(Untitled),서양화,구입,,,,,개방불가,구두 동의 이후 회신 없음,
,13,광주광역시 북구청,158,,2009,2009.03.06,김생수,연학도,한국화,구입,,,,북구문화센터 보관,개방불가,구두 동의 이후 회신 없음,
,14,광주광역시 북구청,183,"1,137,220,233,275,412",2007,2007.07.18,노의웅,금강산향연,서양화,,"행정지원과이관
보험가입(청사외부로 나갈 경우 보험에서 제외됨)",,,,개방불가,연락 불가,
,15,광주광역시 북구청,197,,2009,2009.04.28,한희원,푸른신화 라닥크의 강,서양화,구입,,,,,개방불가,구두 동의 이후 회신 없음,
,16,광주광역시 북구청,204,"277,387",2009,2009.09.24,안용욱,봄날에,한국화,구입,,,,,제4유형,이용허락동의서 작성,
,17,광주광역시 북구청,206,"218,307",2009,2009.09.29,윤병학,찰나-上善若水,서양화,구입,,,,,제4유형,이용허락동의서 작성,
,18,광주광역시 북구청,210,,2009,2009.12.11,이대행,통영앞바다,서양화,구입,,,,,개방불가,구두 동의 이후 회신 없음,
,19,광주광역시 북구청,212,,2009,2009.12.21,곽미녀,신비,한국화,구입,,,,,개방불가,구두 동의 이후 회신 없음,
,20,광주광역시 북구청,214,"131,249",2010,2010.01.22,장복수,어머니의 땅,서양화,구입,,,,,개방불가,구두 동의 이후 회신 없음,
,21,광주광역시 북구청,218,"206,307",2010,2010.03.08,윤병학,찰라-고독한군중,서양화,구입,,,,,제4유형,이용허락동의서 작성,
,22,광주광역시 북구청,219,,2010,2010.03.22,유수종,달맞이,서양화,구입,,,,,개방불가,구두 동의 이후 회신 없음,
,23,광주광역시 북구청,220,"1,137,183,233,275,412",2010,2010.04.02,노의웅,구름천사,서양화,구입,,,,,개방불가,연락 불가,
,24,광주광역시 북구청,233,"1,137,183,220,275,412",2003,2003.08.20,노의웅,금강산,서양화,,,,,보험가입(청사외부로 나갈 경우 보험에서 제외됨),개방불가,연락 불가,
,25,광주광역시 북구청,236,,2009,2009.09.24,이현정,Welcome-My Wonderland,서양화,기증,이현정,,,"주민자치과이관
액자집",개방불가,구두 동의 이후 회신 없음,
,26,광주광역시 북구청,238,"253,299,335,394",2010,2010.06.23,박유자,가족4-사랑합니다,서양화,구입,,,,,개방불가,구두 동의 이후 회신 없음,
,27,광주광역시 북구청,241,,2010,2010.09.16,이귀원,연이있는 풍경,서양화,구입,,장애인작가,,,개방불가,구두 동의 이후 회신 없음,
,28,광주광역시 북구청,242,,2010,2010.12.23,이승대,풍경 10-68,한국화,구입,,,,,개방불가,구두 동의 이후 회신 없음,
,29,광주광역시 북구청,244,,2011,2011.01.13,윤순홍,愛書圖(애서도),서양화,기증,윤순홍,,,,개방불가,구두 동의 이후 회신 없음,
,30,광주광역시 북구청,248,500,2011,2011.03.29,정정임,자연의 심장,서양화,구입,,,,,개방불가,구두 동의 이후 회신 없음,
,31,광주광역시 북구청,249,"131,214",2011,2011.04.04,장복수,소와 민들레,서양화,구입,,,,,개방불가,구두 동의 이후 회신 없음,
,32,광주광역시 북구청,250,,2011,2011.04.04,김희준,몽환의 풍경,서양화,기증,김희준,,,,개방불가,구두 동의 이후 회신 없음,
,33,광주광역시 북구청,251,,2011,2011.04.28,임병남,산동마을의 처녀들,서양화,구입,,,,,개방불가,구두 동의 이후 회신 없음,
,34,광주광역시 북구청,253,"238,299,335,394",2011,2011.05.24,박유자,사랑합니다-삶Ⅲ,서양화,구입,,,,,개방불가,구두 동의 이후 회신 없음,
,35,광주광역시 북구청,254,,2011,2011.05.24,전경호,봄날,서양화,구입,,,,,개방불가,구두 동의 이후 회신 없음,
,36,광주광역시 북구청,256,,2011,2011.07.22,임희진,춤추는 나무,한국화,구입,,,,,개방불가,구두 동의 이후 회신 없음,
,37,광주광역시 북구청,257,,2011,2011.07.29,이종례,MANDALA 2,서양화,기증,이종례,,,,개방불가,구두 동의 이후 회신 없음,
,38,광주광역시 북구청,258,,2011,2011.09.29,장영일,향,서양화,구입,,,,,개방불가,구두 동의 이후 회신 없음,
,39,광주광역시 북구청,264,"339,530",2011,2011.11.30,김혁정,가을바다,서양화,,북구문화센터 보관,,,북구문화센터 보관,제4유형,이용허락동의서 작성,
,40,광주광역시 북구청,269,,2012,2012.03.30,최진우,무등산전도,한국화,구입,,,,전라도닷컴 창간10주년 기념전(롯데갤러리),개방불가,구두 동의 이후 회신 없음,
,41,광주광역시 북구청,270,,2012,2012.04.10,송필용,소쇄원에서 죽림풍경,서양화,구입,,,,광주미협 기금마련 행사,개방불가,구두 동의 이후 회신 없음,
,42,광주광역시 북구청,271,,2012,2012.09.07,김정옥,가을길,한국화,구입,,,,산수도서관 전시회 남도매일 류제균 추천,개방불가,구두 동의 이후 회신 없음,
,43,광주광역시 북구청,272,,2012,2012.10.29,나상옥,비상(봉황),조각,구입,,,,일곡갤러리 명예관장,개방불가,구두 동의 이후 회신 없음,
,44,광주광역시 북구청,274,,2012,2012.11.21,김영란,바람 숲,서양화,구입,,,,"일곡갤러리 개인전후 기증에따른 보상금성
(실제가격 2,000만원 상당)",개방불가,구두 동의 이후 회신 없음,
,45,광주광역시 북구청,275,"1,137,183,220,233,412",2012,2012.12.6,노의웅,구름천사,서양화,구입,,,,자미갤러리 명예관장  예우,개방불가,연락 불가,
,46,광주광역시 북구청,277,"204,387",2012,2012.12.28,안용욱,파밭,한국화,구입,,,,광주시 장애인작품전 구입(예산팀풀예산 지원),제4유형,이용허락동의서 작성,
,47,광주광역시 북구청,278,"370,489",2012,2012.12.28,김종훈,솔잎향기,한국화,구입,,,,광주시 장애인작품전 구입(예산팀풀예산 지원),개방불가,구두 동의 이후 회신 없음,
,48,광주광역시 북구청,280,342,2013,2013.02.08,이석중,삶-그리움,서양화,구입,,,,일곡동 행복메아리전,제4유형,이용허락동의서 작성,
,49,광주광역시 북구청,282,317,2013,2013.03.15,김영근,올곧은대나무와 소나무처럼,사진,구입,,기타,,광주전남사진기자 보도사진전,개방불가,구두 동의 이후 회신 없음,
,50,광주광역시 북구청,283,,2013,2013.05.16,박종석,추경산수,한국화,구입,,,,,개방불가,구두 동의 이후 회신 없음,
,51,광주광역시 북구청,286,"324,390",2013,2013.07.19,황기환,한적한 날,한국화,구입,,장애인작가,,시나브로회<광주장애인신인 및 중견작가전>,제4유형,이용허락동의서 작성,
,52,광주광역시 북구청,287,420,2013,2013.07.19,이진행,향리,서양화,구입,,장애인작가,,"시나브로회<광주장애인신인 및 중견작가전>
(도시재생과)",개방불가,구두 동의 이후 회신 없음,
,53,광주광역시 북구청,288,,2013,2013.09.12,조정숙,존재,한국화,구입,,,,서림Artist 전,개방불가,구두 동의 이후 회신 없음,
,54,광주광역시 북구청,291,,2013,2013.11.12,오순영,문양석,기타(수석),구입,,,,2013 국화전시회,개방불가,구두 동의 이후 회신 없음,
,55,광주광역시 북구청,292,,2013,2013.11.22,임순임,거울,서양화,구입,,,,"노의웅,임순임부부전",개방불가,구두 동의 이후 회신 없음,
,56,광주광역시 북구청,293,329,2013,2013.12.3,김희,꿈꾸는 등대,공예,구입,,,,문우초 학부모 도예동아리 전시회,제4유형,이용허락동의서 작성,
,57,광주광역시 북구청,294,"371,388",2013,2013.12.13,최동자,환상의 섬,한국화,구입,,장애인작가,,"광주장애인미술협회전<무등골의 메아리>
(통합조사과)",개방불가,이용허락 거부,
,58,광주광역시 북구청,295,402,2013,2013.12.13,이성기,가을향기,한국화,구입,,장애인작가,,광주장애인미술협회전<무등골의 메아리>,제4유형,이용허락동의서 작성,
,59,광주광역시 북구청,297,"305,535",2013,2013.12.30,김진수,빛으로 그려낸 흑산일주도로,사진,구입,,기타,,나눔사진전,제4유형,이용허락동의서 작성,
,60,광주광역시 북구청,299,"238,253,335,394",2014,2014.02.14,박유자,저 높은 곳을 향하여,서양화,구입,,,,,개방불가,구두 동의 이후 회신 없음,
,61,광주광역시 북구청,300,"340,360,454",2014,2014.02.14,김재균,환벽당의 봄,서양화,구입,,원로작가,,,제4유형,이용허락동의서 작성,
,62,광주광역시 북구청,302,303,2014,2014.03.05,김희,장독대,서양화,기증,김희,,,,개방불가,구두 동의 이후 회신 없음,
,63,광주광역시 북구청,303,302,2014,2014.03.05,김희,휴식,서양화,기증,김희,,,,개방불가,구두 동의 이후 회신 없음,
,64,광주광역시 북구청,305,"297,535",2014,2014.04.03,김진수,"한국야구의 심장 
""광주 기아챔피언스 필드""",사진,구입,,기타,,광주전남사진기자 보도사진전,제4유형,이용허락동의서 작성,
,65,광주광역시 북구청,307,"206,218",2014,2014.10.15,윤병학,Hanguel Image-겨울,서양화,구입,,,,,제4유형,이용허락동의서 작성,
,66,광주광역시 북구청,308,"345,356,400",2014,2014.10.28,박영실,참새,한국화,구입,,장애인작가,,광주장애인미술협회,개방불가,연락 불가,
,67,광주광역시 북구청,309,,2014,2014.10.28,안영욱,달과 소나무,한국화,구입,,장애인작가,,광주장애인미술협회,개방불가,구두 동의 이후 회신 없음,
,68,광주광역시 북구청,311,451,2014,2014.11.06,심강식,주왕산 산행,한국화,구입,,,,,제4유형,이용허락동의서 작성,
,69,광주광역시 북구청,313,,2014,2014.11.24,성혜숙,화접도,한국화,구입,,,,,개방불가,구두 동의 이후 회신 없음,
,70,광주광역시 북구청,314,,2015,2015.01.23,정창기,딸기-14,서양화,구입,,중견작가,,,개방불가,구두 동의 이후 회신 없음,
,71,광주광역시 북구청,315,,2015,2015.01.27,서봉한,korea fantasia,서양화,구입,,원로작가,,,개방불가,구두 동의 이후 회신 없음,
,72,광주광역시 북구청,316,,2015,2015.01.29,김연자,전원풍경,한국화,구입,,원로작가,,북구문화센터 보관,개방불가,구두 동의 이후 회신 없음,
,73,광주광역시 북구청,317,282,2015,2015.03.18,김영근,민선6기 출발,사진,구입,,기타,,광주전남사진기자 보도사진전,개방불가,구두 동의 이후 회신 없음,
,74,광주광역시 북구청,319,,2015,2015.07.27,박진아,그림의 산딸기,한국화,구입,,청년작가,,"청년작가전(북구청갤러리)
-전남대생",개방불가,구두 동의 이후 회신 없음,
,75,광주광역시 북구청,320,352,2015,2015.07.27,황소리,양귀비,한국화,구입,,청년작가,,"청년작가전(북구청갤러리)
-전남대생",개방불가,구두 동의 이후 회신 없음,
,76,광주광역시 북구청,321,,2015,2015.07.27,양성은,삶,서양화,구입,,청년작가,,"청년작가전(북구청갤러리)
-전남대생",개방불가,구두 동의 이후 회신 없음,
,77,광주광역시 북구청,322,,2015,2015.07.27,김유나,조화,서양화,구입,,청년작가,,"청년작가전(북구청갤러리)
-전남대생
액자집",개방불가,구두 동의 이후 회신 없음,
,78,광주광역시 북구청,323,,2015,2015.09.25,홍정남,그곳에 가면,한국화,구입,,중견작가,,전우회,개방불가,구두 동의 이후 회신 없음,
,79,광주광역시 북구청,324,"286,390",2015,2015.11.05,황기환,모정,한국화,구입,,장애인작가,,광주장애인미술협회,제4유형,이용허락동의서 작성,
,80,광주광역시 북구청,325,518,2015,2015.11.05,김기자,가을이야기,서양화,구입,,장애인작가,,"광주장애인미술협회
(통합조사과)",개방불가,이용허락 거부,
,81,광주광역시 북구청,326,,2015,2015.12.16,문세정,노안도(蘆雁圖),한국화,구입,,중견작가,,,개방불가,구두 동의 이후 회신 없음,
,82,광주광역시 북구청,327,,2015,2015.12.16,김의정,화접도,한국화,구입,,중견작가,,,개방불가,구두 동의 이후 회신 없음,
,83,광주광역시 북구청,328,,2015,2015.12.16,김은수,연화도,한국화,구입,,중견작가,,,개방불가,구두 동의 이후 회신 없음,
,84,광주광역시 북구청,329,293,2015,2015.12.21,김희,비밀의 화원,공예,구입,,중견작가,,,제4유형,이용허락동의서 작성,
,85,광주광역시 북구청,330,,2015,2015.12.22,임직순,만추(晩秋),서양화,구입,,원로작가,,"곰두리봉사회
북구문화센터 보관",개방불가,구두 동의 이후 회신 없음,
,86,광주광역시 북구청,331,358,2015,2015.12.23,임종호,blooming day,서양화,구입,,중견작가,,,제4유형,이용허락동의서 작성,
,87,광주광역시 북구청,333,334,2016,2016.02.03,이인호,430년이야기-1,서양화,기증,이인호,여성작가,1959,(통합조사과),제4유형,이용허락동의서 작성,
,88,광주광역시 북구청,334,333,2016,2016.02.03,이인호,430년이야기-2,서양화,기증,이인호,여성작가,1959,,제4유형,이용허락동의서 작성,
,89,광주광역시 북구청,335,"238,253,299,394",2016,2016.02.11,박유자,사랑합니다-열정,서양화,구입,,여성작가,1965,액자집,개방불가,구두 동의 이후 회신 없음,
,90,광주광역시 북구청,336,,2016,2016.02.11,김재형,도원,서양화,구입,,원로작가,,,개방불가,구두 동의 이후 회신 없음,
,91,광주광역시 북구청,337,382,2016,2016.03.23,박영철,순천만 야경,사진,구입,,기타,,"홍보전산과
광주전남기자회
광주전남사진기자 보도사진전",개방불가,구두 동의 이후 회신 없음,
,92,광주광역시 북구청,338,372,2016,2016.06.01,김준호,송림의 대화,서양화,구입,,원로작가,1940,,제4유형,이용허락동의서 작성,
,93,광주광역시 북구청,339,"264,530",2016,2016.06.03,김혁정,"매화, 꽃피던날의 기억",서양화,구입,,중견작가,1954,,제4유형,이용허락동의서 작성,
,94,광주광역시 북구청,340,"300,360,454",2016,2016.06.10,김재균,백아산의 봄,서양화,구입,,원로작가,,고금화랑,제4유형,이용허락동의서 작성,
,95,광주광역시 북구청,341,,2016,2016.06.15,강덕원,불변이응만변,서예,구입,,중견작가,,,개방불가,구두 동의 이후 회신 없음,
,96,광주광역시 북구청,342,280,2016,2016.07.14,이석중,삶-나드리,서양화,구입,,중견작가,1965,오버더스캔들전(북구청갤러리),제4유형,이용허락동의서 작성,
,97,광주광역시 북구청,343,513,2016,2016.07.14,류현자,꽃이 피다 - 연,한국화,구입,,여성작가,1961,오버더스캔들전(북구청갤러리),제4유형,이용허락동의서 작성,
,98,광주광역시 북구청,344,,2016,2016.08.31,"고룡정보산업학교학생
(강현정지도)",연과 오리,"한국화
(민화)",구입,,청년작가,,함께가는길전(북구청갤러리),개방불가,구두 동의 이후 회신 없음,
,99,광주광역시 북구청,345,"308,356,400",2016,2016.10.24,박영실,봄날,한국화,구입,,장애인작가,1952,"광주장애인미술협회전<맥>, 금봉미술관",개방불가,연락 불가,
,100,광주광역시 북구청,347,,2016,2016.10.24,조문호,안개꽃,서양화,구입,,장애인작가,1966,"광주장애인미술협회전<맥>, 금봉미술관",개방불가,구두 동의 이후 회신 없음,
,101,광주광역시 북구청,348,,2016,2016.11.01,정홍기,환희,서양화,구입,,원로작가,1955,전우회(자미갤러리),개방불가,구두 동의 이후 회신 없음,
,102,광주광역시 북구청,349,,2016,2016.11.15,김수진,기억,서양화,구입,,청년작가,1987,"청년작가전(북구청갤러리)
-전남대생",개방불가,구두 동의 이후 회신 없음,
,103,광주광역시 북구청,350,,2016,2016.11.15,김서현,JNU,서양화,구입,,청년작가,,"청년작가전(북구청갤러리)
-전남대생",개방불가,구두 동의 이후 회신 없음,
,104,광주광역시 북구청,351,,2016,2016.11.15,기다림,조화,한국화,구입,,청년작가,,"청년작가전(북구청갤러리)
-전남대생",개방불가,구두 동의 이후 회신 없음,
,105,광주광역시 북구청,352,320,2016,2016.11.15,황소리,산수유 ,한국화,구입,,청년작가,,"청년작가전(북구청갤러리)
-전남대생",개방불가,구두 동의 이후 회신 없음,
,106,광주광역시 북구청,353,,2016,2016.11.17,김병균,왕버들-언제나 그 자리에..,한국화,구입,,중견작가,1977,"생생스케치전(북구청갤러리)
액자집",개방불가,구두 동의 이후 회신 없음,
,107,광주광역시 북구청,354,,2016,2016.11.29,신동언,제주 선인장,서양화,구입,,원로작가,1947,"원로작가9인특별전(세계조작장식박물관)
북구문화센터 보관",개방불가,구두 동의 이후 회신 없음,
,108,광주광역시 북구청,356,"308,345,400",2016,2016.11.24,박영실,가을향기,한국화,기증,"광주장애인
미술협회",장애인작가,1952,"광주장애인미술협회전<맥>, 금봉미술관",개방불가,연락 불가,
,109,광주광역시 북구청,358,331,2017,2017.01.13,임종호,한나절 풍경,서양화,구입,,중견작가,1958,인종호개인전,제4유형,이용허락동의서 작성,
,110,광주광역시 북구청,360,"300,340,454",2017,2017.02.21,김재균,소쇄원의 겨울,서양화,구입,,원로작가,,"광주아트컴퍼니
전 북구청장",제4유형,이용허락동의서 작성,
,111,광주광역시 북구청,362,,2017,2017.05.11,양승훈,새,조각,구입,,중견작가,,나인갤러리,개방불가,구두 동의 이후 회신 없음,
,112,광주광역시 북구청,363,,2017,2017.05.30,배연태,"금남로 7만 촛불 ""퇴진하라""",사진,구입,,기타,,"광주전남사진기자 보도사진전
광주전남기자회",개방불가,구두 동의 이후 회신 없음,
,113,광주광역시 북구청,364,,2017,2017.07.07,김선영,여름단상,서양화(수채화),구입,,여성작가,1970,색채공간전(북구청갤러리),개방불가,구두 동의 이후 회신 없음,
,114,광주광역시 북구청,366,,2017,2017.08.01,황영성,가족이야기 시리즈,서양화,구입,,원로작가,1941,"황영성개인전(국립아시아문화전당)
보험가입(청사외부로 나갈 경우 보험에서 제외됨)",개방불가,구두 동의 이후 회신 없음,
,115,광주광역시 북구청,367,,2017,2017.08.01,이선복,무등산 만월,한국화,구입,,중견작가,1964,"이선복개인전(무등갤러리)
-북구청갤러리 명예관장님",개방불가,구두 동의 이후 회신 없음,
,116,광주광역시 북구청,368,,2017,2017.08.03,최강희,광주 무등산 빛의 만토 부활,"기타
(미디어아트)",구입,,여성작가,1947,전우회전시(북구청갤러리) 후 구입,개방불가,구두 동의 이후 회신 없음,
,117,광주광역시 북구청,369,380,2017,2017.08.31,한미사,산메아리,한국화,구입,,여성작가,1962,"한미사의 생활속 이야기전
-남도일보 TV 김선남 부회장 추천(전 평화통일 사무실 회장)",개방불가,연락 불가,
,118,광주광역시 북구청,370,"278,489",2017,2017.09.25,김종훈,바람의 끝,서양화,구입,,장애인작가,1971,"광주장애인미술협회전<美香>, 
서구문화센터 1층(33명)
2017.9.5.~9.13.
한국화, 서양화, 공예, 서예, 사진",개방불가,구두 동의 이후 회신 없음,
,119,광주광역시 북구청,371,"294,388",2017,2017.09.25,최동자,스치는 바람에도,한국화,구입,,장애인작가,1955,"광주장애인미술협회전<美香>, 
서구문화센터 1층(33명)
2017.9.5.~9.13.
한국화, 서양화, 공예, 서예, 사진",개방불가,이용허락 거부,
,120,광주광역시 북구청,372,338,2017,2017.10.11,김준호,청청불변지교(해인사 노송),서양화,구입,,원로작가,1940,,제4유형,이용허락동의서 작성,
,121,광주광역시 북구청,373,,2017,2017.11.28,강부연,8월의 끝에서,서양화,구입,,청년작가,1996,"청년작가전(북구청갤러리)
-전남대생",개방불가,구두 동의 이후 회신 없음,
,122,광주광역시 북구청,374,,2017,2017.11.28,최나래,삶으로부터,한국화,구입,,청년작가,1993,"청년작가전(북구청갤러리)
-조선대 대학원생",개방불가,구두 동의 이후 회신 없음,
,123,광주광역시 북구청,375,,2017,2017.11.30,박경희,calla,서양화,구입,,청년작가,1980,"청년작가전(북구청갤러리)
-전남대생",개방불가,구두 동의 이후 회신 없음,
,124,광주광역시 북구청,376,544,2017,2017.12.05,권예솔(아니면 권애솔?),오후 12시,한국화,구입,,청년작가,1996,"청년작가전(북구청갤러리)
-조선대 대학원생",개방불가,구두 동의 이후 회신 없음,
,125,광주광역시 북구청,377,,2017,2017.12.11,조진호,香-그리움,서양화(수채화),구입,,원로작가,1952,,개방불가,구두 동의 이후 회신 없음,
,126,광주광역시 북구청,378,,2018,2018.01.05,김현아,비움과 채움,도자기,구입,,여성작가,1971,비움과 채움전(금봉미술관),개방불가,구두 동의 이후 회신 없음,
,127,광주광역시 북구청,380,369,2018,2018.04.24,한미사,봄포구(한가로움),한국화,구입,,중견작가,1962,,개방불가,연락 불가,
,128,광주광역시 북구청,381,,2018,2018.4.24,케빈 코이치 무토,Luck-Bat 光州,서양화,기증,,중견작가,1963,쿨투라칸차 장서희 대표 관련,개방불가,구두 동의 이후 회신 없음,
,129,광주광역시 북구청,382,337,2018,2018.05.16,박영철,눈 덮인 독도,사진,구입,,기타,,"광주전남사진기자 보도사진전
광주전남기자회",개방불가,구두 동의 이후 회신 없음,
,130,광주광역시 북구청,383,,2018,2018.06.11,최영훈,봄날,서양화,구입,,원로작가,1947,조선대 교수 정년,개방불가,구두 동의 이후 회신 없음,
,131,광주광역시 북구청,384,"414,520",2018,2018.06.11,전진현,홍매,서예,구입,,중견작가,1952,전 문화관광과 과장,제4유형,이용허락동의서 작성,
,132,광주광역시 북구청,385,,2018,2018.06.19,강연균,무등산(무등설경),"서양화
(수채화)",구입,,원로작가,1941,보험가입예정(2019년),개방불가,구두 동의 이후 회신 없음,
,133,광주광역시 북구청,386,,2018,2018.10.31,박진,꿈 속의 연가,서양화,구입,,장애인작가,1962,장애인문화협회,개방불가,구두 동의 이후 회신 없음,
,134,광주광역시 북구청,387,"204,277",2018,2018.10.31,안용욱,달과 소나무,한국화,구입,,장애인작가,1954,장애인문화협회,제4유형,이용허락동의서 작성,
,135,광주광역시 북구청,388,"294,371",2018,2018.10.31,최동자,추억,한국화,구입,,장애인작가,1955,광주장애인미술협회,개방불가,이용허락 거부,
,136,광주광역시 북구청,389,,2018,2018.10.31,최상현,자연,한국화,구입,,장애인작가,1955,광주장애인미술협회,개방불가,구두 동의 이후 회신 없음,
,137,광주광역시 북구청,390,"286,324",2018,2018.10.31,황기환,사모,한국화,구입,,장애인작가,1964,광주장애인미술협회,제4유형,이용허락동의서 작성,
,138,광주광역시 북구청,391,,2018,2018.10.31,전강열,개화(開花),사진,구입,,기타,1960,늘품사진전,개방불가,구두 동의 이후 회신 없음,
,139,광주광역시 북구청,392,,2018,2018.10.31,정대철,보석반지,사진,구입,,기타,1970,"늘품사진전
액자집",개방불가,구두 동의 이후 회신 없음,
,140,광주광역시 북구청,393,,2018,2018.11.30,김미영,노란 장미의 행복,서양화,구입,,여성작가,1970,2018아트페어,개방불가,구두 동의 이후 회신 없음,
,141,광주광역시 북구청,394,"238,253,299,335",2018,2018.11.30,박유자,사랑합니다-희망,서양화,구입,,여성작가,1965,2018아트페어,개방불가,구두 동의 이후 회신 없음,
,142,광주광역시 북구청,395,,2018,2018.11.30,이선희,기도,한국화,구입,,여성작가,1983,2018아트페어,개방불가,구두 동의 이후 회신 없음,
,143,광주광역시 북구청,396,,2018,2018.12.17,윤석문,Relation 03,서양화,구입,,청년작가,,"북구거주 청년작가
미협추천",개방불가,구두 동의 이후 회신 없음,
,144,광주광역시 북구청,397,,2018,2018.12.17,이반석,흔적 존재,서양화,구입,,청년작가,,"북구거주 청년작가
미협추천 ",개방불가,구두 동의 이후 회신 없음,
,145,광주광역시 북구청,398,,2018,2018.12.17,김미지,"꿈과 현실, 그 사이",서양화,구입,,청년작가,,"청년작가전
북구청민원실 및 자미갤러리 ",개방불가,구두 동의 이후 회신 없음,
,146,광주광역시 북구청,399,,2018,2018.12.17,김하슬,노인의 꿈,한국화,구입,,청년작가,,"청년작가전
북구청민원실 및 자미갤러리 
북구문화센터 보관",개방불가,구두 동의 이후 회신 없음,
,147,광주광역시 북구청,400,"308,345,356",2018,2018.12.17,박영실,봄,한국화,구입,,장애인작가,,장애인미술협회전(남구 문화예술회관 12월),개방불가,연락 불가,
,148,광주광역시 북구청,401,444,2018,2018.12.17,이명은,그날의 분위기,한국화,구입,,청년작가,,"청년작가전
북구청민원실 및 자미갤러리 ",제4유형,이용허락동의서 작성,
,149,광주광역시 북구청,402,295,2018,2018.12.17,이성기,홍매화,한국화,구입,,장애인작가,,장애인미술협회전(남구 문화예술회관 12월),제4유형,이용허락동의서 작성,
,150,광주광역시 북구청,403,,2018,2018.12.17,이정은,장미,서양화,구입,,청년작가,,"청년작가전
북구청민원실 및 자미갤러리 ",개방불가,구두 동의 이후 회신 없음,
,151,광주광역시 북구청,404,,2018,2018.12.17,장나해,복,한국화,구입,,청년작가,,"청년작가전
북구청민원실 및 자미갤러리 ",개방불가,구두 동의 이후 회신 없음,
,152,광주광역시 북구청,405,,2018,2018.12.17,정종구,아련한 향기,기타(서각),구입,,장애인작가,,장애인미술협회전(남구 문화예술회관 12월),개방불가,구두 동의 이후 회신 없음,
,153,광주광역시 북구청,406,,2018,2018.12.17,조주희,흩날리다,서양화,구입,,청년작가,,"청년작가전
북구청민원실 및 자미갤러리 ",개방불가,구두 동의 이후 회신 없음,
,154,광주광역시 북구청,407,,2018,2018.12.17,최소애,소나무 그 언덕,한국화,구입,,청년작가,,"청년작가전
북구청민원실 및 자미갤러리 ",개방불가,구두 동의 이후 회신 없음,
,155,광주광역시 북구청,408,,2018,2018.12.17,최인경,change,서양화,구입,,청년작가,,"청년작가전
북구청민원실 및 자미갤러리 ",개방불가,구두 동의 이후 회신 없음,
,156,광주광역시 북구청,412,"1,137,183,220,233,275",2019,2019.2.22,노의웅,축복받은 마을,서양화,기증,전진현,원로작가,,"중흥3동에서 발견
",개방불가,연락 불가,
,157,광주광역시 북구청,414,"384,520",2019,2019.2.22,전진현,인화,서예,기증,전진현,,,,제4유형,이용허락동의서 작성,
,158,광주광역시 북구청,418,,2019,2019.3.21,김현진,세상을 향하여,한국화(민화),구입,,여성작가,1964,자미갤러리 전시,개방불가,구두 동의 이후 회신 없음,
,159,광주광역시 북구청,419,,2019,2019.03.21,이금주,여인,서양화,구입,,여성작가,1974,자미갤러리 기획전,개방불가,구두 동의 이후 회신 없음,
,160,광주광역시 북구청,420,287,2019,2019.03.21,이진행,옛길,서양화,구입,,장애인작가,1967,"어울림장애인자립생활센터 전시
북구문화센터 보관",개방불가,구두 동의 이후 회신 없음,
,161,광주광역시 북구청,421,,2019,2019.03.22,최향,파꽃은 바람에 흩날리고,서양화,구입,,중견작가,,북구장학회 기탁작품 구입,개방불가,구두 동의 이후 회신 없음,
,162,광주광역시 북구청,425,525,2019,2019.05.08,김태규,백로가족의 사랑,사진,구입,,기타,,"홍보전사과
광주전남기자회
광주전남사진기자 보도사진전",개방불가,구두 동의 이후 회신 없음,
,163,광주광역시 북구청,426,,2019,2019.05.21,한은혜,일상은 선물이다,서양화,구입,,여성작가,1974,북구청민원실 갤러리 전시,개방불가,구두 동의 이후 회신 없음,
,164,광주광역시 북구청,427,,2019,2019.5.31,박동신,열정 ,서양화,구입,,장애인작가,1960,자미갤러리 기획전,개방불가,구두 동의 이후 회신 없음,
,165,광주광역시 북구청,428,,2019,2019.06.21,박만수,꽃들의 화려함,서양화,구입,,중견작가,,백제갤러리,개방불가,구두 동의 이후 회신 없음,
,166,광주광역시 북구청,429,,2019,2019.06.21,한부철,바라보다,"서양화
(수채화)",구입,,중견작가,1970,,개방불가,구두 동의 이후 회신 없음,
,167,광주광역시 북구청,430,,2019,2019.6.24,김봉진,파도,서양화,구입,,장애인작가,1964,광주장애인미술협회 광주시립미술관 후원 전시,개방불가,구두 동의 이후 회신 없음,
,168,광주광역시 북구청,431,,2019,2019.06.24,이정자,겨울숲속,서양화,구입,,장애인작가,1968,이정철의원추전,개방불가,구두 동의 이후 회신 없음,
,169,광주광역시 북구청,432,,2019,2019.07.18,설수정,세월,한국화,구입,,여성작가,1958,북구청민원실 갤러리 전시,개방불가,구두 동의 이후 회신 없음,
,170,광주광역시 북구청,433,,2019,2019.8.13,임근재,나의 노래(장미),서양화,구입,,중견작가,1963,북구청갤러리 기획전 '자연을 품다',개방불가,구두 동의 이후 회신 없음,
,171,광주광역시 북구청,434,,2019,2019.08.27,박오순,일월오봉도,한국화(민화),구입,,여성작가,1948,"북구청갤러리 전시
북구문화센터 보관",개방불가,구두 동의 이후 회신 없음,
,172,광주광역시 북구청,435,499,2019,2019.11.04,이정옥,해바라기,서양화,구입,,장애인작가,,어울림전,제4유형,이용허락동의서 작성,
,173,광주광역시 북구청,436,,2019,2019.11.04,황인섭,맛있는 사과,서양화,구입,,장애인작가,,어울림전,개방불가,구두 동의 이후 회신 없음,
,174,광주광역시 북구청,437,,2019,2019.12.24,강동호,하늘의 눈,서양화,구입,,청년작가,,청년작가전,개방불가,구두 동의 이후 회신 없음,
,175,광주광역시 북구청,438,,2019,2019.12.24,명현철,황금나무,서양화,구입,,청년작가,,청년작가전,개방불가,구두 동의 이후 회신 없음,
,176,광주광역시 북구청,439,,2019,2019.12.24,백상옥,Rubber shoes-HUMAN,조각,구입,,청년작가,,청년작가전,개방불가,구두 동의 이후 회신 없음,
,177,광주광역시 북구청,440,,2019,2019.12.24,송영학,비나이다_희망,한국화,구입,,청년작가,,청년작가전,개방불가,구두 동의 이후 회신 없음,
,178,광주광역시 북구청,441,495,2019,2019.12.24,양병구,승리,서양화,구입,,청년작가,,청년작가전,개방불가,구두 동의 이후 회신 없음,
,179,광주광역시 북구청,442,532,2019,2019.12.24,윤성필,담한풍경 #1928,한국화,구입,,청년작가,,"청년작가전
소회의실 보관",개방불가,구두 동의 이후 회신 없음,
,180,광주광역시 북구청,443,,2019,2019.12.24,이다현,Fantasize-1,서양화,구입,,청년작가,,청년작가전,개방불가,구두 동의 이후 회신 없음,
,181,광주광역시 북구청,444,401,2019,2019.12.24,이명은,꽃이 필 시간,한국화,구입,,청년작가,,청년작가전,제4유형,이용허락동의서 작성,
,182,광주광역시 북구청,445,,2019,2019.12.24,정승원,"Zeit fur Brot #2
/ 짜이트 퓌어 브롯 #2","기타
(실크스크린)",구입,,청년작가,,청년작가전,개방불가,구두 동의 이후 회신 없음,
,183,광주광역시 북구청,446,,2020,2020.03.31,박철홍,물감 뿌려놓은 듯한 초겨울 교정,사진,구입,,기타,,"홍보전사과
광주전남기자회
광주전남사진기자 보도사진전
액자집",개방불가,구두 동의 이후 회신 없음,
,184,광주광역시 북구청,447,,2020,2020.03.31,김혜숙,dream-memory1945,서양화,구입,,여성작가,1963,한국미술협회 추천,개방불가,구두 동의 이후 회신 없음,
,185,광주광역시 북구청,448,,2020,2020.3.31,박문수,신명,한국화,구입,,중견작가,1958,금봉미술관 추천,개방불가,구두 동의 이후 회신 없음,
,186,광주광역시 북구청,449,,2020,2020.03.31,최순님,"우리 함께 오길 잘했어 
- 여행자",서양화,구입,,여성작가,1973,"한국미술협회 추천
북구 거주 여성작가",개방불가,구두 동의 이후 회신 없음,
,187,광주광역시 북구청,450,523,2020,2020.06.26,신선윤,Beautiful Things,한국화,구입,,여성작가,1972,,제4유형,이용허락동의서 작성,
,188,광주광역시 북구청,451,311,2020,2020.06.26,심강식,백운동계곡(설악산),한국화,구입,,중견작가,1961,,제4유형,이용허락동의서 작성,
,189,광주광역시 북구청,452,,2020,2020.06.26,조문현,달항아리가 있는 풍경,한국화,구입,,중견작가,1966,,개방불가,구두 동의 이후 회신 없음,
,190,광주광역시 북구청,453,,2020,2020.06.26,조현수,구담마을,서양화,구입,,중견작가,1969,,개방불가,구두 동의 이후 회신 없음,
,191,광주광역시 북구청,454,"300,340,360",2020,2020.06.26,김재균,무등이 보이는 들녘,서양화,구입,,원로작가,,,제4유형,이용허락동의서 작성,
,192,광주광역시 북구청,455,,2020,2020.06.26,양경모,빛,서양화,구입,,장애인작가,1966,,개방불가,구두 동의 이후 회신 없음,
,193,광주광역시 북구청,456,,2020,2020.06.26,양시영,앵무새,서양화,구입,,장애인작가,1999,,개방불가,구두 동의 이후 회신 없음,
,194,광주광역시 북구청,457,,2020,2020.09.29,최태용,휴식,한국화,구입,,장애인작가,,,개방불가,구두 동의 이후 회신 없음,
,195,광주광역시 북구청,458,,2020,2020.09.29,하연순,가을향기,한국화,구입,,장애인작가,,,개방불가,구두 동의 이후 회신 없음,
,196,광주광역시 북구청,459,,2020,2020.11.30,강미미,MY PLANT–40-20,서양화,구입,,여성작가,,장애인작가,개방불가,구두 동의 이후 회신 없음,
,197,광주광역시 북구청,460,,2020,2020.11.30,김경란,혼돈 속에 질서,한국화,구입,,여성작가,,장애인작가,개방불가,구두 동의 이후 회신 없음,
,198,광주광역시 북구청,461,,2020,2020.11.30,김근희,치자꽃,서양화,구입,,청년작가,,,개방불가,구두 동의 이후 회신 없음,
,199,광주광역시 북구청,462,,2020,2020.11.30,김동아,휴식,한국화,구입,,청년작가,,,개방불가,구두 동의 이후 회신 없음,
,200,광주광역시 북구청,463,,2020,2020.11.30,김연화,드림,기타,구입,,청년작가,,,개방불가,구두 동의 이후 회신 없음,
,201,광주광역시 북구청,464,533,2020,2020.11.30,김옥순,사랑스러운 양파꽃,서양화,구입,,청년작가,,,제4유형,이용허락동의서 작성,
,202,광주광역시 북구청,465,,2020,2020.11.30,김정연,봄소식,서양화,구입,,여성작가,,,개방불가,구두 동의 이후 회신 없음,
,203,광주광역시 북구청,466,,2020,2020.11.30,나은숙,휴식,한국화,구입,,여성작가,,,개방불가,구두 동의 이후 회신 없음,
,204,광주광역시 북구청,467,,2020,2020.11.30,노여운,쉬어가다,서양화,구입,,청년작가,,북구문화센터 보관,개방불가,구두 동의 이후 회신 없음,
,205,광주광역시 북구청,468,,2020,2020.11.30,박설,Unknown scenery,한국화,구입,,청년작가,,,개방불가,구두 동의 이후 회신 없음,
,206,광주광역시 북구청,469,,2020,2020.11.30,박성완,8-9골목 얼그실 입구,서양화,구입,,청년작가,,북구문화센터 보관,개방불가,구두 동의 이후 회신 없음,
,207,광주광역시 북구청,470,,2020,2020.11.30,박정일,Family(가족),서양화,구입,,청년작가,,,개방불가,구두 동의 이후 회신 없음,
,208,광주광역시 북구청,471,,2020,2020.11.30,박준세,Blue,서양화,구입,,청년작가,,,개방불가,구두 동의 이후 회신 없음,
,209,광주광역시 북구청,472,,2020,2020.11.30,성유진,십장생-천도,한국화,구입,,여성작가,,,개방불가,구두 동의 이후 회신 없음,
,210,광주광역시 북구청,473,,2020,2020.11.30,양호열,도시를 감상하다,서양화,구입,,청년작가,,북구문화센터 보관,개방불가,구두 동의 이후 회신 없음,
,211,광주광역시 북구청,474,,2020,2020.11.30,오관영,염원,서양화,구입,,청년작가,,,개방불가,구두 동의 이후 회신 없음,
,212,광주광역시 북구청,475,,2020,2020.11.30,이다애,부귀영화,서양화,구입,,청년작가,,,개방불가,구두 동의 이후 회신 없음,
,213,광주광역시 북구청,476,,2020,2020.11.30,이승희,무궁화,서양화,구입,,여성작가,,,개방불가,구두 동의 이후 회신 없음,
,214,광주광역시 북구청,477,,2020,2020.11.30,이영실,관계,한국화,구입,,청년작가,,,개방불가,구두 동의 이후 회신 없음,
,215,광주광역시 북구청,478,,2020,2020.11.30,이태희,臥遊(와유),한국화,구입,,청년작가,,이태희 010-5588-4440,개방불가,구두 동의 이후 회신 없음,
,216,광주광역시 북구청,479,,2020,2020.11.30,전정연,설산 시리즈 Ⅲ ,한국화,구입,,청년작가,,,개방불가,구두 동의 이후 회신 없음,
,217,광주광역시 북구청,480,,2020,2020.11.30,정순아,벽이야기,서양화,구입,,여성작가,,,개방불가,구두 동의 이후 회신 없음,
,218,광주광역시 북구청,481,,2020,2020.11.30,조미란,여유를 바라 보다,한국화,구입,,청년작가,,,개방불가,구두 동의 이후 회신 없음,
,219,광주광역시 북구청,482,,2020,2020.11.30,한민정,벚꽃동무,한국화,구입,,여성작가,,,개방불가,구두 동의 이후 회신 없음,
,220,광주광역시 북구청,483,,2020,2020.12.24,이유리,녹차 밭 가는 길,서양화,구입,,장애인작가,,,개방불가,구두 동의 이후 회신 없음,
,221,광주광역시 북구청,484,,2020,2020.12.24,임완숙,겨울나무,서양화,구입,,장애인작가,,,개방불가,구두 동의 이후 회신 없음,
,222,광주광역시 북구청,485,,2020,2020.12.24,정동석,정물수채화,서양화,구입,,장애인작가,,,개방불가,구두 동의 이후 회신 없음,
,223,광주광역시 북구청,486,,2020,2020.12.24,최기남,운해가 만든 그림,사진,구입,,기타,,액자집,개방불가,구두 동의 이후 회신 없음,
,224,광주광역시 북구청,487,,2020,2020.12.24,최미영,만추 ,서양화,구입,,장애인작가,,,개방불가,구두 동의 이후 회신 없음,
,225,광주광역시 북구청,488,,2021,2021.04.23.,임문철,"황홀한 가을을 그리는 
무등산 단풍",사진,구입,,,,광주전남사진기자회(구입처),개방불가,이용허락 거부,
,226,광주광역시 북구청,489,"278,370",2021,2021.05.06.,김종훈,차밭 풍경,서양화,구입,,장애인작가,,,개방불가,구두 동의 이후 회신 없음,
,227,광주광역시 북구청,490,,2021,2021.09.30.,박중규,다시 봄,서양화,구입,,장애인작가,,,개방불가,구두 동의 이후 회신 없음,
,228,광주광역시 북구청,491,,2021,2021.09.30.,최태용,메밀꽃 필무렵,"기타
(인두화)",구입,,장애인작가,,,개방불가,구두 동의 이후 회신 없음,
,229,광주광역시 북구청,492,,2021,2021.11.12.,"박성휘
(박성희)",소리숲,서양화,구입,,여성작가,,"2021 북구 문화예술인 상생페스타
- 아트나눔 소품전",개방불가,구두 동의 이후 회신 없음,
,230,광주광역시 북구청,493,,2021,2021.11.12.,신성은,머물고 싶은 곳,서양화,구입,,여성작가,,"2022 북구 문화예술인 상생페스타
- 아트나눔 소품전",개방불가,이용허락 거부,
,231,광주광역시 북구청,494,,2021,2021.11.12.,안수현,해바라기,서양화,구입,,청년작가,,"2023 북구 문화예술인 상생페스타
- 아트나눔 소품전",개방불가,연락 불가,
,232,광주광역시 북구청,495,441,2021,2021.11.12.,양병구,결실,서양화,구입,,청년작가,,"2024 북구 문화예술인 상생페스타
- 아트나눔 소품전",개방불가,구두 동의 이후 회신 없음,
,233,광주광역시 북구청,496,,2021,2021.11.12.,염순영,풀꽃도꽃이다Ⅲ,서양화,구입,,여성작가,,"2025 북구 문화예술인 상생페스타
- 아트나눔 소품전",제4유형,이용허락동의서 작성,
,234,광주광역시 북구청,497,,2021,2021.11.12.,윤세영,Dreamcatcher,한국화,구입,,여성작가,,"2026 북구 문화예술인 상생페스타
- 아트나눔 소품전",개방불가,구두 동의 이후 회신 없음,
,235,광주광역시 북구청,498,,2021,2021.11.12.,이경옥,동행-기억의 시간Ⅱ,한국화,구입,,여성작가,,"2027 북구 문화예술인 상생페스타
- 아트나눔 소품전",개방불가,구두 동의 이후 회신 없음,
,236,광주광역시 북구청,499,435,2021,2021.11.12.,이정옥,여름향기,서양화,구입,,"여성작가
장애인작가",,"2028 북구 문화예술인 상생페스타
- 아트나눔 소품전",제4유형,이용허락동의서 작성,
,237,광주광역시 북구청,500,248,2021,2021.11.12.,정정임,무등의 빛2,서양화,구입,,여성작가,,"2029 북구 문화예술인 상생페스타
- 아트나눔 소품전",개방불가,구두 동의 이후 회신 없음,
,238,광주광역시 북구청,501,,2021,2021.11.12.,주성범,달빛 여행자1,서양화,구입,,중년작가,,"2030 북구 문화예술인 상생페스타
- 아트나눔 소품전",제4유형,이용허락동의서 작성,
,239,광주광역시 북구청,502,,2021,2021.11.12.,"진허
(허진)",밥 말아 먹은 사랑 시리즈,서양화,구입,,여성작가,,"2031 북구 문화예술인 상생페스타
- 아트나눔 소품전",개방불가,구두 동의 이후 회신 없음,
,240,광주광역시 북구청,503,,2021,2021.11.12.,한승희,IN THE HOUSE,서양화,구입,,여성작가,,"2032 북구 문화예술인 상생페스타
- 아트나눔 소품전",개방불가,구두 동의 이후 회신 없음,
,241,광주광역시 북구청,504,,2021,2021.11.25.,박인숙,고향의 노래,서양화,구입,계약,원로작가,,2021 광주아트페어,개방불가,구두 동의 이후 회신 없음,
,242,광주광역시 북구청,505,,2021,2021.11.30.,김형진,맛있는 산수(쌍화탕),한국화,구입,,중견작가,,2021 광주아트페어,제4유형,이용허락동의서 작성,
,243,광주광역시 북구청,506,,2021,2021.11.30.,위진수,향(香),한국화,구입,,여성작가,,2021 광주아트페어,개방불가,구두 동의 이후 회신 없음,
,244,광주광역시 북구청,507,,2021,2021.11.30.,윤정희,숲향마을,서양화,구입,,여성작가,,2021 광주아트페어,개방불가,구두 동의 이후 회신 없음,
,245,광주광역시 북구청,508,,2021,2021.12.15.,설상호,관계,서양화,구입,,중견작가,,,제4유형,이용허락동의서 작성,
,246,광주광역시 북구청,509,,2022,2022.2.17.,김집중,광주 충효동 왕버들,한국화,구입,카드,원로작가,,무등갤러리 전시,제4유형,이용허락동의서 작성,
,247,광주광역시 북구청,510,,2022,2022.3.16.,김옥열,아침14,사진,구입,,중견작가,,양림미술관 기획초대전,제4유형,이용허락동의서 작성,
,248,광주광역시 북구청,511,,2022,2022.4.22.,정용규,빛과 희망 - 무등산,서양화,구입,계약,중년작가,,자미갤러리 기획초대전 '빛과 희망의 노래',제4유형,이용허락동의서 작성,
,249,광주광역시 북구청,512,,2022,2022.5.23.,노종희,Laveder village,서양화,구입,,"장애인작가
/여성작가",,"(사)광주장애인미술협회 창립 30주년 특별전
- 신진작가",개방불가,구두 동의 이후 회신 없음,
,250,광주광역시 북구청,513,343,2022,2022.5.30.,류현자,사모곡 21-1,한국화,구입,,"중견작가/
여성작가",,갤러리 다옴 기획초대전,제4유형,이용허락동의서 작성,
,251,광주광역시 북구청,514,,2022,2022.6.8.,김연수,어흥 ! 춘일,한국화,구입,계약,중년작가,,금봉미술관 기획초대전,개방불가,구두 동의 이후 회신 없음,
,252,광주광역시 북구청,515,,2022,2022.6.24.,류형근,드론쇼,사진,구입,,중년작가,,광주전남사진기자회,제4유형,이용허락동의서 작성,
,253,광주광역시 북구청,516,,2022,2022.6.30.,김기현,운집 달항아리,도자기,구입,계약,중년작가,,,개방불가,구두 동의 이후 회신 없음,
,254,광주광역시 북구청,517,,2022,2022.7.4.,김희소,Morethanafeeling,한국화,구입,,"청년작가
/여성작가",,청년작가 3인전 '세가지 흐름' / 북구청갤러리,제4유형,이용허락동의서 작성,
,255,광주광역시 북구청,518,325,2022,2022.8.24.,김기자,가을이 오는 풍경,서양화,구입,,"장애인작가/
여성작가",,광주장애인미술협회 교류전 / 무등갤러리,개방불가,이용허락 거부,
,256,광주광역시 북구청,519,,2022,2022.9.23.,박제희,행복을 빕니다,한국화,구입,,여성작가,,"자미갤러리 기획초대전 
'겨례 꿈을 이어가는 한국전통채색화'",개방불가,구두 동의 이후 회신 없음,
,257,광주광역시 북구청,520,"384,414",2022,2022.9.27.,전진현,幽蘭(유란),서예,구입,,청년작가,,"서예가 남초 전진현 작가 기획초대전 
/ 화순 태곳미술관 ",제4유형,이용허락동의서 작성,
,258,광주광역시 북구청,521,,2022,2022.10.9.,김다인,Everyday Birthday-6,한국화,구입,,"청년작가
/여성작가",,"아트광주 22 / 김대중컨벤션센터
: 기획전 '라이징 아티스트전'",제4유형,이용허락동의서 작성,
,259,광주광역시 북구청,522,,2022,2022.10.9.,박한빛,put distance 15,한국화,구입,,청년작가,,"아트광주 22 / 김대중컨벤션센터
: 기획전 '라이징 아티스트전'",제4유형,이용허락동의서 작성,
,260,광주광역시 북구청,523,450,2022,2022.11.2.,신선윤,환상의 세계,한국화,구입,,여성작가,,"아트광주 22 / 김대중컨벤션센터
: 갤러리 개별 구입",제4유형,이용허락동의서 작성,
,261,광주광역시 북구청,524,,2022,2022.11.2.,백현호,천지인생-行,한국화,구입,,중견작가,,"아트광주 22 / 김대중컨벤션센터
: 갤러리 개별 구입",개방불가,구두 동의 이후 회신 없음,
,262,광주광역시 북구청,525,425,2022,2022.11.4.,김태규,국조로 불리고 싶은 황새,사진,구입,,중견작가,,자연생태사진전 / 광주시청 2층 시민홀,개방불가,구두 동의 이후 회신 없음,
,263,광주광역시 북구청,527,,2022,2022.12.23.,이황희,마무리 속으로,서양화,구입,,장애인작가,,"30년의 시잔, 28개의 이름 / 컬쳐호텔 람 갤러리",개방불가,구두 동의 이후 회신 없음,
,264,광주광역시 북구청,528,,2022,2022.12.27.,김미숙,꿈을 찾아서,서양화,구입,,여성작가,,,개방불가,구두 동의 이후 회신 없음,
,265,광주광역시 북구청,529,,2023,2023.1.31.,김선희,My little hero,서양화,구입,,여성작가,,,제4유형,이용허락동의서 작성,
,266,광주광역시 북구청,530,"264,339",2023,2023.2.14.,김혁정,풀꽃이야기,서양화,구입,,원로작가,,,제4유형,이용허락동의서 작성,
,267,광주광역시 북구청,531,,2023,2023.4.1.,박은숙,맑은 날,서양화,구입,,여성작가,,,개방불가,구두 동의 이후 회신 없음,
,268,광주광역시 북구청,532,442,2023,2023.4.7.,윤성필,편집된 생태계 - 얼룩말,한국화,구입,,청년작가,,,개방불가,구두 동의 이후 회신 없음,
,269,광주광역시 북구청,533,464,2023,2023.4.19.,김옥순,My way Ⅳ,서양화,구입,계약,여성작가,,,제4유형,이용허락동의서 작성,
,270,광주광역시 북구청,534,,2023,2023.5.19.,김애리,"파란 하늘 아래
펼쳐진 코스모스",사진,구입,,,,,개방불가,구두 동의 이후 회신 없음,
,271,광주광역시 북구청,535,"297,305",2023,2023.5.19.,김진수,"비상하는 한국형 발사체
누리호의 궤적",사진,구입,,중견작가,,,제4유형,이용허락동의서 작성,
,272,광주광역시 북구청,536,,2023,2023.5.20.,이두환,좋아해04,한국화,구입,,중견작가,,,제4유형,이용허락동의서 작성,
,273,광주광역시 북구청,537,,2023,2023.5.26.,장재일,난생,서양화,구입,,장애인작가,,,개방불가,구두 동의 이후 회신 없음,
,274,광주광역시 북구청,538,,2023,2023.6.,김상현,산수유 마을,서양화,구입,계약,중견작가,,,제4유형,이용허락동의서 작성,
,275,광주광역시 북구청,539,,2023,,김미영,모로코의 향기,서양화,,,,,,개방불가,구두 동의 이후 회신 없음,
,276,광주광역시 북구청,540,,2023,,양경모,빛의 사람들,서양화,,,,,,개방불가,구두 동의 이후 회신 없음,
,277,광주광역시 북구청,541,,2023,,"진허
(허진)","내 인생의 가장 젊은 날,
오늘",서양화,,,,,,개방불가,구두 동의 이후 회신 없음,
,278,광주광역시 북구청,542,,2023,,유미란,행복바이러스,서양화,,,,,,개방불가,구두 동의 이후 회신 없음,
,279,광주광역시 북구청,543,,2023,,장용림,"목화, 바람이 지나고…",한국화,,,,,,개방불가,구두 동의 이후 회신 없음,
,280,광주광역시 북구청,544,,2023,,권예솔,클라우드 나인,한국화,,,,,,개방불가,구두 동의 이후 회신 없음,
,281,광주광역시 북구청,545,,2023,,박일광,영광의 파르페,한국화,,,,,,개방불가,구두 동의 이후 회신 없음,
