Unnamed: 0,Unnamed: 1,Unnamed: 2,Unnamed: 3,Unnamed: 4,Unnamed: 5,Unnamed: 6,Unnamed: 7,Unnamed: 8,Unnamed: 9,Unnamed: 10,Unnamed: 11,Unnamed: 12,Unnamed: 13
,국립무형유산원 권리처리 목록 - 무형유산 디지털 아카이브 비표출 콘텐츠,,,,,,,,,,,,
,순번,사이트명,카테고리,공연명,설명,날짜,영상,사진,문서,기존 공공누리 유형,최종 공공누리 유형,계약서 유무,비고
,1,무형유산 디지털 아카이브,2022년 국립무형유산원 기획공연,개막공연_신년보희(新年報喜),-,2022-04-16 00:00:00,1,0,0,비표출,제1유형,계약서/동의서,
,2,무형유산 디지털 아카이브,2022년 국립무형유산원 기획공연,개막공연_신년보희(新年報喜),-,2022-04-16 00:00:00,0,1,0,비표출,제1유형,계약서/동의서,
,3,무형유산 디지털 아카이브,2022년 국립무형유산원 기획공연,개막공연_신년보희(新年報喜),-,2022-04-16 00:00:00,0,1,0,비표출,제1유형,계약서/동의서,
,4,무형유산 디지털 아카이브,2022년 국립무형유산원 기획공연,개막공연_신년보희(新年報喜),-,2022-04-16 00:00:00,0,1,0,비표출,제1유형,계약서/동의서,
,5,무형유산 디지털 아카이브,2022년 국립무형유산원 기획공연,개막공연_신년보희(新年報喜),-,2022-04-16 00:00:00,0,1,0,비표출,제1유형,계약서/동의서,
,6,무형유산 디지털 아카이브,2022년 국립무형유산원 기획공연,개막공연_신년보희(新年報喜),-,2022-04-16 00:00:00,0,1,0,비표출,제1유형,계약서/동의서,
,7,무형유산 디지털 아카이브,2022년 국립무형유산원 기획공연,개막공연_신년보희(新年報喜),-,2022-04-16 00:00:00,0,1,0,비표출,제1유형,계약서/동의서,
,8,무형유산 디지털 아카이브,2022년 국립무형유산원 기획공연,개막공연_신년보희(新年報喜),-,2022-04-16 00:00:00,0,1,0,비표출,제1유형,계약서/동의서,
,9,무형유산 디지털 아카이브,2022년 국립무형유산원 기획공연,개막공연_신년보희(新年報喜),-,2022-04-16 00:00:00,0,1,0,비표출,제1유형,계약서/동의서,
,10,무형유산 디지털 아카이브,2022년 국립무형유산원 기획공연,개막공연_신년보희(新年報喜),-,2022-04-16 00:00:00,0,1,0,비표출,제1유형,계약서/동의서,
,11,무형유산 디지털 아카이브,2022년 국립무형유산원 기획공연,개막공연_신년보희(新年報喜),-,2022-04-16 00:00:00,0,1,0,비표출,제1유형,계약서/동의서,
,12,무형유산 디지털 아카이브,2022년 국립무형유산원 기획공연,개막공연_신년보희(新年報喜),-,2022-04-16 00:00:00,0,1,0,비표출,제1유형,계약서/동의서,
,13,무형유산 디지털 아카이브,2022년 국립무형유산원 기획공연,개막공연_신년보희(新年報喜),-,2022-04-16 00:00:00,0,1,0,비표출,제1유형,계약서/동의서,
,14,무형유산 디지털 아카이브,2022년 국립무형유산원 기획공연,개막공연_신년보희(新年報喜),-,2022-04-16 00:00:00,0,1,0,비표출,제1유형,계약서/동의서,
,15,무형유산 디지털 아카이브,2022년 국립무형유산원 기획공연,개막공연_신년보희(新年報喜),-,2022-04-16 00:00:00,0,1,0,비표출,제1유형,계약서/동의서,
,16,무형유산 디지털 아카이브,2022년 국립무형유산원 기획공연,개막공연_신년보희(新年報喜),-,2022-04-16 00:00:00,0,1,0,비표출,제1유형,계약서/동의서,
,17,무형유산 디지털 아카이브,2022년 국립무형유산원 기획공연,개막공연_신년보희(新年報喜),-,2022-04-16 00:00:00,0,1,0,비표출,제1유형,계약서/동의서,
,18,무형유산 디지털 아카이브,2022년 국립무형유산원 기획공연,개막공연_신년보희(新年報喜),-,2022-04-16 00:00:00,0,1,0,비표출,제1유형,계약서/동의서,
,19,무형유산 디지털 아카이브,2022년 국립무형유산원 기획공연,개막공연_신년보희(新年報喜),-,2022-04-16 00:00:00,0,1,0,비표출,제1유형,계약서/동의서,
,20,무형유산 디지털 아카이브,2022년 국립무형유산원 기획공연,개막공연_신년보희(新年報喜),-,2022-04-16 00:00:00,0,1,0,비표출,제1유형,계약서/동의서,
,21,무형유산 디지털 아카이브,2022년 국립무형유산원 기획공연,개막공연_신년보희(新年報喜),-,2022-04-16 00:00:00,0,1,0,비표출,제1유형,계약서/동의서,
,22,무형유산 디지털 아카이브,2022년 국립무형유산원 기획공연,개막공연_신년보희(新年報喜),-,2022-04-16 00:00:00,0,1,0,비표출,제1유형,계약서/동의서,
,23,무형유산 디지털 아카이브,2022년 국립무형유산원 기획공연,개막공연_신년보희(新年報喜),-,2022-04-16 00:00:00,0,1,0,비표출,제1유형,계약서/동의서,
,24,무형유산 디지털 아카이브,2022년 국립무형유산원 기획공연,개막공연_신년보희(新年報喜),-,2022-04-16 00:00:00,0,1,0,비표출,제1유형,계약서/동의서,
,25,무형유산 디지털 아카이브,2022년 국립무형유산원 기획공연,개막공연_신년보희(新年報喜),-,2022-04-16 00:00:00,0,1,0,비표출,제1유형,계약서/동의서,
,26,무형유산 디지털 아카이브,2022년 국립무형유산원 기획공연,개막공연_신년보희(新年報喜),-,2022-04-16 00:00:00,0,1,0,비표출,제1유형,계약서/동의서,
,27,무형유산 디지털 아카이브,2022년 국립무형유산원 기획공연,개막공연_신년보희(新年報喜),-,2022-04-16 00:00:00,0,1,0,비표출,제1유형,계약서/동의서,
,28,무형유산 디지털 아카이브,2022년 국립무형유산원 기획공연,개막공연_신년보희(新年報喜),-,2022-04-16 00:00:00,0,1,0,비표출,제1유형,계약서/동의서,
,29,무형유산 디지털 아카이브,2022년 국립무형유산원 기획공연,개막공연_신년보희(新年報喜),-,2022-04-16 00:00:00,0,1,0,비표출,제1유형,계약서/동의서,
,30,무형유산 디지털 아카이브,2022년 국립무형유산원 기획공연,개막공연_신년보희(新年報喜),-,2022-04-16 00:00:00,0,1,0,비표출,제1유형,계약서/동의서,
,31,무형유산 디지털 아카이브,2022년 국립무형유산원 기획공연,개막공연_신년보희(新年報喜),-,2022-04-16 00:00:00,0,1,0,비표출,제1유형,계약서/동의서,
,32,무형유산 디지털 아카이브,2022년 국립무형유산원 기획공연,개막공연_신년보희(新年報喜),-,2022-04-16 00:00:00,0,1,0,비표출,제1유형,계약서/동의서,
,33,무형유산 디지털 아카이브,2022년 국립무형유산원 기획공연,개막공연_신년보희(新年報喜),-,2022-04-16 00:00:00,0,1,0,비표출,제1유형,계약서/동의서,
,34,무형유산 디지털 아카이브,2022년 국립무형유산원 기획공연,개막공연_신년보희(新年報喜),-,2022-04-16 00:00:00,0,1,0,비표출,제1유형,계약서/동의서,
,35,무형유산 디지털 아카이브,2022년 국립무형유산원 기획공연,개막공연_신년보희(新年報喜),-,2022-04-16 00:00:00,0,1,0,비표출,제1유형,계약서/동의서,
,36,무형유산 디지털 아카이브,2022년 국립무형유산원 기획공연,개막공연_신년보희(新年報喜),-,2022-04-16 00:00:00,0,1,0,비표출,제1유형,계약서/동의서,
,37,무형유산 디지털 아카이브,2022년 국립무형유산원 기획공연,개막공연_신년보희(新年報喜),-,2022-04-16 00:00:00,0,1,0,비표출,제1유형,계약서/동의서,
,38,무형유산 디지털 아카이브,2022년 국립무형유산원 기획공연,개막공연_신년보희(新年報喜),-,2022-04-16 00:00:00,0,1,0,비표출,제1유형,계약서/동의서,
,39,무형유산 디지털 아카이브,2022년 국립무형유산원 기획공연,개막공연_신년보희(新年報喜),-,2022-04-16 00:00:00,0,1,0,비표출,제1유형,계약서/동의서,
,40,무형유산 디지털 아카이브,2022년 국립무형유산원 기획공연,개막공연_신년보희(新年報喜),-,2022-04-16 00:00:00,0,1,0,비표출,제1유형,계약서/동의서,
,41,무형유산 디지털 아카이브,2022년 국립무형유산원 기획공연,개막공연_신년보희(新年報喜),-,2022-04-16 00:00:00,0,1,0,비표출,제1유형,계약서/동의서,
,42,무형유산 디지털 아카이브,2022년 국립무형유산원 기획공연,개막공연_신년보희(新年報喜),-,2022-04-16 00:00:00,0,1,0,비표출,제1유형,계약서/동의서,
,43,무형유산 디지털 아카이브,2022년 국립무형유산원 기획공연,개막공연_신년보희(新年報喜),-,2022-04-16 00:00:00,0,1,0,비표출,제1유형,계약서/동의서,
,44,무형유산 디지털 아카이브,2022년 국립무형유산원 기획공연,개막공연_신년보희(新年報喜),-,2022-04-16 00:00:00,0,1,0,비표출,제1유형,계약서/동의서,
,45,무형유산 디지털 아카이브,2022년 국립무형유산원 기획공연,개막공연_신년보희(新年報喜),-,2022-04-16 00:00:00,0,1,0,비표출,제1유형,계약서/동의서,
,46,무형유산 디지털 아카이브,2022년 국립무형유산원 기획공연,개막공연_신년보희(新年報喜),-,2022-04-16 00:00:00,0,1,0,비표출,제1유형,계약서/동의서,
,47,무형유산 디지털 아카이브,2022년 국립무형유산원 기획공연,개막공연_신년보희(新年報喜),-,2022-04-16 00:00:00,0,1,0,비표출,제1유형,계약서/동의서,
,48,무형유산 디지털 아카이브,2022년 국립무형유산원 기획공연,개막공연_신년보희(新年報喜),-,2022-04-16 00:00:00,0,1,0,비표출,제1유형,계약서/동의서,
,49,무형유산 디지털 아카이브,2022년 국립무형유산원 기획공연,개막공연_신년보희(新年報喜),-,2022-04-16 00:00:00,0,1,0,비표출,제1유형,계약서/동의서,
,50,무형유산 디지털 아카이브,2022년 국립무형유산원 기획공연,개막공연_신년보희(新年報喜),-,2022-04-16 00:00:00,0,1,0,비표출,제1유형,계약서/동의서,
,51,무형유산 디지털 아카이브,2022년 국립무형유산원 기획공연,개막공연_신년보희(新年報喜),-,2022-04-16 00:00:00,0,1,0,비표출,제1유형,계약서/동의서,
,52,무형유산 디지털 아카이브,2022년 국립무형유산원 기획공연,개막공연_신년보희(新年報喜),-,2022-04-16 00:00:00,0,1,0,비표출,제1유형,계약서/동의서,
,53,무형유산 디지털 아카이브,2022년 국립무형유산원 기획공연,개막공연_신년보희(新年報喜),-,2022-04-16 00:00:00,0,1,0,비표출,제1유형,계약서/동의서,
,54,무형유산 디지털 아카이브,2022년 국립무형유산원 기획공연,개막공연_신년보희(新年報喜),-,2022-04-16 00:00:00,0,1,0,비표출,제1유형,계약서/동의서,
,55,무형유산 디지털 아카이브,2022년 국립무형유산원 기획공연,개막공연_신년보희(新年報喜),-,2022-04-16 00:00:00,0,1,0,비표출,제1유형,계약서/동의서,
,56,무형유산 디지털 아카이브,2022년 국립무형유산원 기획공연,개막공연_신년보희(新年報喜),-,2022-04-16 00:00:00,0,1,0,비표출,제1유형,계약서/동의서,
,57,무형유산 디지털 아카이브,2022년 국립무형유산원 기획공연,개막공연_신년보희(新年報喜),-,2022-04-16 00:00:00,0,1,0,비표출,제1유형,계약서/동의서,
,58,무형유산 디지털 아카이브,2022년 국립무형유산원 기획공연,개막공연_신년보희(新年報喜),-,2022-04-16 00:00:00,0,1,0,비표출,제1유형,계약서/동의서,
,59,무형유산 디지털 아카이브,2022년 국립무형유산원 기획공연,개막공연_신년보희(新年報喜),-,2022-04-16 00:00:00,0,1,0,비표출,제1유형,계약서/동의서,
,60,무형유산 디지털 아카이브,2022년 국립무형유산원 기획공연,개막공연_신년보희(新年報喜),-,2022-04-16 00:00:00,0,1,0,비표출,제1유형,계약서/동의서,
,61,무형유산 디지털 아카이브,2022년 국립무형유산원 기획공연,개막공연_신년보희(新年報喜),-,2022-04-16 00:00:00,0,1,0,비표출,제1유형,계약서/동의서,
,62,무형유산 디지털 아카이브,2022년 국립무형유산원 기획공연,개막공연_신년보희(新年報喜),-,2022-04-16 00:00:00,0,1,0,비표출,제1유형,계약서/동의서,
,63,무형유산 디지털 아카이브,2022년 국립무형유산원 기획공연,개막공연_신년보희(新年報喜),-,2022-04-16 00:00:00,0,1,0,비표출,제1유형,계약서/동의서,
,64,무형유산 디지털 아카이브,2022년 국립무형유산원 기획공연,개막공연_신년보희(新年報喜),-,2022-04-16 00:00:00,0,1,0,비표출,제1유형,계약서/동의서,
,65,무형유산 디지털 아카이브,2022년 국립무형유산원 기획공연,개막공연_신년보희(新年報喜),-,2022-04-16 00:00:00,0,1,0,비표출,제1유형,계약서/동의서,
,66,무형유산 디지털 아카이브,2022년 국립무형유산원 기획공연,개막공연_신년보희(新年報喜),-,2022-04-16 00:00:00,0,1,0,비표출,제1유형,계약서/동의서,
,67,무형유산 디지털 아카이브,2022년 국립무형유산원 기획공연,개막공연_신년보희(新年報喜),-,2022-04-16 00:00:00,0,1,0,비표출,제1유형,계약서/동의서,
,68,무형유산 디지털 아카이브,2022년 국립무형유산원 기획공연,개막공연_신년보희(新年報喜),-,2022-04-16 00:00:00,0,1,0,비표출,제1유형,계약서/동의서,
,69,무형유산 디지털 아카이브,2022년 국립무형유산원 기획공연,개막공연_신년보희(新年報喜),-,2022-04-16 00:00:00,0,1,0,비표출,제1유형,계약서/동의서,
,70,무형유산 디지털 아카이브,2022년 국립무형유산원 기획공연,개막공연_신년보희(新年報喜),-,2022-04-16 00:00:00,0,1,0,비표출,제1유형,계약서/동의서,
,71,무형유산 디지털 아카이브,2022년 국립무형유산원 기획공연,개막공연_신년보희(新年報喜),-,2022-04-16 00:00:00,0,1,0,비표출,제1유형,계약서/동의서,
,72,무형유산 디지털 아카이브,2022년 국립무형유산원 기획공연,개막공연_신년보희(新年報喜),-,2022-04-16 00:00:00,0,1,0,비표출,제1유형,계약서/동의서,
,73,무형유산 디지털 아카이브,2022년 국립무형유산원 기획공연,개막공연_신년보희(新年報喜),-,2022-04-16 00:00:00,0,1,0,비표출,제1유형,계약서/동의서,
,74,무형유산 디지털 아카이브,2022년 국립무형유산원 기획공연,개막공연_신년보희(新年報喜),-,2022-04-16 00:00:00,0,1,0,비표출,제1유형,계약서/동의서,
,75,무형유산 디지털 아카이브,2022년 국립무형유산원 기획공연,개막공연_신년보희(新年報喜),-,2022-04-16 00:00:00,0,1,0,비표출,제1유형,계약서/동의서,
,76,무형유산 디지털 아카이브,2022년 국립무형유산원 기획공연,개막공연_신년보희(新年報喜),-,2022-04-16 00:00:00,0,1,0,비표출,제1유형,계약서/동의서,
,77,무형유산 디지털 아카이브,2022년 국립무형유산원 기획공연,개막공연_신년보희(新年報喜),-,2022-04-16 00:00:00,0,1,0,비표출,제1유형,계약서/동의서,
,78,무형유산 디지털 아카이브,2022년 국립무형유산원 기획공연,개막공연_신년보희(新年報喜),-,2022-04-16 00:00:00,0,1,0,비표출,제1유형,계약서/동의서,
,79,무형유산 디지털 아카이브,2022년 국립무형유산원 기획공연,개막공연_신년보희(新年報喜),-,2022-04-16 00:00:00,0,1,0,비표출,제1유형,계약서/동의서,
,80,무형유산 디지털 아카이브,2022년 국립무형유산원 기획공연,개막공연_신년보희(新年報喜),-,2022-04-16 00:00:00,0,1,0,비표출,제1유형,계약서/동의서,
,81,무형유산 디지털 아카이브,2022년 국립무형유산원 기획공연,개막공연_신년보희(新年報喜),-,2022-04-16 00:00:00,0,1,0,비표출,제1유형,계약서/동의서,
,82,무형유산 디지털 아카이브,2022년 국립무형유산원 기획공연,개막공연_신년보희(新年報喜),-,2022-04-16 00:00:00,0,1,0,비표출,제1유형,계약서/동의서,
,83,무형유산 디지털 아카이브,2022년 국립무형유산원 기획공연,개막공연_신년보희(新年報喜),-,2022-04-16 00:00:00,0,1,0,비표출,제1유형,계약서/동의서,
,84,무형유산 디지털 아카이브,2022년 국립무형유산원 기획공연,개막공연_신년보희(新年報喜),-,2022-04-16 00:00:00,0,1,0,비표출,제1유형,계약서/동의서,
,85,무형유산 디지털 아카이브,2022년 국립무형유산원 기획공연,개막공연_신년보희(新年報喜),-,2022-04-16 00:00:00,0,1,0,비표출,제1유형,계약서/동의서,
,86,무형유산 디지털 아카이브,2022년 국립무형유산원 기획공연,개막공연_신년보희(新年報喜),-,2022-04-16 00:00:00,0,1,0,비표출,제1유형,계약서/동의서,
,87,무형유산 디지털 아카이브,2022년 국립무형유산원 기획공연,개막공연_신년보희(新年報喜),-,2022-04-16 00:00:00,0,1,0,비표출,제1유형,계약서/동의서,
,88,무형유산 디지털 아카이브,2022년 국립무형유산원 기획공연,개막공연_신년보희(新年報喜),-,2022-04-16 00:00:00,0,1,0,비표출,제1유형,계약서/동의서,
,89,무형유산 디지털 아카이브,2022년 국립무형유산원 기획공연,개막공연_신년보희(新年報喜),-,2022-04-16 00:00:00,0,1,0,비표출,제1유형,계약서/동의서,
,90,무형유산 디지털 아카이브,2022년 국립무형유산원 기획공연,개막공연_신년보희(新年報喜),-,2022-04-16 00:00:00,0,1,0,비표출,제1유형,계약서/동의서,
,91,무형유산 디지털 아카이브,2022년 국립무형유산원 기획공연,개막공연_신년보희(新年報喜),-,2022-04-16 00:00:00,0,1,0,비표출,제1유형,계약서/동의서,
,92,무형유산 디지털 아카이브,2022년 국립무형유산원 기획공연,개막공연_신년보희(新年報喜),-,2022-04-16 00:00:00,0,1,0,비표출,제1유형,계약서/동의서,
,93,무형유산 디지털 아카이브,2022년 국립무형유산원 기획공연,개막공연_신년보희(新年報喜),-,2022-04-16 00:00:00,0,1,0,비표출,제1유형,계약서/동의서,
,94,무형유산 디지털 아카이브,2022년 국립무형유산원 기획공연,개막공연_신년보희(新年報喜),-,2022-04-16 00:00:00,0,1,0,비표출,제1유형,계약서/동의서,
,95,무형유산 디지털 아카이브,2022년 국립무형유산원 기획공연,개막공연_신년보희(新年報喜),-,2022-04-16 00:00:00,0,1,0,비표출,제1유형,계약서/동의서,
,96,무형유산 디지털 아카이브,2022년 국립무형유산원 기획공연,개막공연_신년보희(新年報喜),-,2022-04-16 00:00:00,0,1,0,비표출,제1유형,계약서/동의서,
,97,무형유산 디지털 아카이브,2022년 국립무형유산원 기획공연,개막공연_신년보희(新年報喜),-,2022-04-16 00:00:00,0,1,0,비표출,제1유형,계약서/동의서,
,98,무형유산 디지털 아카이브,2022년 국립무형유산원 기획공연,개막공연_신년보희(新年報喜),-,2022-04-16 00:00:00,0,1,0,비표출,제1유형,계약서/동의서,
,99,무형유산 디지털 아카이브,2022년 국립무형유산원 기획공연,개막공연_신년보희(新年報喜),-,2022-04-16 00:00:00,0,1,0,비표출,제1유형,계약서/동의서,
,100,무형유산 디지털 아카이브,2022년 국립무형유산원 기획공연,개막공연_신년보희(新年報喜),-,2022-04-16 00:00:00,0,1,0,비표출,제1유형,계약서/동의서,
,101,무형유산 디지털 아카이브,2022년 국립무형유산원 기획공연,개막공연_신년보희(新年報喜),-,2022-04-16 00:00:00,0,1,0,비표출,제1유형,계약서/동의서,
,102,무형유산 디지털 아카이브,2022년 국립무형유산원 기획공연,개막공연_신년보희(新年報喜),-,2022-04-16 00:00:00,0,1,0,비표출,제1유형,계약서/동의서,
,103,무형유산 디지털 아카이브,2022년 국립무형유산원 기획공연,개막공연_신년보희(新年報喜),-,2022-04-16 00:00:00,0,1,0,비표출,제1유형,계약서/동의서,
,104,무형유산 디지털 아카이브,2022년 국립무형유산원 기획공연,개막공연_신년보희(新年報喜),-,2022-04-16 00:00:00,0,1,0,비표출,제1유형,계약서/동의서,
,105,무형유산 디지털 아카이브,2022년 국립무형유산원 기획공연,개막공연_신년보희(新年報喜),-,2022-04-16 00:00:00,0,1,0,비표출,제1유형,계약서/동의서,
,106,무형유산 디지털 아카이브,2022년 국립무형유산원 기획공연,개막공연_신년보희(新年報喜),-,2022-04-16 00:00:00,0,1,0,비표출,제1유형,계약서/동의서,
,107,무형유산 디지털 아카이브,2022년 국립무형유산원 기획공연,개막공연_신년보희(新年報喜),-,2022-04-16 00:00:00,0,1,0,비표출,제1유형,계약서/동의서,
,108,무형유산 디지털 아카이브,2022년 국립무형유산원 기획공연,개막공연_신년보희(新年報喜),-,2022-04-16 00:00:00,0,1,0,비표출,제1유형,계약서/동의서,
,109,무형유산 디지털 아카이브,2022년 국립무형유산원 기획공연,개막공연_신년보희(新年報喜),-,2022-04-16 00:00:00,0,1,0,비표출,제1유형,계약서/동의서,
,110,무형유산 디지털 아카이브,2022년 국립무형유산원 기획공연,개막공연_신년보희(新年報喜),-,2022-04-16 00:00:00,0,1,0,비표출,제1유형,계약서/동의서,
,111,무형유산 디지털 아카이브,2022년 국립무형유산원 기획공연,개막공연_신년보희(新年報喜),-,2022-04-16 00:00:00,0,1,0,비표출,제1유형,계약서/동의서,
,112,무형유산 디지털 아카이브,2022년 국립무형유산원 기획공연,개막공연_신년보희(新年報喜),-,2022-04-16 00:00:00,0,1,0,비표출,제1유형,계약서/동의서,
,113,무형유산 디지털 아카이브,2022년 국립무형유산원 기획공연,개막공연_신년보희(新年報喜),-,2022-04-16 00:00:00,0,1,0,비표출,제1유형,계약서/동의서,
,114,무형유산 디지털 아카이브,2022년 국립무형유산원 기획공연,개막공연_신년보희(新年報喜),-,2022-04-16 00:00:00,0,1,0,비표출,제1유형,계약서/동의서,
,115,무형유산 디지털 아카이브,2022년 국립무형유산원 기획공연,개막공연_신년보희(新年報喜),-,2022-04-16 00:00:00,0,1,0,비표출,제1유형,계약서/동의서,
,116,무형유산 디지털 아카이브,2022년 국립무형유산원 기획공연,개막공연_신년보희(新年報喜),-,2022-04-16 00:00:00,0,1,0,비표출,제1유형,계약서/동의서,
,117,무형유산 디지털 아카이브,2022년 국립무형유산원 기획공연,개막공연_신년보희(新年報喜),-,2022-04-16 00:00:00,0,1,0,비표출,제1유형,계약서/동의서,
,118,무형유산 디지털 아카이브,2022년 국립무형유산원 기획공연,개막공연_신년보희(新年報喜),-,2022-04-16 00:00:00,0,1,0,비표출,제1유형,계약서/동의서,
,119,무형유산 디지털 아카이브,2022년 국립무형유산원 기획공연,개막공연_신년보희(新年報喜),-,2022-04-16 00:00:00,0,1,0,비표출,제1유형,계약서/동의서,
,120,무형유산 디지털 아카이브,2022년 국립무형유산원 기획공연,개막공연_신년보희(新年報喜),-,2022-04-16 00:00:00,0,1,0,비표출,제1유형,계약서/동의서,
,121,무형유산 디지털 아카이브,2022년 국립무형유산원 기획공연,개막공연_신년보희(新年報喜),-,2022-04-16 00:00:00,0,1,0,비표출,제1유형,계약서/동의서,
,122,무형유산 디지털 아카이브,2022년 국립무형유산원 기획공연,개막공연_신년보희(新年報喜),-,2022-04-16 00:00:00,0,1,0,비표출,제1유형,계약서/동의서,
,123,무형유산 디지털 아카이브,2022년 국립무형유산원 기획공연,개막공연_신년보희(新年報喜),-,2022-04-16 00:00:00,0,1,0,비표출,제1유형,계약서/동의서,
,124,무형유산 디지털 아카이브,2022년 국립무형유산원 기획공연,개막공연_신년보희(新年報喜),-,2022-04-16 00:00:00,0,1,0,비표출,제1유형,계약서/동의서,
,125,무형유산 디지털 아카이브,2022년 국립무형유산원 기획공연,개막공연_신년보희(新年報喜),-,2022-04-16 00:00:00,0,1,0,비표출,제1유형,계약서/동의서,
,126,무형유산 디지털 아카이브,2022년 국립무형유산원 기획공연,개막공연_신년보희(新年報喜),-,2022-04-16 00:00:00,0,1,0,비표출,제1유형,계약서/동의서,
,127,무형유산 디지털 아카이브,2022년 국립무형유산원 기획공연,개막공연_신년보희(新年報喜),-,2022-04-16 00:00:00,0,1,0,비표출,제1유형,계약서/동의서,
,128,무형유산 디지털 아카이브,2022년 국립무형유산원 기획공연,개막공연_신년보희(新年報喜),-,2022-04-16 00:00:00,0,1,0,비표출,제1유형,계약서/동의서,
,129,무형유산 디지털 아카이브,2022년 국립무형유산원 기획공연,개막공연_신년보희(新年報喜),-,2022-04-16 00:00:00,0,1,0,비표출,제1유형,계약서/동의서,
,130,무형유산 디지털 아카이브,2022년 국립무형유산원 기획공연,개막공연_신년보희(新年報喜),-,2022-04-16 00:00:00,0,1,0,비표출,제1유형,계약서/동의서,
,131,무형유산 디지털 아카이브,2022년 국립무형유산원 기획공연,개막공연_신년보희(新年報喜),-,2022-04-16 00:00:00,0,1,0,비표출,제1유형,계약서/동의서,
,132,무형유산 디지털 아카이브,2022년 국립무형유산원 기획공연,개막공연_신년보희(新年報喜),-,2022-04-16 00:00:00,0,1,0,비표출,제1유형,계약서/동의서,
,133,무형유산 디지털 아카이브,2022년 국립무형유산원 기획공연,개막공연_신년보희(新年報喜),-,2022-04-16 00:00:00,0,1,0,비표출,제1유형,계약서/동의서,
,134,무형유산 디지털 아카이브,2022년 국립무형유산원 기획공연,개막공연_신년보희(新年報喜),-,2022-04-16 00:00:00,0,1,0,비표출,제1유형,계약서/동의서,
,135,무형유산 디지털 아카이브,2022년 국립무형유산원 기획공연,개막공연_신년보희(新年報喜),-,2022-04-16 00:00:00,0,1,0,비표출,제1유형,계약서/동의서,
,136,무형유산 디지털 아카이브,2022년 국립무형유산원 기획공연,개막공연_신년보희(新年報喜),-,2022-04-16 00:00:00,0,1,0,비표출,제1유형,계약서/동의서,
,137,무형유산 디지털 아카이브,2022년 국립무형유산원 기획공연,개막공연_신년보희(新年報喜),-,2022-04-16 00:00:00,0,1,0,비표출,제1유형,계약서/동의서,
,138,무형유산 디지털 아카이브,2022년 국립무형유산원 기획공연,개막공연_신년보희(新年報喜),-,2022-04-16 00:00:00,0,1,0,비표출,제1유형,계약서/동의서,
,139,무형유산 디지털 아카이브,2022년 국립무형유산원 기획공연,개막공연_신년보희(新年報喜),-,2022-04-16 00:00:00,0,1,0,비표출,제1유형,계약서/동의서,
,140,무형유산 디지털 아카이브,2022년 국립무형유산원 기획공연,개막공연_신년보희(新年報喜),-,2022-04-16 00:00:00,0,1,0,비표출,제1유형,계약서/동의서,
,141,무형유산 디지털 아카이브,2022년 국립무형유산원 기획공연,개막공연_신년보희(新年報喜),-,2022-04-16 00:00:00,0,1,0,비표출,제1유형,계약서/동의서,
,142,무형유산 디지털 아카이브,2022년 국립무형유산원 기획공연,개막공연_신년보희(新年報喜),-,2022-04-16 00:00:00,0,1,0,비표출,제1유형,계약서/동의서,
,143,무형유산 디지털 아카이브,2022년 국립무형유산원 기획공연,개막공연_신년보희(新年報喜),-,2022-04-16 00:00:00,0,1,0,비표출,제1유형,계약서/동의서,
,144,무형유산 디지털 아카이브,2022년 국립무형유산원 기획공연,개막공연_신년보희(新年報喜),-,2022-04-16 00:00:00,0,1,0,비표출,제1유형,계약서/동의서,
,145,무형유산 디지털 아카이브,2022년 국립무형유산원 기획공연,개막공연_신년보희(新年報喜),-,2022-04-16 00:00:00,0,1,0,비표출,제1유형,계약서/동의서,
,146,무형유산 디지털 아카이브,2022년 국립무형유산원 기획공연,개막공연_신년보희(新年報喜),-,2022-04-16 00:00:00,0,1,0,비표출,제1유형,계약서/동의서,
,147,무형유산 디지털 아카이브,2022년 국립무형유산원 기획공연,개막공연_신년보희(新年報喜),-,2022-04-16 00:00:00,0,1,0,비표출,제1유형,계약서/동의서,
,148,무형유산 디지털 아카이브,2022년 국립무형유산원 기획공연,개막공연_신년보희(新年報喜),-,2022-04-16 00:00:00,0,1,0,비표출,제1유형,계약서/동의서,
,149,무형유산 디지털 아카이브,2022년 국립무형유산원 기획공연,개막공연_신년보희(新年報喜),-,2022-04-16 00:00:00,0,1,0,비표출,제1유형,계약서/동의서,
,150,무형유산 디지털 아카이브,2022년 국립무형유산원 기획공연,개막공연_신년보희(新年報喜),-,2022-04-16 00:00:00,0,1,0,비표출,제1유형,계약서/동의서,
,151,무형유산 디지털 아카이브,2022년 국립무형유산원 기획공연,개막공연_신년보희(新年報喜),-,2022-04-16 00:00:00,0,1,0,비표출,제1유형,계약서/동의서,
,152,무형유산 디지털 아카이브,2022년 국립무형유산원 기획공연,개막공연_신년보희(新年報喜),-,2022-04-16 00:00:00,0,1,0,비표출,제1유형,계약서/동의서,
,153,무형유산 디지털 아카이브,2022년 국립무형유산원 기획공연,개막공연_신년보희(新年報喜),-,2022-04-16 00:00:00,0,1,0,비표출,제1유형,계약서/동의서,
,154,무형유산 디지털 아카이브,2022년 국립무형유산원 기획공연,개막공연_신년보희(新年報喜),-,2022-04-16 00:00:00,0,1,0,비표출,제1유형,계약서/동의서,
,155,무형유산 디지털 아카이브,2022년 국립무형유산원 기획공연,개막공연_신년보희(新年報喜),-,2022-04-16 00:00:00,0,1,0,비표출,제1유형,계약서/동의서,
,156,무형유산 디지털 아카이브,2022년 국립무형유산원 기획공연,전통연희 판놀음_당골포차,-,2022-04-22 00:00:00,1,0,0,비표출,제1유형,계약서/동의서,
,157,무형유산 디지털 아카이브,2022년 국립무형유산원 기획공연,전통연희 판놀음_당골포차,-,2022-04-22 00:00:00,0,1,0,비표출,제1유형,계약서/동의서,
,158,무형유산 디지털 아카이브,2022년 국립무형유산원 기획공연,전통연희 판놀음_당골포차,-,2022-04-22 00:00:00,0,1,0,비표출,제1유형,계약서/동의서,
,159,무형유산 디지털 아카이브,2022년 국립무형유산원 기획공연,전통연희 판놀음_당골포차,-,2022-04-22 00:00:00,0,1,0,비표출,제1유형,계약서/동의서,
,160,무형유산 디지털 아카이브,2022년 국립무형유산원 기획공연,전통연희 판놀음_당골포차,-,2022-04-22 00:00:00,0,1,0,비표출,제1유형,계약서/동의서,
,161,무형유산 디지털 아카이브,2022년 국립무형유산원 기획공연,전통연희 판놀음_당골포차,-,2022-04-22 00:00:00,0,1,0,비표출,제1유형,계약서/동의서,
,162,무형유산 디지털 아카이브,2022년 국립무형유산원 기획공연,전통연희 판놀음_당골포차,-,2022-04-22 00:00:00,0,1,0,비표출,제1유형,계약서/동의서,
,163,무형유산 디지털 아카이브,2022년 국립무형유산원 기획공연,전통연희 판놀음_당골포차,-,2022-04-22 00:00:00,0,1,0,비표출,제1유형,계약서/동의서,
,164,무형유산 디지털 아카이브,2022년 국립무형유산원 기획공연,전통연희 판놀음_당골포차,-,2022-04-22 00:00:00,0,1,0,비표출,제1유형,계약서/동의서,
,165,무형유산 디지털 아카이브,2022년 국립무형유산원 기획공연,전통연희 판놀음_당골포차,-,2022-04-22 00:00:00,0,1,0,비표출,제1유형,계약서/동의서,
,166,무형유산 디지털 아카이브,2022년 국립무형유산원 기획공연,전통연희 판놀음_당골포차,-,2022-04-22 00:00:00,0,1,0,비표출,제1유형,계약서/동의서,
,167,무형유산 디지털 아카이브,2022년 국립무형유산원 기획공연,전통연희 판놀음_당골포차,-,2022-04-22 00:00:00,0,1,0,비표출,제1유형,계약서/동의서,
,168,무형유산 디지털 아카이브,2022년 국립무형유산원 기획공연,전통연희 판놀음_당골포차,-,2022-04-22 00:00:00,0,1,0,비표출,제1유형,계약서/동의서,
,169,무형유산 디지털 아카이브,2022년 국립무형유산원 기획공연,전통연희 판놀음_당골포차,-,2022-04-22 00:00:00,0,1,0,비표출,제1유형,계약서/동의서,
,170,무형유산 디지털 아카이브,2022년 국립무형유산원 기획공연,전통연희 판놀음_당골포차,-,2022-04-22 00:00:00,0,1,0,비표출,제1유형,계약서/동의서,
,171,무형유산 디지털 아카이브,2022년 국립무형유산원 기획공연,전통연희 판놀음_당골포차,-,2022-04-22 00:00:00,0,1,0,비표출,제1유형,계약서/동의서,
,172,무형유산 디지털 아카이브,2022년 국립무형유산원 기획공연,전통연희 판놀음_당골포차,-,2022-04-22 00:00:00,0,1,0,비표출,제1유형,계약서/동의서,
,173,무형유산 디지털 아카이브,2022년 국립무형유산원 기획공연,전통연희 판놀음_당골포차,-,2022-04-22 00:00:00,0,1,0,비표출,제1유형,계약서/동의서,
,174,무형유산 디지털 아카이브,2022년 국립무형유산원 기획공연,전통연희 판놀음_당골포차,-,2022-04-22 00:00:00,0,1,0,비표출,제1유형,계약서/동의서,
,175,무형유산 디지털 아카이브,2022년 국립무형유산원 기획공연,전통연희 판놀음_당골포차,-,2022-04-22 00:00:00,0,1,0,비표출,제1유형,계약서/동의서,
,176,무형유산 디지털 아카이브,2022년 국립무형유산원 기획공연,전통연희 판놀음_당골포차,-,2022-04-22 00:00:00,0,1,0,비표출,제1유형,계약서/동의서,
,177,무형유산 디지털 아카이브,2022년 국립무형유산원 기획공연,전통연희 판놀음_당골포차,-,2022-04-22 00:00:00,0,1,0,비표출,제1유형,계약서/동의서,
,178,무형유산 디지털 아카이브,2022년 국립무형유산원 기획공연,전통연희 판놀음_당골포차,-,2022-04-22 00:00:00,0,1,0,비표출,제1유형,계약서/동의서,
,179,무형유산 디지털 아카이브,2022년 국립무형유산원 기획공연,전통연희 판놀음_당골포차,-,2022-04-22 00:00:00,0,1,0,비표출,제1유형,계약서/동의서,
,180,무형유산 디지털 아카이브,2022년 국립무형유산원 기획공연,전통연희 판놀음_당골포차,-,2022-04-22 00:00:00,0,1,0,비표출,제1유형,계약서/동의서,
,181,무형유산 디지털 아카이브,2022년 국립무형유산원 기획공연,전통연희 판놀음_당골포차,-,2022-04-22 00:00:00,0,1,0,비표출,제1유형,계약서/동의서,
,182,무형유산 디지털 아카이브,2022년 국립무형유산원 기획공연,전통연희 판놀음_당골포차,-,2022-04-22 00:00:00,0,1,0,비표출,제1유형,계약서/동의서,
,183,무형유산 디지털 아카이브,2022년 국립무형유산원 기획공연,전통연희 판놀음_당골포차,-,2022-04-22 00:00:00,0,1,0,비표출,제1유형,계약서/동의서,
,184,무형유산 디지털 아카이브,2022년 국립무형유산원 기획공연,전통연희 판놀음_당골포차,-,2022-04-22 00:00:00,0,1,0,비표출,제1유형,계약서/동의서,
,185,무형유산 디지털 아카이브,2022년 국립무형유산원 기획공연,전통연희 판놀음_당골포차,-,2022-04-22 00:00:00,0,1,0,비표출,제1유형,계약서/동의서,
,186,무형유산 디지털 아카이브,2022년 국립무형유산원 기획공연,전통연희 판놀음_당골포차,-,2022-04-22 00:00:00,0,1,0,비표출,제1유형,계약서/동의서,
,187,무형유산 디지털 아카이브,2022년 국립무형유산원 기획공연,전통연희 판놀음_당골포차,-,2022-04-22 00:00:00,0,1,0,비표출,제1유형,계약서/동의서,
,188,무형유산 디지털 아카이브,2022년 국립무형유산원 기획공연,전통연희 판놀음_당골포차,-,2022-04-22 00:00:00,0,1,0,비표출,제1유형,계약서/동의서,
,189,무형유산 디지털 아카이브,2022년 국립무형유산원 기획공연,전통연희 판놀음_당골포차,-,2022-04-22 00:00:00,0,1,0,비표출,제1유형,계약서/동의서,
,190,무형유산 디지털 아카이브,2022년 국립무형유산원 기획공연,전통연희 판놀음_당골포차,-,2022-04-22 00:00:00,0,1,0,비표출,제1유형,계약서/동의서,
,191,무형유산 디지털 아카이브,2022년 국립무형유산원 기획공연,전통연희 판놀음_당골포차,-,2022-04-22 00:00:00,0,1,0,비표출,제1유형,계약서/동의서,
,192,무형유산 디지털 아카이브,2022년 국립무형유산원 기획공연,전통연희 판놀음_당골포차,-,2022-04-22 00:00:00,0,1,0,비표출,제1유형,계약서/동의서,
,193,무형유산 디지털 아카이브,2022년 국립무형유산원 기획공연,전통연희 판놀음_당골포차,-,2022-04-22 00:00:00,0,1,0,비표출,제1유형,계약서/동의서,
,194,무형유산 디지털 아카이브,2022년 국립무형유산원 기획공연,전통연희 판놀음_당골포차,-,2022-04-22 00:00:00,0,1,0,비표출,제1유형,계약서/동의서,
,195,무형유산 디지털 아카이브,2022년 국립무형유산원 기획공연,전통연희 판놀음_당골포차,-,2022-04-22 00:00:00,0,1,0,비표출,제1유형,계약서/동의서,
,196,무형유산 디지털 아카이브,2022년 국립무형유산원 기획공연,전통연희 판놀음_당골포차,-,2022-04-22 00:00:00,0,1,0,비표출,제1유형,계약서/동의서,
,197,무형유산 디지털 아카이브,2022년 국립무형유산원 기획공연,전통연희 판놀음_당골포차,-,2022-04-22 00:00:00,0,1,0,비표출,제1유형,계약서/동의서,
,198,무형유산 디지털 아카이브,2022년 국립무형유산원 기획공연,전통연희 판놀음_당골포차,-,2022-04-22 00:00:00,0,1,0,비표출,제1유형,계약서/동의서,
,199,무형유산 디지털 아카이브,2022년 국립무형유산원 기획공연,전통연희 판놀음_당골포차,-,2022-04-22 00:00:00,0,1,0,비표출,제1유형,계약서/동의서,
,200,무형유산 디지털 아카이브,2022년 국립무형유산원 기획공연,전통연희 판놀음_당골포차,-,2022-04-22 00:00:00,0,1,0,비표출,제1유형,계약서/동의서,
,201,무형유산 디지털 아카이브,2022년 국립무형유산원 기획공연,전통연희 판놀음_당골포차,-,2022-04-22 00:00:00,0,1,0,비표출,제1유형,계약서/동의서,
,202,무형유산 디지털 아카이브,2022년 국립무형유산원 기획공연,전통연희 판놀음_당골포차,-,2022-04-22 00:00:00,0,1,0,비표출,제1유형,계약서/동의서,
,203,무형유산 디지털 아카이브,2022년 국립무형유산원 기획공연,전통연희 판놀음_당골포차,-,2022-04-22 00:00:00,0,1,0,비표출,제1유형,계약서/동의서,
,204,무형유산 디지털 아카이브,2022년 국립무형유산원 기획공연,전통연희 판놀음_당골포차,-,2022-04-22 00:00:00,0,1,0,비표출,제1유형,계약서/동의서,
,205,무형유산 디지털 아카이브,2022년 국립무형유산원 기획공연,전통연희 판놀음_당골포차,-,2022-04-22 00:00:00,0,1,0,비표출,제1유형,계약서/동의서,
,206,무형유산 디지털 아카이브,2022년 국립무형유산원 기획공연,전통연희 판놀음_당골포차,-,2022-04-22 00:00:00,0,1,0,비표출,제1유형,계약서/동의서,
,207,무형유산 디지털 아카이브,2022년 국립무형유산원 기획공연,전통연희 판놀음_당골포차,-,2022-04-22 00:00:00,0,1,0,비표출,제1유형,계약서/동의서,
,208,무형유산 디지털 아카이브,2022년 국립무형유산원 기획공연,전통연희 판놀음_당골포차,-,2022-04-22 00:00:00,0,1,0,비표출,제1유형,계약서/동의서,
,209,무형유산 디지털 아카이브,2022년 국립무형유산원 기획공연,전통연희 판놀음_당골포차,-,2022-04-22 00:00:00,0,1,0,비표출,제1유형,계약서/동의서,
,210,무형유산 디지털 아카이브,2022년 국립무형유산원 기획공연,전통연희 판놀음_당골포차,-,2022-04-22 00:00:00,0,1,0,비표출,제1유형,계약서/동의서,
,211,무형유산 디지털 아카이브,2022년 국립무형유산원 기획공연,전통연희 판놀음_당골포차,-,2022-04-22 00:00:00,0,1,0,비표출,제1유형,계약서/동의서,
,212,무형유산 디지털 아카이브,2022년 국립무형유산원 기획공연,전통연희 판놀음_당골포차,-,2022-04-22 00:00:00,0,1,0,비표출,제1유형,계약서/동의서,
,213,무형유산 디지털 아카이브,2022년 국립무형유산원 기획공연,전통연희 판놀음_연희 1986,-,2022-04-22 00:00:00,1,0,0,비표출,제1유형,계약서/동의서,
,214,무형유산 디지털 아카이브,2022년 국립무형유산원 기획공연,전통연희 판놀음_연희 1986,-,2022-04-22 00:00:00,0,1,0,비표출,제1유형,계약서/동의서,
,215,무형유산 디지털 아카이브,2022년 국립무형유산원 기획공연,전통연희 판놀음_연희 1986,-,2022-04-22 00:00:00,0,1,0,비표출,제1유형,계약서/동의서,
,216,무형유산 디지털 아카이브,2022년 국립무형유산원 기획공연,전통연희 판놀음_연희 1986,-,2022-04-22 00:00:00,0,1,0,비표출,제1유형,계약서/동의서,
,217,무형유산 디지털 아카이브,2022년 국립무형유산원 기획공연,전통연희 판놀음_연희 1986,-,2022-04-22 00:00:00,0,1,0,비표출,제1유형,계약서/동의서,
,218,무형유산 디지털 아카이브,2022년 국립무형유산원 기획공연,전통연희 판놀음_연희 1986,-,2022-04-22 00:00:00,0,1,0,비표출,제1유형,계약서/동의서,
,219,무형유산 디지털 아카이브,2022년 국립무형유산원 기획공연,전통연희 판놀음_연희 1986,-,2022-04-22 00:00:00,0,1,0,비표출,제1유형,계약서/동의서,
,220,무형유산 디지털 아카이브,2022년 국립무형유산원 기획공연,전통연희 판놀음_연희 1986,-,2022-04-22 00:00:00,0,1,0,비표출,제1유형,계약서/동의서,
,221,무형유산 디지털 아카이브,2022년 국립무형유산원 기획공연,전통연희 판놀음_연희 1986,-,2022-04-22 00:00:00,0,1,0,비표출,제1유형,계약서/동의서,
,222,무형유산 디지털 아카이브,2022년 국립무형유산원 기획공연,전통연희 판놀음_연희 1986,-,2022-04-22 00:00:00,0,1,0,비표출,제1유형,계약서/동의서,
,223,무형유산 디지털 아카이브,2022년 국립무형유산원 기획공연,전통연희 판놀음_연희 1986,-,2022-04-22 00:00:00,0,1,0,비표출,제1유형,계약서/동의서,
,224,무형유산 디지털 아카이브,2022년 국립무형유산원 기획공연,전통연희 판놀음_연희 1986,-,2022-04-22 00:00:00,0,1,0,비표출,제1유형,계약서/동의서,
,225,무형유산 디지털 아카이브,2022년 국립무형유산원 기획공연,전통연희 판놀음_연희 1986,-,2022-04-22 00:00:00,0,1,0,비표출,제1유형,계약서/동의서,
,226,무형유산 디지털 아카이브,2022년 국립무형유산원 기획공연,전통연희 판놀음_연희 1986,-,2022-04-22 00:00:00,0,1,0,비표출,제1유형,계약서/동의서,
,227,무형유산 디지털 아카이브,2022년 국립무형유산원 기획공연,전통연희 판놀음_연희 1986,-,2022-04-22 00:00:00,0,1,0,비표출,제1유형,계약서/동의서,
,228,무형유산 디지털 아카이브,2022년 국립무형유산원 기획공연,전통연희 판놀음_연희 1986,-,2022-04-22 00:00:00,0,1,0,비표출,제1유형,계약서/동의서,
,229,무형유산 디지털 아카이브,2022년 국립무형유산원 기획공연,전통연희 판놀음_연희 1986,-,2022-04-22 00:00:00,0,1,0,비표출,제1유형,계약서/동의서,
,230,무형유산 디지털 아카이브,2022년 국립무형유산원 기획공연,전통연희 판놀음_연희 1986,-,2022-04-22 00:00:00,0,1,0,비표출,제1유형,계약서/동의서,
,231,무형유산 디지털 아카이브,2022년 국립무형유산원 기획공연,전통연희 판놀음_연희 1986,-,2022-04-22 00:00:00,0,1,0,비표출,제1유형,계약서/동의서,
,232,무형유산 디지털 아카이브,2022년 국립무형유산원 기획공연,전통연희 판놀음_연희 1986,-,2022-04-22 00:00:00,0,1,0,비표출,제1유형,계약서/동의서,
,233,무형유산 디지털 아카이브,2022년 국립무형유산원 기획공연,전통연희 판놀음_연희 1986,-,2022-04-22 00:00:00,0,1,0,비표출,제1유형,계약서/동의서,
,234,무형유산 디지털 아카이브,2022년 국립무형유산원 기획공연,전통연희 판놀음_연희 1986,-,2022-04-22 00:00:00,0,1,0,비표출,제1유형,계약서/동의서,
,235,무형유산 디지털 아카이브,2022년 국립무형유산원 기획공연,전통연희 판놀음_연희 1986,-,2022-04-22 00:00:00,0,1,0,비표출,제1유형,계약서/동의서,
,236,무형유산 디지털 아카이브,2022년 국립무형유산원 기획공연,전통연희 판놀음_연희 1986,-,2022-04-22 00:00:00,0,1,0,비표출,제1유형,계약서/동의서,
,237,무형유산 디지털 아카이브,2022년 국립무형유산원 기획공연,전통연희 판놀음_연희 1986,-,2022-04-22 00:00:00,0,1,0,비표출,제1유형,계약서/동의서,
,238,무형유산 디지털 아카이브,2022년 국립무형유산원 기획공연,전통연희 판놀음_연희 1986,-,2022-04-22 00:00:00,0,1,0,비표출,제1유형,계약서/동의서,
,239,무형유산 디지털 아카이브,2022년 국립무형유산원 기획공연,전통연희 판놀음_연희 1986,-,2022-04-22 00:00:00,0,1,0,비표출,제1유형,계약서/동의서,
,240,무형유산 디지털 아카이브,2022년 국립무형유산원 기획공연,전통연희 판놀음_연희 1986,-,2022-04-22 00:00:00,0,1,0,비표출,제1유형,계약서/동의서,
,241,무형유산 디지털 아카이브,2022년 국립무형유산원 기획공연,전통연희 판놀음_연희 1986,-,2022-04-22 00:00:00,0,1,0,비표출,제1유형,계약서/동의서,
,242,무형유산 디지털 아카이브,2022년 국립무형유산원 기획공연,전통연희 판놀음_연희 1986,-,2022-04-22 00:00:00,0,1,0,비표출,제1유형,계약서/동의서,
,243,무형유산 디지털 아카이브,2022년 국립무형유산원 기획공연,전통연희 판놀음_연희 1986,-,2022-04-22 00:00:00,0,1,0,비표출,제1유형,계약서/동의서,
,244,무형유산 디지털 아카이브,2022년 국립무형유산원 기획공연,전통연희 판놀음_연희 1986,-,2022-04-22 00:00:00,0,1,0,비표출,제1유형,계약서/동의서,
,245,무형유산 디지털 아카이브,2022년 국립무형유산원 기획공연,전통연희 판놀음_연희 1986,-,2022-04-22 00:00:00,0,1,0,비표출,제1유형,계약서/동의서,
,246,무형유산 디지털 아카이브,2022년 국립무형유산원 기획공연,전통연희 판놀음_연희 1986,-,2022-04-22 00:00:00,0,1,0,비표출,제1유형,계약서/동의서,
,247,무형유산 디지털 아카이브,2022년 국립무형유산원 기획공연,전통연희 판놀음_연희 1986,-,2022-04-22 00:00:00,0,1,0,비표출,제1유형,계약서/동의서,
,248,무형유산 디지털 아카이브,2022년 국립무형유산원 기획공연,전통연희 판놀음_연희 1986,-,2022-04-22 00:00:00,0,1,0,비표출,제1유형,계약서/동의서,
,249,무형유산 디지털 아카이브,2022년 국립무형유산원 기획공연,전통연희 판놀음_연희 1986,-,2022-04-22 00:00:00,0,1,0,비표출,제1유형,계약서/동의서,
,250,무형유산 디지털 아카이브,2022년 국립무형유산원 기획공연,전통연희 판놀음_연희 1986,-,2022-04-22 00:00:00,0,1,0,비표출,제1유형,계약서/동의서,
,251,무형유산 디지털 아카이브,2022년 국립무형유산원 기획공연,전통연희 판놀음_연희 1986,-,2022-04-22 00:00:00,0,1,0,비표출,제1유형,계약서/동의서,
,252,무형유산 디지털 아카이브,2022년 국립무형유산원 기획공연,전통연희 판놀음_연희 1986,-,2022-04-22 00:00:00,0,1,0,비표출,제1유형,계약서/동의서,
,253,무형유산 디지털 아카이브,2022년 국립무형유산원 기획공연,전통연희 판놀음_연희 1986,-,2022-04-22 00:00:00,0,1,0,비표출,제1유형,계약서/동의서,
,254,무형유산 디지털 아카이브,2022년 국립무형유산원 기획공연,전통연희 판놀음_연희 1986,-,2022-04-22 00:00:00,0,1,0,비표출,제1유형,계약서/동의서,
,255,무형유산 디지털 아카이브,2022년 국립무형유산원 기획공연,전통연희 판놀음_연희 1986,-,2022-04-22 00:00:00,0,1,0,비표출,제1유형,계약서/동의서,
,256,무형유산 디지털 아카이브,2022년 국립무형유산원 기획공연,전통연희 판놀음_연희 1986,-,2022-04-22 00:00:00,0,1,0,비표출,제1유형,계약서/동의서,
,257,무형유산 디지털 아카이브,2022년 국립무형유산원 기획공연,전통연희 판놀음_연희 1986,-,2022-04-22 00:00:00,0,1,0,비표출,제1유형,계약서/동의서,
,258,무형유산 디지털 아카이브,2022년 국립무형유산원 기획공연,전통연희 판놀음_연희 1986,-,2022-04-22 00:00:00,0,1,0,비표출,제1유형,계약서/동의서,
,259,무형유산 디지털 아카이브,2022년 국립무형유산원 기획공연,전통연희 판놀음_연희 1986,-,2022-04-22 00:00:00,0,1,0,비표출,제1유형,계약서/동의서,
,260,무형유산 디지털 아카이브,2022년 국립무형유산원 기획공연,전통연희 판놀음_연희 1986,-,2022-04-22 00:00:00,0,1,0,비표출,제1유형,계약서/동의서,
,261,무형유산 디지털 아카이브,2022년 국립무형유산원 기획공연,전통연희 판놀음_연희 1986,-,2022-04-22 00:00:00,0,1,0,비표출,제1유형,계약서/동의서,
,262,무형유산 디지털 아카이브,2022년 국립무형유산원 기획공연,전통연희 판놀음_연희 1986,-,2022-04-22 00:00:00,0,1,0,비표출,제1유형,계약서/동의서,
,263,무형유산 디지털 아카이브,2022년 국립무형유산원 기획공연,전통연희 판놀음_연희 1986,-,2022-04-22 00:00:00,0,1,0,비표출,제1유형,계약서/동의서,
,264,무형유산 디지털 아카이브,2022년 국립무형유산원 기획공연,전통연희 판놀음_연희 1986,-,2022-04-22 00:00:00,0,1,0,비표출,제1유형,계약서/동의서,
,265,무형유산 디지털 아카이브,2022년 국립무형유산원 기획공연,전통연희 판놀음_연희 1986,-,2022-04-22 00:00:00,0,1,0,비표출,제1유형,계약서/동의서,
,266,무형유산 디지털 아카이브,2022년 국립무형유산원 기획공연,전통연희 판놀음_연희 1986,-,2022-04-22 00:00:00,0,1,0,비표출,제1유형,계약서/동의서,
,267,무형유산 디지털 아카이브,2022년 국립무형유산원 기획공연,전통연희 판놀음_연희 1986,-,2022-04-22 00:00:00,0,1,0,비표출,제1유형,계약서/동의서,
,268,무형유산 디지털 아카이브,2022년 국립무형유산원 기획공연,전통연희 판놀음_연희 1986,-,2022-04-22 00:00:00,0,1,0,비표출,제1유형,계약서/동의서,
,269,무형유산 디지털 아카이브,2022년 국립무형유산원 기획공연,전통연희 판놀음_연희 1986,-,2022-04-22 00:00:00,0,1,0,비표출,제1유형,계약서/동의서,
,270,무형유산 디지털 아카이브,2022년 국립무형유산원 기획공연,전통연희 판놀음_연희 1986,-,2022-04-22 00:00:00,0,1,0,비표출,제1유형,계약서/동의서,
,271,무형유산 디지털 아카이브,2022년 국립무형유산원 기획공연,전통연희 판놀음_연희 1986,-,2022-04-22 00:00:00,0,1,0,비표출,제1유형,계약서/동의서,
,272,무형유산 디지털 아카이브,2022년 국립무형유산원 기획공연,전통연희 판놀음_연희 1986,-,2022-04-22 00:00:00,0,1,0,비표출,제1유형,계약서/동의서,
,273,무형유산 디지털 아카이브,2022년 국립무형유산원 기획공연,전통연희 판놀음_연희 1986,-,2022-04-22 00:00:00,0,1,0,비표출,제1유형,계약서/동의서,
,274,무형유산 디지털 아카이브,2022년 국립무형유산원 기획공연,전통연희 판놀음_연희 1986,-,2022-04-22 00:00:00,0,1,0,비표출,제1유형,계약서/동의서,
,275,무형유산 디지털 아카이브,2022년 국립무형유산원 기획공연,전통연희 판놀음_연희 1986,-,2022-04-22 00:00:00,0,1,0,비표출,제1유형,계약서/동의서,
,276,무형유산 디지털 아카이브,2022년 국립무형유산원 기획공연,전통연희 판놀음_연희 1986,-,2022-04-22 00:00:00,0,1,0,비표출,제1유형,계약서/동의서,
,277,무형유산 디지털 아카이브,2022년 국립무형유산원 기획공연,전통연희 판놀음_연희 1986,-,2022-04-22 00:00:00,0,1,0,비표출,제1유형,계약서/동의서,
,278,무형유산 디지털 아카이브,2022년 국립무형유산원 기획공연,전통연희 판놀음_연희 1986,-,2022-04-22 00:00:00,0,1,0,비표출,제1유형,계약서/동의서,
,279,무형유산 디지털 아카이브,2022년 국립무형유산원 기획공연,전통연희 판놀음_연희 1986,-,2022-04-22 00:00:00,0,1,0,비표출,제1유형,계약서/동의서,
,280,무형유산 디지털 아카이브,2022년 국립무형유산원 기획공연,전통연희 판놀음_연희 1986,-,2022-04-22 00:00:00,0,1,0,비표출,제1유형,계약서/동의서,
,281,무형유산 디지털 아카이브,2022년 국립무형유산원 기획공연,전통연희 판놀음_연희 1986,-,2022-04-22 00:00:00,0,1,0,비표출,제1유형,계약서/동의서,
,282,무형유산 디지털 아카이브,2022년 국립무형유산원 기획공연,전통연희 판놀음_연희 1986,-,2022-04-22 00:00:00,0,1,0,비표출,제1유형,계약서/동의서,
,283,무형유산 디지털 아카이브,2022년 국립무형유산원 기획공연,전통연희 판놀음_연희 1986,-,2022-04-22 00:00:00,0,1,0,비표출,제1유형,계약서/동의서,
,284,무형유산 디지털 아카이브,2022년 국립무형유산원 기획공연,전통연희 판놀음_연희 1986,-,2022-04-22 00:00:00,0,1,0,비표출,제1유형,계약서/동의서,
,285,무형유산 디지털 아카이브,2022년 국립무형유산원 기획공연,전통연희 판놀음_연희 1986,-,2022-04-22 00:00:00,0,1,0,비표출,제1유형,계약서/동의서,
,286,무형유산 디지털 아카이브,2022년 국립무형유산원 기획공연,전통연희 판놀음_연희 1986,-,2022-04-22 00:00:00,0,1,0,비표출,제1유형,계약서/동의서,
,287,무형유산 디지털 아카이브,2022년 국립무형유산원 기획공연,전통연희 판놀음_연희 1986,-,2022-04-22 00:00:00,0,1,0,비표출,제1유형,계약서/동의서,
,288,무형유산 디지털 아카이브,2022년 국립무형유산원 기획공연,전통연희 판놀음_연희 1986,-,2022-04-22 00:00:00,0,1,0,비표출,제1유형,계약서/동의서,
,289,무형유산 디지털 아카이브,2022년 국립무형유산원 기획공연,전통연희 판놀음_연희 1986,-,2022-04-22 00:00:00,0,1,0,비표출,제1유형,계약서/동의서,
,290,무형유산 디지털 아카이브,2022년 국립무형유산원 기획공연,전통연희 판놀음_광대 줄타기,-,2022-04-23 00:00:00,1,0,0,비표출,제1유형,계약서/동의서,
,291,무형유산 디지털 아카이브,2022년 국립무형유산원 기획공연,전통연희 판놀음_광대 줄타기,-,2022-04-23 00:00:00,0,1,0,비표출,제1유형,계약서/동의서,
,292,무형유산 디지털 아카이브,2022년 국립무형유산원 기획공연,전통연희 판놀음_광대 줄타기,-,2022-04-23 00:00:00,0,1,0,비표출,제1유형,계약서/동의서,
,293,무형유산 디지털 아카이브,2022년 국립무형유산원 기획공연,전통연희 판놀음_광대 줄타기,-,2022-04-23 00:00:00,0,1,0,비표출,제1유형,계약서/동의서,
,294,무형유산 디지털 아카이브,2022년 국립무형유산원 기획공연,전통연희 판놀음_광대 줄타기,-,2022-04-23 00:00:00,0,1,0,비표출,제1유형,계약서/동의서,
,295,무형유산 디지털 아카이브,2022년 국립무형유산원 기획공연,전통연희 판놀음_광대 줄타기,-,2022-04-23 00:00:00,0,1,0,비표출,제1유형,계약서/동의서,
,296,무형유산 디지털 아카이브,2022년 국립무형유산원 기획공연,전통연희 판놀음_광대 줄타기,-,2022-04-23 00:00:00,0,1,0,비표출,제1유형,계약서/동의서,
,297,무형유산 디지털 아카이브,2022년 국립무형유산원 기획공연,전통연희 판놀음_광대 줄타기,-,2022-04-23 00:00:00,0,1,0,비표출,제1유형,계약서/동의서,
,298,무형유산 디지털 아카이브,2022년 국립무형유산원 기획공연,전통연희 판놀음_광대 줄타기,-,2022-04-23 00:00:00,0,1,0,비표출,제1유형,계약서/동의서,
,299,무형유산 디지털 아카이브,2022년 국립무형유산원 기획공연,전통연희 판놀음_광대 줄타기,-,2022-04-23 00:00:00,0,1,0,비표출,제1유형,계약서/동의서,
,300,무형유산 디지털 아카이브,2022년 국립무형유산원 기획공연,전통연희 판놀음_광대 줄타기,-,2022-04-23 00:00:00,0,1,0,비표출,제1유형,계약서/동의서,
,301,무형유산 디지털 아카이브,2022년 국립무형유산원 기획공연,전통연희 판놀음_광대 줄타기,-,2022-04-23 00:00:00,0,1,0,비표출,제1유형,계약서/동의서,
,302,무형유산 디지털 아카이브,2022년 국립무형유산원 기획공연,전통연희 판놀음_광대 줄타기,-,2022-04-23 00:00:00,0,1,0,비표출,제1유형,계약서/동의서,
,303,무형유산 디지털 아카이브,2022년 국립무형유산원 기획공연,전통연희 판놀음_광대 줄타기,-,2022-04-23 00:00:00,0,1,0,비표출,제1유형,계약서/동의서,
,304,무형유산 디지털 아카이브,2022년 국립무형유산원 기획공연,전통연희 판놀음_광대 줄타기,-,2022-04-23 00:00:00,0,1,0,비표출,제1유형,계약서/동의서,
,305,무형유산 디지털 아카이브,2022년 국립무형유산원 기획공연,전통연희 판놀음_광대 줄타기,-,2022-04-23 00:00:00,0,1,0,비표출,제1유형,계약서/동의서,
,306,무형유산 디지털 아카이브,2022년 국립무형유산원 기획공연,전통연희 판놀음_광대 줄타기,-,2022-04-23 00:00:00,0,1,0,비표출,제1유형,계약서/동의서,
,307,무형유산 디지털 아카이브,2022년 국립무형유산원 기획공연,전통연희 판놀음_광대 줄타기,-,2022-04-23 00:00:00,0,1,0,비표출,제1유형,계약서/동의서,
,308,무형유산 디지털 아카이브,2022년 국립무형유산원 기획공연,전통연희 판놀음_광대 줄타기,-,2022-04-23 00:00:00,0,1,0,비표출,제1유형,계약서/동의서,
,309,무형유산 디지털 아카이브,2022년 국립무형유산원 기획공연,전통연희 판놀음_광대 줄타기,-,2022-04-23 00:00:00,0,1,0,비표출,제1유형,계약서/동의서,
,310,무형유산 디지털 아카이브,2022년 국립무형유산원 기획공연,전통연희 판놀음_광대 줄타기,-,2022-04-23 00:00:00,0,1,0,비표출,제1유형,계약서/동의서,
,311,무형유산 디지털 아카이브,2022년 국립무형유산원 기획공연,전통연희 판놀음_광대 줄타기,-,2022-04-23 00:00:00,0,1,0,비표출,제1유형,계약서/동의서,
,312,무형유산 디지털 아카이브,2022년 국립무형유산원 기획공연,전통연희 판놀음_광대 줄타기,-,2022-04-23 00:00:00,0,1,0,비표출,제1유형,계약서/동의서,
,313,무형유산 디지털 아카이브,2022년 국립무형유산원 기획공연,전통연희 판놀음_광대 줄타기,-,2022-04-23 00:00:00,0,1,0,비표출,제1유형,계약서/동의서,
,314,무형유산 디지털 아카이브,2022년 국립무형유산원 기획공연,전통연희 판놀음_광대 줄타기,-,2022-04-23 00:00:00,0,1,0,비표출,제1유형,계약서/동의서,
,315,무형유산 디지털 아카이브,2022년 국립무형유산원 기획공연,전통연희 판놀음_광대 줄타기,-,2022-04-23 00:00:00,0,1,0,비표출,제1유형,계약서/동의서,
,316,무형유산 디지털 아카이브,2022년 국립무형유산원 기획공연,전통연희 판놀음_광대 줄타기,-,2022-04-23 00:00:00,0,1,0,비표출,제1유형,계약서/동의서,
,317,무형유산 디지털 아카이브,2022년 국립무형유산원 기획공연,전통연희 판놀음_광대 줄타기,-,2022-04-23 00:00:00,0,1,0,비표출,제1유형,계약서/동의서,
,318,무형유산 디지털 아카이브,2022년 국립무형유산원 기획공연,전통연희 판놀음_광대 줄타기,-,2022-04-23 00:00:00,0,1,0,비표출,제1유형,계약서/동의서,
,319,무형유산 디지털 아카이브,2022년 국립무형유산원 기획공연,전통연희 판놀음_광대 줄타기,-,2022-04-23 00:00:00,0,1,0,비표출,제1유형,계약서/동의서,
,320,무형유산 디지털 아카이브,2022년 국립무형유산원 기획공연,전통연희 판놀음_광대 줄타기,-,2022-04-23 00:00:00,0,1,0,비표출,제1유형,계약서/동의서,
,321,무형유산 디지털 아카이브,2022년 국립무형유산원 기획공연,전통연희 판놀음_광대 줄타기,-,2022-04-23 00:00:00,0,1,0,비표출,제1유형,계약서/동의서,
,322,무형유산 디지털 아카이브,2022년 국립무형유산원 기획공연,전통연희 판놀음_광대 줄타기,-,2022-04-23 00:00:00,0,1,0,비표출,제1유형,계약서/동의서,
,323,무형유산 디지털 아카이브,2022년 국립무형유산원 기획공연,전통연희 판놀음_광대 줄타기,-,2022-04-23 00:00:00,0,1,0,비표출,제1유형,계약서/동의서,
,324,무형유산 디지털 아카이브,2022년 국립무형유산원 기획공연,전통연희 판놀음_광대 줄타기,-,2022-04-23 00:00:00,0,1,0,비표출,제1유형,계약서/동의서,
,325,무형유산 디지털 아카이브,2022년 국립무형유산원 기획공연,전통연희 판놀음_광대 줄타기,-,2022-04-23 00:00:00,0,1,0,비표출,제1유형,계약서/동의서,
,326,무형유산 디지털 아카이브,2022년 국립무형유산원 기획공연,전통연희 판놀음_광대 줄타기,-,2022-04-23 00:00:00,0,1,0,비표출,제1유형,계약서/동의서,
,327,무형유산 디지털 아카이브,2022년 국립무형유산원 기획공연,전통연희 판놀음_광대 줄타기,-,2022-04-23 00:00:00,0,1,0,비표출,제1유형,계약서/동의서,
,328,무형유산 디지털 아카이브,2022년 국립무형유산원 기획공연,전통연희 판놀음_광대 줄타기,-,2022-04-23 00:00:00,0,1,0,비표출,제1유형,계약서/동의서,
,329,무형유산 디지털 아카이브,2022년 국립무형유산원 기획공연,전통연희 판놀음_광대 줄타기,-,2022-04-23 00:00:00,0,1,0,비표출,제1유형,계약서/동의서,
,330,무형유산 디지털 아카이브,2022년 국립무형유산원 기획공연,전통연희 판놀음_광대 줄타기,-,2022-04-23 00:00:00,0,1,0,비표출,제1유형,계약서/동의서,
,331,무형유산 디지털 아카이브,2022년 국립무형유산원 기획공연,전통연희 판놀음_광대 줄타기,-,2022-04-23 00:00:00,0,1,0,비표출,제1유형,계약서/동의서,
,332,무형유산 디지털 아카이브,2022년 국립무형유산원 기획공연,전통연희 판놀음_광대 줄타기,-,2022-04-23 00:00:00,0,1,0,비표출,제1유형,계약서/동의서,
,333,무형유산 디지털 아카이브,2022년 국립무형유산원 기획공연,전통연희 판놀음_광대 줄타기,-,2022-04-23 00:00:00,0,1,0,비표출,제1유형,계약서/동의서,
,334,무형유산 디지털 아카이브,2022년 국립무형유산원 기획공연,전통연희 판놀음_광대 줄타기,-,2022-04-23 00:00:00,0,1,0,비표출,제1유형,계약서/동의서,
,335,무형유산 디지털 아카이브,2022년 국립무형유산원 기획공연,전통연희 판놀음_광대 줄타기,-,2022-04-23 00:00:00,0,1,0,비표출,제1유형,계약서/동의서,
,336,무형유산 디지털 아카이브,2022년 국립무형유산원 기획공연,전통연희 판놀음_광대 줄타기,-,2022-04-23 00:00:00,0,1,0,비표출,제1유형,계약서/동의서,
,337,무형유산 디지털 아카이브,2022년 국립무형유산원 기획공연,전통연희 판놀음_광대 줄타기,-,2022-04-23 00:00:00,0,1,0,비표출,제1유형,계약서/동의서,
,338,무형유산 디지털 아카이브,2022년 국립무형유산원 기획공연,전통연희 판놀음_광대 줄타기,-,2022-04-23 00:00:00,0,1,0,비표출,제1유형,계약서/동의서,
,339,무형유산 디지털 아카이브,2022년 국립무형유산원 기획공연,전통연희 판놀음_광대 줄타기,-,2022-04-23 00:00:00,0,1,0,비표출,제1유형,계약서/동의서,
,340,무형유산 디지털 아카이브,2022년 국립무형유산원 기획공연,전통연희 판놀음_광대 줄타기,-,2022-04-23 00:00:00,0,1,0,비표출,제1유형,계약서/동의서,
,341,무형유산 디지털 아카이브,2022년 국립무형유산원 기획공연,전통연희 판놀음_광대 줄타기,-,2022-04-23 00:00:00,0,1,0,비표출,제1유형,계약서/동의서,
,342,무형유산 디지털 아카이브,2022년 국립무형유산원 기획공연,전통연희 판놀음_광대 줄타기,-,2022-04-23 00:00:00,0,1,0,비표출,제1유형,계약서/동의서,
,343,무형유산 디지털 아카이브,2022년 국립무형유산원 기획공연,전통연희 판놀음_광대 줄타기,-,2022-04-23 00:00:00,0,1,0,비표출,제1유형,계약서/동의서,
,344,무형유산 디지털 아카이브,2022년 국립무형유산원 기획공연,전통연희 판놀음_광대 줄타기,-,2022-04-23 00:00:00,0,1,0,비표출,제1유형,계약서/동의서,
,345,무형유산 디지털 아카이브,2022년 국립무형유산원 기획공연,전통연희 판놀음_광대 줄타기,-,2022-04-23 00:00:00,0,1,0,비표출,제1유형,계약서/동의서,
,346,무형유산 디지털 아카이브,2022년 국립무형유산원 기획공연,전통연희 판놀음_광대 줄타기,-,2022-04-23 00:00:00,0,1,0,비표출,제1유형,계약서/동의서,
,347,무형유산 디지털 아카이브,2022년 국립무형유산원 기획공연,전통연희 판놀음_광대 줄타기,-,2022-04-23 00:00:00,0,1,0,비표출,제1유형,계약서/동의서,
,348,무형유산 디지털 아카이브,2022년 국립무형유산원 기획공연,전통연희 판놀음_광대 줄타기,-,2022-04-23 00:00:00,0,1,0,비표출,제1유형,계약서/동의서,
,349,무형유산 디지털 아카이브,2022년 국립무형유산원 기획공연,전통연희 판놀음_광대 줄타기,-,2022-04-23 00:00:00,0,1,0,비표출,제1유형,계약서/동의서,
,350,무형유산 디지털 아카이브,2022년 국립무형유산원 기획공연,전통연희 판놀음_광대 줄타기,-,2022-04-23 00:00:00,0,1,0,비표출,제1유형,계약서/동의서,
,351,무형유산 디지털 아카이브,2022년 국립무형유산원 기획공연,전통연희 판놀음_광대 줄타기,-,2022-04-23 00:00:00,0,1,0,비표출,제1유형,계약서/동의서,
,352,무형유산 디지털 아카이브,2022년 국립무형유산원 기획공연,전통연희 판놀음_광대 줄타기,-,2022-04-23 00:00:00,0,1,0,비표출,제1유형,계약서/동의서,
,353,무형유산 디지털 아카이브,2022년 국립무형유산원 기획공연,전통연희 판놀음_광대 줄타기,-,2022-04-23 00:00:00,0,1,0,비표출,제1유형,계약서/동의서,
,354,무형유산 디지털 아카이브,2022년 국립무형유산원 기획공연,전통연희 판놀음_광대 줄타기,-,2022-04-23 00:00:00,0,1,0,비표출,제1유형,계약서/동의서,
,355,무형유산 디지털 아카이브,2022년 국립무형유산원 기획공연,전통연희 판놀음_광대 줄타기,-,2022-04-23 00:00:00,0,1,0,비표출,제1유형,계약서/동의서,
,356,무형유산 디지털 아카이브,2022년 국립무형유산원 기획공연,전통연희 판놀음_광대 줄타기,-,2022-04-23 00:00:00,0,1,0,비표출,제1유형,계약서/동의서,
,357,무형유산 디지털 아카이브,2022년 국립무형유산원 기획공연,전통연희 판놀음_노름마치,-,2022-04-23 00:00:00,1,0,0,비표출,제1유형,계약서/동의서,
,358,무형유산 디지털 아카이브,2022년 국립무형유산원 기획공연,전통연희 판놀음_노름마치,-,2022-04-23 00:00:00,0,1,0,비표출,제1유형,계약서/동의서,
,359,무형유산 디지털 아카이브,2022년 국립무형유산원 기획공연,전통연희 판놀음_노름마치,-,2022-04-23 00:00:00,0,1,0,비표출,제1유형,계약서/동의서,
,360,무형유산 디지털 아카이브,2022년 국립무형유산원 기획공연,전통연희 판놀음_노름마치,-,2022-04-23 00:00:00,0,1,0,비표출,제1유형,계약서/동의서,
,361,무형유산 디지털 아카이브,2022년 국립무형유산원 기획공연,전통연희 판놀음_노름마치,-,2022-04-23 00:00:00,0,1,0,비표출,제1유형,계약서/동의서,
,362,무형유산 디지털 아카이브,2022년 국립무형유산원 기획공연,전통연희 판놀음_노름마치,-,2022-04-23 00:00:00,0,1,0,비표출,제1유형,계약서/동의서,
,363,무형유산 디지털 아카이브,2022년 국립무형유산원 기획공연,전통연희 판놀음_노름마치,-,2022-04-23 00:00:00,0,1,0,비표출,제1유형,계약서/동의서,
,364,무형유산 디지털 아카이브,2022년 국립무형유산원 기획공연,전통연희 판놀음_노름마치,-,2022-04-23 00:00:00,0,1,0,비표출,제1유형,계약서/동의서,
,365,무형유산 디지털 아카이브,2022년 국립무형유산원 기획공연,전통연희 판놀음_노름마치,-,2022-04-23 00:00:00,0,1,0,비표출,제1유형,계약서/동의서,
,366,무형유산 디지털 아카이브,2022년 국립무형유산원 기획공연,전통연희 판놀음_노름마치,-,2022-04-23 00:00:00,0,1,0,비표출,제1유형,계약서/동의서,
,367,무형유산 디지털 아카이브,2022년 국립무형유산원 기획공연,전통연희 판놀음_노름마치,-,2022-04-23 00:00:00,0,1,0,비표출,제1유형,계약서/동의서,
,368,무형유산 디지털 아카이브,2022년 국립무형유산원 기획공연,전통연희 판놀음_노름마치,-,2022-04-23 00:00:00,0,1,0,비표출,제1유형,계약서/동의서,
,369,무형유산 디지털 아카이브,2022년 국립무형유산원 기획공연,전통연희 판놀음_노름마치,-,2022-04-23 00:00:00,0,1,0,비표출,제1유형,계약서/동의서,
,370,무형유산 디지털 아카이브,2022년 국립무형유산원 기획공연,전통연희 판놀음_노름마치,-,2022-04-23 00:00:00,0,1,0,비표출,제1유형,계약서/동의서,
,371,무형유산 디지털 아카이브,2022년 국립무형유산원 기획공연,전통연희 판놀음_노름마치,-,2022-04-23 00:00:00,0,1,0,비표출,제1유형,계약서/동의서,
,372,무형유산 디지털 아카이브,2022년 국립무형유산원 기획공연,전통연희 판놀음_노름마치,-,2022-04-23 00:00:00,0,1,0,비표출,제1유형,계약서/동의서,
,373,무형유산 디지털 아카이브,2022년 국립무형유산원 기획공연,전통연희 판놀음_노름마치,-,2022-04-23 00:00:00,0,1,0,비표출,제1유형,계약서/동의서,
,374,무형유산 디지털 아카이브,2022년 국립무형유산원 기획공연,전통연희 판놀음_노름마치,-,2022-04-23 00:00:00,0,1,0,비표출,제1유형,계약서/동의서,
,375,무형유산 디지털 아카이브,2022년 국립무형유산원 기획공연,전통연희 판놀음_노름마치,-,2022-04-23 00:00:00,0,1,0,비표출,제1유형,계약서/동의서,
,376,무형유산 디지털 아카이브,2022년 국립무형유산원 기획공연,전통연희 판놀음_노름마치,-,2022-04-23 00:00:00,0,1,0,비표출,제1유형,계약서/동의서,
,377,무형유산 디지털 아카이브,2022년 국립무형유산원 기획공연,전통연희 판놀음_노름마치,-,2022-04-23 00:00:00,0,1,0,비표출,제1유형,계약서/동의서,
,378,무형유산 디지털 아카이브,2022년 국립무형유산원 기획공연,전통연희 판놀음_노름마치,-,2022-04-23 00:00:00,0,1,0,비표출,제1유형,계약서/동의서,
,379,무형유산 디지털 아카이브,2022년 국립무형유산원 기획공연,전통연희 판놀음_노름마치,-,2022-04-23 00:00:00,0,1,0,비표출,제1유형,계약서/동의서,
,380,무형유산 디지털 아카이브,2022년 국립무형유산원 기획공연,전통연희 판놀음_노름마치,-,2022-04-23 00:00:00,0,1,0,비표출,제1유형,계약서/동의서,
,381,무형유산 디지털 아카이브,2022년 국립무형유산원 기획공연,전통연희 판놀음_노름마치,-,2022-04-23 00:00:00,0,1,0,비표출,제1유형,계약서/동의서,
,382,무형유산 디지털 아카이브,2022년 국립무형유산원 기획공연,전통연희 판놀음_노름마치,-,2022-04-23 00:00:00,0,1,0,비표출,제1유형,계약서/동의서,
,383,무형유산 디지털 아카이브,2022년 국립무형유산원 기획공연,전통연희 판놀음_노름마치,-,2022-04-23 00:00:00,0,1,0,비표출,제1유형,계약서/동의서,
,384,무형유산 디지털 아카이브,2022년 국립무형유산원 기획공연,전통연희 판놀음_노름마치,-,2022-04-23 00:00:00,0,1,0,비표출,제1유형,계약서/동의서,
,385,무형유산 디지털 아카이브,2022년 국립무형유산원 기획공연,전통연희 판놀음_노름마치,-,2022-04-23 00:00:00,0,1,0,비표출,제1유형,계약서/동의서,
,386,무형유산 디지털 아카이브,2022년 국립무형유산원 기획공연,전통연희 판놀음_노름마치,-,2022-04-23 00:00:00,0,1,0,비표출,제1유형,계약서/동의서,
,387,무형유산 디지털 아카이브,2022년 국립무형유산원 기획공연,전통연희 판놀음_노름마치,-,2022-04-23 00:00:00,0,1,0,비표출,제1유형,계약서/동의서,
,388,무형유산 디지털 아카이브,2022년 국립무형유산원 기획공연,"전통연희 판놀음_쌈, 구경가자",-,2022-04-23 00:00:00,1,0,0,비표출,제1유형,계약서/동의서,
,389,무형유산 디지털 아카이브,2022년 국립무형유산원 기획공연,"전통연희 판놀음_쌈, 구경가자",-,2022-04-23 00:00:00,0,1,0,비표출,제1유형,계약서/동의서,
,390,무형유산 디지털 아카이브,2022년 국립무형유산원 기획공연,"전통연희 판놀음_쌈, 구경가자",-,2022-04-23 00:00:00,0,1,0,비표출,제1유형,계약서/동의서,
,391,무형유산 디지털 아카이브,2022년 국립무형유산원 기획공연,"전통연희 판놀음_쌈, 구경가자",-,2022-04-23 00:00:00,0,1,0,비표출,제1유형,계약서/동의서,
,392,무형유산 디지털 아카이브,2022년 국립무형유산원 기획공연,"전통연희 판놀음_쌈, 구경가자",-,2022-04-23 00:00:00,0,1,0,비표출,제1유형,계약서/동의서,
,393,무형유산 디지털 아카이브,2022년 국립무형유산원 기획공연,"전통연희 판놀음_쌈, 구경가자",-,2022-04-23 00:00:00,0,1,0,비표출,제1유형,계약서/동의서,
,394,무형유산 디지털 아카이브,2022년 국립무형유산원 기획공연,"전통연희 판놀음_쌈, 구경가자",-,2022-04-23 00:00:00,0,1,0,비표출,제1유형,계약서/동의서,
,395,무형유산 디지털 아카이브,2022년 국립무형유산원 기획공연,"전통연희 판놀음_쌈, 구경가자",-,2022-04-23 00:00:00,0,1,0,비표출,제1유형,계약서/동의서,
,396,무형유산 디지털 아카이브,2022년 국립무형유산원 기획공연,"전통연희 판놀음_쌈, 구경가자",-,2022-04-23 00:00:00,0,1,0,비표출,제1유형,계약서/동의서,
,397,무형유산 디지털 아카이브,2022년 국립무형유산원 기획공연,"전통연희 판놀음_쌈, 구경가자",-,2022-04-23 00:00:00,0,1,0,비표출,제1유형,계약서/동의서,
,398,무형유산 디지털 아카이브,2022년 국립무형유산원 기획공연,"전통연희 판놀음_쌈, 구경가자",-,2022-04-23 00:00:00,0,1,0,비표출,제1유형,계약서/동의서,
,399,무형유산 디지털 아카이브,2022년 국립무형유산원 기획공연,"전통연희 판놀음_쌈, 구경가자",-,2022-04-23 00:00:00,0,1,0,비표출,제1유형,계약서/동의서,
,400,무형유산 디지털 아카이브,2022년 국립무형유산원 기획공연,"전통연희 판놀음_쌈, 구경가자",-,2022-04-23 00:00:00,0,1,0,비표출,제1유형,계약서/동의서,
,401,무형유산 디지털 아카이브,2022년 국립무형유산원 기획공연,"전통연희 판놀음_쌈, 구경가자",-,2022-04-23 00:00:00,0,1,0,비표출,제1유형,계약서/동의서,
,402,무형유산 디지털 아카이브,2022년 국립무형유산원 기획공연,"전통연희 판놀음_쌈, 구경가자",-,2022-04-23 00:00:00,0,1,0,비표출,제1유형,계약서/동의서,
,403,무형유산 디지털 아카이브,2022년 국립무형유산원 기획공연,"전통연희 판놀음_쌈, 구경가자",-,2022-04-23 00:00:00,0,1,0,비표출,제1유형,계약서/동의서,
,404,무형유산 디지털 아카이브,2022년 국립무형유산원 기획공연,"전통연희 판놀음_쌈, 구경가자",-,2022-04-23 00:00:00,0,1,0,비표출,제1유형,계약서/동의서,
,405,무형유산 디지털 아카이브,2022년 국립무형유산원 기획공연,"전통연희 판놀음_쌈, 구경가자",-,2022-04-23 00:00:00,0,1,0,비표출,제1유형,계약서/동의서,
,406,무형유산 디지털 아카이브,2022년 국립무형유산원 기획공연,"전통연희 판놀음_쌈, 구경가자",-,2022-04-23 00:00:00,0,1,0,비표출,제1유형,계약서/동의서,
,407,무형유산 디지털 아카이브,2022년 국립무형유산원 기획공연,"전통연희 판놀음_쌈, 구경가자",-,2022-04-23 00:00:00,0,1,0,비표출,제1유형,계약서/동의서,
,408,무형유산 디지털 아카이브,2022년 국립무형유산원 기획공연,"전통연희 판놀음_쌈, 구경가자",-,2022-04-23 00:00:00,0,1,0,비표출,제1유형,계약서/동의서,
,409,무형유산 디지털 아카이브,2022년 국립무형유산원 기획공연,"전통연희 판놀음_쌈, 구경가자",-,2022-04-23 00:00:00,0,1,0,비표출,제1유형,계약서/동의서,
,410,무형유산 디지털 아카이브,2022년 국립무형유산원 기획공연,"전통연희 판놀음_쌈, 구경가자",-,2022-04-23 00:00:00,0,1,0,비표출,제1유형,계약서/동의서,
,411,무형유산 디지털 아카이브,2022년 국립무형유산원 기획공연,"전통연희 판놀음_쌈, 구경가자",-,2022-04-23 00:00:00,0,1,0,비표출,제1유형,계약서/동의서,
,412,무형유산 디지털 아카이브,2022년 국립무형유산원 기획공연,"전통연희 판놀음_쌈, 구경가자",-,2022-04-23 00:00:00,0,1,0,비표출,제1유형,계약서/동의서,
,413,무형유산 디지털 아카이브,2022년 국립무형유산원 기획공연,"전통연희 판놀음_쌈, 구경가자",-,2022-04-23 00:00:00,0,1,0,비표출,제1유형,계약서/동의서,
,414,무형유산 디지털 아카이브,2022년 국립무형유산원 기획공연,"전통연희 판놀음_쌈, 구경가자",-,2022-04-23 00:00:00,0,1,0,비표출,제1유형,계약서/동의서,
,415,무형유산 디지털 아카이브,2022년 국립무형유산원 기획공연,"전통연희 판놀음_쌈, 구경가자",-,2022-04-23 00:00:00,0,1,0,비표출,제1유형,계약서/동의서,
,416,무형유산 디지털 아카이브,2022년 국립무형유산원 기획공연,"전통연희 판놀음_쌈, 구경가자",-,2022-04-23 00:00:00,0,1,0,비표출,제1유형,계약서/동의서,
,417,무형유산 디지털 아카이브,2022년 국립무형유산원 기획공연,"전통연희 판놀음_쌈, 구경가자",-,2022-04-23 00:00:00,0,1,0,비표출,제1유형,계약서/동의서,
,418,무형유산 디지털 아카이브,2022년 국립무형유산원 기획공연,"전통연희 판놀음_쌈, 구경가자",-,2022-04-23 00:00:00,0,1,0,비표출,제1유형,계약서/동의서,
,419,무형유산 디지털 아카이브,2022년 국립무형유산원 기획공연,"전통연희 판놀음_쌈, 구경가자",-,2022-04-23 00:00:00,0,1,0,비표출,제1유형,계약서/동의서,
,420,무형유산 디지털 아카이브,2022년 국립무형유산원 기획공연,"전통연희 판놀음_쌈, 구경가자",-,2022-04-23 00:00:00,0,1,0,비표출,제1유형,계약서/동의서,
,421,무형유산 디지털 아카이브,2022년 국립무형유산원 기획공연,전통연희 판놀음_용기정화굿,-,2022-04-23 00:00:00,0,1,0,비표출,제1유형,계약서/동의서,
,422,무형유산 디지털 아카이브,2022년 국립무형유산원 기획공연,전통연희 판놀음_용기정화굿,-,2022-04-23 00:00:00,0,1,0,비표출,제1유형,계약서/동의서,
,423,무형유산 디지털 아카이브,2022년 국립무형유산원 기획공연,전통연희 판놀음_용기정화굿,-,2022-04-23 00:00:00,0,1,0,비표출,제1유형,계약서/동의서,
,424,무형유산 디지털 아카이브,2022년 국립무형유산원 기획공연,전통연희 판놀음_용기정화굿,-,2022-04-23 00:00:00,0,1,0,비표출,제1유형,계약서/동의서,
,425,무형유산 디지털 아카이브,2022년 국립무형유산원 기획공연,전통연희 판놀음_용기정화굿,-,2022-04-23 00:00:00,0,1,0,비표출,제1유형,계약서/동의서,
,426,무형유산 디지털 아카이브,2022년 국립무형유산원 기획공연,전통연희 판놀음_용기정화굿,-,2022-04-23 00:00:00,0,1,0,비표출,제1유형,계약서/동의서,
,427,무형유산 디지털 아카이브,2022년 국립무형유산원 기획공연,전통연희 판놀음_용기정화굿,-,2022-04-23 00:00:00,0,1,0,비표출,제1유형,계약서/동의서,
,428,무형유산 디지털 아카이브,2022년 국립무형유산원 기획공연,전통연희 판놀음_용기정화굿,-,2022-04-23 00:00:00,0,1,0,비표출,제1유형,계약서/동의서,
,429,무형유산 디지털 아카이브,2022년 국립무형유산원 기획공연,전통연희 판놀음_용기정화굿,-,2022-04-23 00:00:00,0,1,0,비표출,제1유형,계약서/동의서,
,430,무형유산 디지털 아카이브,2022년 국립무형유산원 기획공연,전통연희 판놀음_용기정화굿,-,2022-04-23 00:00:00,0,1,0,비표출,제1유형,계약서/동의서,
,431,무형유산 디지털 아카이브,2022년 국립무형유산원 기획공연,전통연희 판놀음_용기정화굿,-,2022-04-23 00:00:00,0,1,0,비표출,제1유형,계약서/동의서,
,432,무형유산 디지털 아카이브,2022년 국립무형유산원 기획공연,전통연희 판놀음_용기정화굿,-,2022-04-23 00:00:00,0,1,0,비표출,제1유형,계약서/동의서,
,433,무형유산 디지털 아카이브,2022년 국립무형유산원 기획공연,전통연희 판놀음_용기정화굿,-,2022-04-23 00:00:00,0,1,0,비표출,제1유형,계약서/동의서,
,434,무형유산 디지털 아카이브,2022년 국립무형유산원 기획공연,전통연희 판놀음_용기정화굿,-,2022-04-23 00:00:00,0,1,0,비표출,제1유형,계약서/동의서,
,435,무형유산 디지털 아카이브,2022년 국립무형유산원 기획공연,전통연희 판놀음_용기정화굿,-,2022-04-23 00:00:00,0,1,0,비표출,제1유형,계약서/동의서,
,436,무형유산 디지털 아카이브,2022년 국립무형유산원 기획공연,전통연희 판놀음_용기정화굿,-,2022-04-23 00:00:00,0,1,0,비표출,제1유형,계약서/동의서,
,437,무형유산 디지털 아카이브,2022년 국립무형유산원 기획공연,전통연희 판놀음_용기정화굿,-,2022-04-23 00:00:00,0,1,0,비표출,제1유형,계약서/동의서,
,438,무형유산 디지털 아카이브,2022년 국립무형유산원 기획공연,전통연희 판놀음_용기정화굿,-,2022-04-23 00:00:00,0,1,0,비표출,제1유형,계약서/동의서,
,439,무형유산 디지털 아카이브,2022년 국립무형유산원 기획공연,전통연희 판놀음_용기정화굿,-,2022-04-23 00:00:00,0,1,0,비표출,제1유형,계약서/동의서,
,440,무형유산 디지털 아카이브,2022년 국립무형유산원 기획공연,전통연희 판놀음_용기정화굿,-,2022-04-23 00:00:00,0,1,0,비표출,제1유형,계약서/동의서,
,441,무형유산 디지털 아카이브,2022년 국립무형유산원 기획공연,전통연희 판놀음_용기정화굿,-,2022-04-23 00:00:00,0,1,0,비표출,제1유형,계약서/동의서,
,442,무형유산 디지털 아카이브,2022년 국립무형유산원 기획공연,전통연희 판놀음_용기정화굿,-,2022-04-23 00:00:00,0,1,0,비표출,제1유형,계약서/동의서,
,443,무형유산 디지털 아카이브,2022년 국립무형유산원 기획공연,전통연희 판놀음_용기정화굿,-,2022-04-23 00:00:00,0,1,0,비표출,제1유형,계약서/동의서,
,444,무형유산 디지털 아카이브,2022년 국립무형유산원 기획공연,전통연희 판놀음_용기정화굿,-,2022-04-23 00:00:00,0,1,0,비표출,제1유형,계약서/동의서,
,445,무형유산 디지털 아카이브,2022년 국립무형유산원 기획공연,전통연희 판놀음_용기정화굿,-,2022-04-23 00:00:00,0,1,0,비표출,제1유형,계약서/동의서,
,446,무형유산 디지털 아카이브,2022년 국립무형유산원 기획공연,전통연희 판놀음_용기정화굿,-,2022-04-23 00:00:00,0,1,0,비표출,제1유형,계약서/동의서,
,447,무형유산 디지털 아카이브,2022년 국립무형유산원 기획공연,전통연희 판놀음_용기정화굿,-,2022-04-23 00:00:00,0,1,0,비표출,제1유형,계약서/동의서,
,448,무형유산 디지털 아카이브,2022년 국립무형유산원 기획공연,전통연희 판놀음_용기정화굿,-,2022-04-23 00:00:00,0,1,0,비표출,제1유형,계약서/동의서,
,449,무형유산 디지털 아카이브,2022년 국립무형유산원 기획공연,전통연희 판놀음_용기정화굿,-,2022-04-23 00:00:00,0,1,0,비표출,제1유형,계약서/동의서,
,450,무형유산 디지털 아카이브,2022년 국립무형유산원 기획공연,전통연희 판놀음_용기정화굿,-,2022-04-23 00:00:00,0,1,0,비표출,제1유형,계약서/동의서,
,451,무형유산 디지털 아카이브,2022년 국립무형유산원 기획공연,전통연희 판놀음_용기정화굿,-,2022-04-23 00:00:00,0,1,0,비표출,제1유형,계약서/동의서,
,452,무형유산 디지털 아카이브,2022년 국립무형유산원 기획공연,전통연희 판놀음_용기정화굿,-,2022-04-23 00:00:00,0,1,0,비표출,제1유형,계약서/동의서,
,453,무형유산 디지털 아카이브,2022년 국립무형유산원 기획공연,"너나들이_신승태, 이미리, 최진배밴드",-,2022-05-25 00:00:00,1,0,0,비표출,제1유형,계약서/동의서,
,454,무형유산 디지털 아카이브,2022년 국립무형유산원 기획공연,이수자뎐_이예랑(가야금산조 및 병창),-,2022-06-04 00:00:00,1,0,0,비표출,제1유형,계약서/동의서,
,455,무형유산 디지털 아카이브,2022년 국립무형유산원 기획공연,이수자뎐_박천경(거문고산조),-,2022-06-11 00:00:00,1,0,0,비표출,제1유형,계약서/동의서,
,456,무형유산 디지털 아카이브,2022년 국립무형유산원 기획공연,이수자뎐_공민선(승무),-,2022-06-18 00:00:00,1,0,0,비표출,제1유형,계약서/동의서,
,457,무형유산 디지털 아카이브,2022년 국립무형유산원 기획공연,이수자뎐_백진희(한량무),-,2022-06-25 00:00:00,1,0,0,비표출,제1유형,계약서/동의서,
,458,무형유산 디지털 아카이브,2022년 국립무형유산원 기획공연,너나들이_해파리(HAEPAARY),-,2022-06-29 00:00:00,1,0,0,비표출,제1유형,계약서/동의서,
,459,무형유산 디지털 아카이브,2022년 국립무형유산원 기획공연,출사표_김미경,-,2022-07-09 00:00:00,1,0,0,비표출,제1유형,계약서/동의서,
,460,무형유산 디지털 아카이브,2022년 국립무형유산원 기획공연,출사표_최석민,-,2022-07-16 00:00:00,1,0,0,비표출,제1유형,계약서/동의서,
,461,무형유산 디지털 아카이브,2022년 국립무형유산원 기획공연,너나들이_강은일 해금플러스,-,2022-07-27 00:00:00,1,0,0,비표출,제1유형,계약서/동의서,
,462,무형유산 디지털 아카이브,2022년 국립무형유산원 기획공연,"이수자뎐_원진주, 정수인(판소리)",-,2022-08-06 00:00:00,1,0,0,비표출,제1유형,계약서/동의서,
,463,무형유산 디지털 아카이브,2022년 국립무형유산원 기획공연,이수자뎐_김재민(북청사자놀음),-,2022-08-20 00:00:00,1,0,0,비표출,제1유형,계약서/동의서,
,464,무형유산 디지털 아카이브,2022년 국립무형유산원 기획공연,이수자뎐_방지원(동해안별신굿),-,2022-08-27 00:00:00,1,0,0,비표출,제1유형,계약서/동의서,
,465,무형유산 디지털 아카이브,2022년 국립무형유산원 기획공연,너나들이_원초적음악집단 이드,-,2022-08-31 00:00:00,1,0,0,비표출,제1유형,계약서/동의서,
,466,무형유산 디지털 아카이브,2022년 국립무형유산원 기획공연,너나들이_국악창작그룹 뮤르(MuRR),-,2022-09-28 00:00:00,1,0,0,비표출,제1유형,계약서/동의서,
,467,무형유산 디지털 아카이브,2022년 국립무형유산원 기획공연,전통예능의 품격(1),-,2022-10-22 00:00:00,1,0,0,비표출,제1유형,계약서/동의서,
,468,무형유산 디지털 아카이브,2022년 국립무형유산원 기획공연,너나들이_첼로가야금,-,2022-10-26 00:00:00,1,0,0,비표출,제1유형,계약서/동의서,
,469,무형유산 디지털 아카이브,2022년 국립무형유산원 기획공연,전통예능의 품격(2),-,2022-10-29 00:00:00,1,0,0,비표출,제1유형,계약서/동의서,
,470,무형유산 디지털 아카이브,2022년 국립무형유산원 기획공연,명인오마주_故이은주(경기민요),-,2022-11-12 00:00:00,1,0,0,비표출,제1유형,계약서/동의서,
,471,무형유산 디지털 아카이브,2022년 국립무형유산원 기획공연,명인오마주_故김석춞(동해안별신굿),-,2022-11-19 00:00:00,1,0,0,비표출,제1유형,계약서/동의서,
,472,무형유산 디지털 아카이브,2022년 국립무형유산원 기획공연,명인오마주_故박봉술(판소리),-,2022-11-26 00:00:00,1,0,0,비표출,제1유형,계약서/동의서,
,473,무형유산 디지털 아카이브,2022년 국립무형유산원 기획공연,너나들이_이정표 밴드,-,2022-11-30 00:00:00,1,0,0,비표출,제1유형,계약서/동의서,
,474,무형유산 디지털 아카이브,2022년 국립무형유산원 기획공연,2022 송년공연,-,2022-12-10 00:00:00,1,0,0,비표출,제1유형,계약서/동의서,
,475,무형유산 디지털 아카이브,2022년 국립무형유산원 기획공연,2022 송년공연,-,2022-12-10 00:00:00,0,1,0,비표출,제1유형,계약서/동의서,
,476,무형유산 디지털 아카이브,2022년 국립무형유산원 기획공연,2022 송년공연,-,2022-12-10 00:00:00,0,1,0,비표출,제1유형,계약서/동의서,
,477,무형유산 디지털 아카이브,2022년 국립무형유산원 기획공연,2022 송년공연,-,2022-12-10 00:00:00,0,1,0,비표출,제1유형,계약서/동의서,
,478,무형유산 디지털 아카이브,2022년 국립무형유산원 기획공연,2022 송년공연,-,2022-12-10 00:00:00,0,1,0,비표출,제1유형,계약서/동의서,
,479,무형유산 디지털 아카이브,2022년 국립무형유산원 기획공연,2022 송년공연,-,2022-12-10 00:00:00,0,1,0,비표출,제1유형,계약서/동의서,
,480,무형유산 디지털 아카이브,2022년 국립무형유산원 기획공연,2022 송년공연,-,2022-12-10 00:00:00,0,1,0,비표출,제1유형,계약서/동의서,
,481,무형유산 디지털 아카이브,2022년 국립무형유산원 기획공연,2022 송년공연,-,2022-12-10 00:00:00,0,1,0,비표출,제1유형,계약서/동의서,
,482,무형유산 디지털 아카이브,2022년 국립무형유산원 기획공연,2022 송년공연,-,2022-12-10 00:00:00,0,1,0,비표출,제1유형,계약서/동의서,
,483,무형유산 디지털 아카이브,2022년 국립무형유산원 기획공연,2022 송년공연,-,2022-12-10 00:00:00,0,1,0,비표출,제1유형,계약서/동의서,
,484,무형유산 디지털 아카이브,2022년 국립무형유산원 기획공연,2022 송년공연,-,2022-12-10 00:00:00,0,1,0,비표출,제1유형,계약서/동의서,
,485,무형유산 디지털 아카이브,2022년 국립무형유산원 기획공연,2022 송년공연,-,2022-12-10 00:00:00,0,1,0,비표출,제1유형,계약서/동의서,
,486,무형유산 디지털 아카이브,2022년 국립무형유산원 기획공연,2022 송년공연,-,2022-12-10 00:00:00,0,1,0,비표출,제1유형,계약서/동의서,
,487,무형유산 디지털 아카이브,2022년 국립무형유산원 기획공연,2022 송년공연,-,2022-12-10 00:00:00,0,1,0,비표출,제1유형,계약서/동의서,
,488,무형유산 디지털 아카이브,2022년 국립무형유산원 기획공연,2022 송년공연,-,2022-12-10 00:00:00,0,1,0,비표출,제1유형,계약서/동의서,
,489,무형유산 디지털 아카이브,2022년 국립무형유산원 기획공연,2022 송년공연,-,2022-12-10 00:00:00,0,1,0,비표출,제1유형,계약서/동의서,
,490,무형유산 디지털 아카이브,2022년 국립무형유산원 기획공연,2022 송년공연,-,2022-12-10 00:00:00,0,1,0,비표출,제1유형,계약서/동의서,
,491,무형유산 디지털 아카이브,2022년 국립무형유산원 기획공연,2022 송년공연,-,2022-12-10 00:00:00,0,1,0,비표출,제1유형,계약서/동의서,
,492,무형유산 디지털 아카이브,2022년 국립무형유산원 기획공연,2022 송년공연,-,2022-12-10 00:00:00,0,1,0,비표출,제1유형,계약서/동의서,
,493,무형유산 디지털 아카이브,2022년 국립무형유산원 기획공연,2022 송년공연,-,2022-12-10 00:00:00,0,1,0,비표출,제1유형,계약서/동의서,
,494,무형유산 디지털 아카이브,2022년 국립무형유산원 기획공연,2022 송년공연,-,2022-12-10 00:00:00,0,1,0,비표출,제1유형,계약서/동의서,
,495,무형유산 디지털 아카이브,2022년 국립무형유산원 기획공연,2022 송년공연,-,2022-12-10 00:00:00,0,1,0,비표출,제1유형,계약서/동의서,
,496,무형유산 디지털 아카이브,2022년 국립무형유산원 기획공연,2022 송년공연,-,2022-12-10 00:00:00,0,1,0,비표출,제1유형,계약서/동의서,
,497,무형유산 디지털 아카이브,2022년 국립무형유산원 기획공연,2022 송년공연,-,2022-12-10 00:00:00,0,1,0,비표출,제1유형,계약서/동의서,
,498,무형유산 디지털 아카이브,2022년 국립무형유산원 기획공연,2022 송년공연,-,2022-12-10 00:00:00,0,1,0,비표출,제1유형,계약서/동의서,
,499,무형유산 디지털 아카이브,2022년 국립무형유산원 기획공연,2022 송년공연,-,2022-12-10 00:00:00,0,1,0,비표출,제1유형,계약서/동의서,
,500,무형유산 디지털 아카이브,2022년 국립무형유산원 기획공연,2022 송년공연,-,2022-12-10 00:00:00,0,1,0,비표출,제1유형,계약서/동의서,
,501,무형유산 디지털 아카이브,2022년 국립무형유산원 기획공연,2022 송년공연,-,2022-12-10 00:00:00,0,1,0,비표출,제1유형,계약서/동의서,
,502,무형유산 디지털 아카이브,2022년 국립무형유산원 기획공연,2022 송년공연,-,2022-12-10 00:00:00,0,1,0,비표출,제1유형,계약서/동의서,
,503,무형유산 디지털 아카이브,2022년 국립무형유산원 기획공연,2022 송년공연,-,2022-12-10 00:00:00,0,1,0,비표출,제1유형,계약서/동의서,
,504,무형유산 디지털 아카이브,2022년 국립무형유산원 기획공연,2022 송년공연,-,2022-12-10 00:00:00,0,1,0,비표출,제1유형,계약서/동의서,
,505,무형유산 디지털 아카이브,2022년 국립무형유산원 기획공연,2022 송년공연,-,2022-12-10 00:00:00,0,1,0,비표출,제1유형,계약서/동의서,
,506,무형유산 디지털 아카이브,2022년 국립무형유산원 기획공연,2022 송년공연,-,2022-12-10 00:00:00,0,1,0,비표출,제1유형,계약서/동의서,
,507,무형유산 디지털 아카이브,2022년 국립무형유산원 기획공연,2022 송년공연,-,2022-12-10 00:00:00,0,1,0,비표출,제1유형,계약서/동의서,
,508,무형유산 디지털 아카이브,2022년 국립무형유산원 기획공연,2022 송년공연,-,2022-12-10 00:00:00,0,1,0,비표출,제1유형,계약서/동의서,
,509,무형유산 디지털 아카이브,2022년 국립무형유산원 기획공연,2022 송년공연,-,2022-12-10 00:00:00,0,1,0,비표출,제1유형,계약서/동의서,
,510,무형유산 디지털 아카이브,2022년 국립무형유산원 기획공연,2022 송년공연,-,2022-12-10 00:00:00,0,1,0,비표출,제1유형,계약서/동의서,
,511,무형유산 디지털 아카이브,2022년 국립무형유산원 기획공연,2022 송년공연,-,2022-12-10 00:00:00,0,1,0,비표출,제1유형,계약서/동의서,
,512,무형유산 디지털 아카이브,2022년 국립무형유산원 기획공연,2022 송년공연,-,2022-12-10 00:00:00,0,1,0,비표출,제1유형,계약서/동의서,
,513,무형유산 디지털 아카이브,2022년 국립무형유산원 기획공연,2022 송년공연,-,2022-12-10 00:00:00,0,1,0,비표출,제1유형,계약서/동의서,
,514,무형유산 디지털 아카이브,2022년 국립무형유산원 기획공연,2022 송년공연,-,2022-12-10 00:00:00,0,1,0,비표출,제1유형,계약서/동의서,
,515,무형유산 디지털 아카이브,2022년 국립무형유산원 기획공연,2022 송년공연,-,2022-12-10 00:00:00,0,1,0,비표출,제1유형,계약서/동의서,
,516,무형유산 디지털 아카이브,2022년 국립무형유산원 기획공연,2022 송년공연,-,2022-12-10 00:00:00,0,1,0,비표출,제1유형,계약서/동의서,
,517,무형유산 디지털 아카이브,2022년 국립무형유산원 기획공연,2022 송년공연,-,2022-12-10 00:00:00,0,1,0,비표출,제1유형,계약서/동의서,
,518,무형유산 디지털 아카이브,2022년 국립무형유산원 기획공연,2022 송년공연,-,2022-12-10 00:00:00,0,1,0,비표출,제1유형,계약서/동의서,
,519,무형유산 디지털 아카이브,2022년 국립무형유산원 기획공연,2022 송년공연,-,2022-12-10 00:00:00,0,1,0,비표출,제1유형,계약서/동의서,
,520,무형유산 디지털 아카이브,2022년 국립무형유산원 기획공연,2022 송년공연,-,2022-12-10 00:00:00,0,1,0,비표출,제1유형,계약서/동의서,
,521,무형유산 디지털 아카이브,2022년 국립무형유산원 기획공연,2022 송년공연,-,2022-12-10 00:00:00,0,1,0,비표출,제1유형,계약서/동의서,
,522,무형유산 디지털 아카이브,2022년 국립무형유산원 기획공연,2022 송년공연,-,2022-12-10 00:00:00,0,1,0,비표출,제1유형,계약서/동의서,
,523,무형유산 디지털 아카이브,2022년 국립무형유산원 기획공연,2022 송년공연,-,2022-12-10 00:00:00,0,1,0,비표출,제1유형,계약서/동의서,
,524,무형유산 디지털 아카이브,2022년 국립무형유산원 기획공연,2022 송년공연,-,2022-12-10 00:00:00,0,1,0,비표출,제1유형,계약서/동의서,
,525,무형유산 디지털 아카이브,2022년 국립무형유산원 기획공연,2022 송년공연,-,2022-12-10 00:00:00,0,1,0,비표출,제1유형,계약서/동의서,
,526,무형유산 디지털 아카이브,2022년 국립무형유산원 기획공연,2022 송년공연,-,2022-12-10 00:00:00,0,1,0,비표출,제1유형,계약서/동의서,
,527,무형유산 디지털 아카이브,2022년 국립무형유산원 기획공연,2022 송년공연,-,2022-12-10 00:00:00,0,1,0,비표출,제1유형,계약서/동의서,
,528,무형유산 디지털 아카이브,2022년 국립무형유산원 기획공연,2022 송년공연,-,2022-12-10 00:00:00,0,1,0,비표출,제1유형,계약서/동의서,
,529,무형유산 디지털 아카이브,2022년 국립무형유산원 기획공연,2022 송년공연,-,2022-12-10 00:00:00,0,1,0,비표출,제1유형,계약서/동의서,
,530,무형유산 디지털 아카이브,2022년 국립무형유산원 기획공연,2022 송년공연,-,2022-12-10 00:00:00,0,1,0,비표출,제1유형,계약서/동의서,
,531,무형유산 디지털 아카이브,2022년 국립무형유산원 기획공연,2022 송년공연,-,2022-12-10 00:00:00,0,1,0,비표출,제1유형,계약서/동의서,
,532,무형유산 디지털 아카이브,2022년 국립무형유산원 기획공연,2022 송년공연,-,2022-12-10 00:00:00,0,1,0,비표출,제1유형,계약서/동의서,
,533,무형유산 디지털 아카이브,2022년 국립무형유산원 기획공연,2022 송년공연,-,2022-12-10 00:00:00,0,1,0,비표출,제1유형,계약서/동의서,
,534,무형유산 디지털 아카이브,2022년 국립무형유산원 기획공연,2022 송년공연,-,2022-12-10 00:00:00,0,1,0,비표출,제1유형,계약서/동의서,
,535,무형유산 디지털 아카이브,2022년 국립무형유산원 기획공연,2022 송년공연,-,2022-12-10 00:00:00,0,1,0,비표출,제1유형,계약서/동의서,
,536,무형유산 디지털 아카이브,2022년 국립무형유산원 기획공연,2022 송년공연,-,2022-12-10 00:00:00,0,1,0,비표출,제1유형,계약서/동의서,
,537,무형유산 디지털 아카이브,2022년 국립무형유산원 기획공연,2022 송년공연,-,2022-12-10 00:00:00,0,1,0,비표출,제1유형,계약서/동의서,
,538,무형유산 디지털 아카이브,2022년 국립무형유산원 기획공연,2022 송년공연,-,2022-12-10 00:00:00,0,1,0,비표출,제1유형,계약서/동의서,
,539,무형유산 디지털 아카이브,2022년 국립무형유산원 기획공연,2022 송년공연,-,2022-12-10 00:00:00,0,1,0,비표출,제1유형,계약서/동의서,
,540,무형유산 디지털 아카이브,2022년 국립무형유산원 기획공연,2022 송년공연,-,2022-12-10 00:00:00,0,1,0,비표출,제1유형,계약서/동의서,
,541,무형유산 디지털 아카이브,2022년 국립무형유산원 기획공연,2022 송년공연,-,2022-12-10 00:00:00,0,1,0,비표출,제1유형,계약서/동의서,
,542,무형유산 디지털 아카이브,2022년 국립무형유산원 기획공연,2022 송년공연,-,2022-12-10 00:00:00,0,1,0,비표출,제1유형,계약서/동의서,
,543,무형유산 디지털 아카이브,2022년 국립무형유산원 기획공연,2022 송년공연,-,2022-12-10 00:00:00,0,1,0,비표출,제1유형,계약서/동의서,
,544,무형유산 디지털 아카이브,2022년 국립무형유산원 기획공연,2022 송년공연,-,2022-12-10 00:00:00,0,1,0,비표출,제1유형,계약서/동의서,
,545,무형유산 디지털 아카이브,2022년 국립무형유산원 기획공연,2022 송년공연,-,2022-12-10 00:00:00,0,1,0,비표출,제1유형,계약서/동의서,
,546,무형유산 디지털 아카이브,2022년 국립무형유산원 기획공연,2022 송년공연,-,2022-12-10 00:00:00,0,1,0,비표출,제1유형,계약서/동의서,
,547,무형유산 디지털 아카이브,2022년 국립무형유산원 기획공연,2022 송년공연,-,2022-12-10 00:00:00,0,1,0,비표출,제1유형,계약서/동의서,
,548,무형유산 디지털 아카이브,2022년 국립무형유산원 기획공연,2022 송년공연,-,2022-12-10 00:00:00,0,1,0,비표출,제1유형,계약서/동의서,
,549,무형유산 디지털 아카이브,2022년 국립무형유산원 기획공연,2022 송년공연,-,2022-12-10 00:00:00,0,1,0,비표출,제1유형,계약서/동의서,
,550,무형유산 디지털 아카이브,2022년 국립무형유산원 기획공연,2022 송년공연,-,2022-12-10 00:00:00,0,1,0,비표출,제1유형,계약서/동의서,
,551,무형유산 디지털 아카이브,2022년 국립무형유산원 기획공연,2022 송년공연,-,2022-12-10 00:00:00,0,1,0,비표출,제1유형,계약서/동의서,
,552,무형유산 디지털 아카이브,2022년 국립무형유산원 기획공연,2022 송년공연,-,2022-12-10 00:00:00,0,1,0,비표출,제1유형,계약서/동의서,
,553,무형유산 디지털 아카이브,2022년 국립무형유산원 기획공연,2022 송년공연,-,2022-12-10 00:00:00,0,1,0,비표출,제1유형,계약서/동의서,
,554,무형유산 디지털 아카이브,2022년 국립무형유산원 기획공연,2022 송년공연,-,2022-12-10 00:00:00,0,1,0,비표출,제1유형,계약서/동의서,
,555,무형유산 디지털 아카이브,2022년 국립무형유산원 기획공연,2022 송년공연,-,2022-12-10 00:00:00,0,1,0,비표출,제1유형,계약서/동의서,
,556,무형유산 디지털 아카이브,2022년 국립무형유산원 기획공연,2022 송년공연,-,2022-12-10 00:00:00,0,1,0,비표출,제1유형,계약서/동의서,
,557,무형유산 디지털 아카이브,2022년 국립무형유산원 기획공연,2022 송년공연,-,2022-12-10 00:00:00,0,1,0,비표출,제1유형,계약서/동의서,
,558,무형유산 디지털 아카이브,2022년 국립무형유산원 기획공연,2022 송년공연,-,2022-12-10 00:00:00,0,1,0,비표출,제1유형,계약서/동의서,
,559,무형유산 디지털 아카이브,2022년 국립무형유산원 기획공연,2022 송년공연,-,2022-12-10 00:00:00,0,1,0,비표출,제1유형,계약서/동의서,
,560,무형유산 디지털 아카이브,2022년 국립무형유산원 기획공연,2022 송년공연,-,2022-12-10 00:00:00,0,1,0,비표출,제1유형,계약서/동의서,
,561,무형유산 디지털 아카이브,2022년 국립무형유산원 기획공연,2022 송년공연,-,2022-12-10 00:00:00,0,1,0,비표출,제1유형,계약서/동의서,
,562,무형유산 디지털 아카이브,2022년 국립무형유산원 기획공연,2022 송년공연,-,2022-12-10 00:00:00,0,1,0,비표출,제1유형,계약서/동의서,
,563,무형유산 디지털 아카이브,2022년 국립무형유산원 기획공연,2022 송년공연,-,2022-12-10 00:00:00,0,1,0,비표출,제1유형,계약서/동의서,
,564,무형유산 디지털 아카이브,2022년 국립무형유산원 기획공연,2022 송년공연,-,2022-12-10 00:00:00,0,1,0,비표출,제1유형,계약서/동의서,
,565,무형유산 디지털 아카이브,2022년 국립무형유산원 기획공연,2022 송년공연,-,2022-12-10 00:00:00,0,1,0,비표출,제1유형,계약서/동의서,
,566,무형유산 디지털 아카이브,2022년 국립무형유산원 기획공연,2022 송년공연,-,2022-12-10 00:00:00,0,1,0,비표출,제1유형,계약서/동의서,
,567,무형유산 디지털 아카이브,2022년 국립무형유산원 기획공연,2022 송년공연,-,2022-12-10 00:00:00,0,1,0,비표출,제1유형,계약서/동의서,
,568,무형유산 디지털 아카이브,2022년 국립무형유산원 기획공연,2022 송년공연,-,2022-12-10 00:00:00,0,1,0,비표출,제1유형,계약서/동의서,
,569,무형유산 디지털 아카이브,2022년 국립무형유산원 기획공연,2022 송년공연,-,2022-12-10 00:00:00,0,1,0,비표출,제1유형,계약서/동의서,
,570,무형유산 디지털 아카이브,2022년 국립무형유산원 기획공연,2022 송년공연,-,2022-12-10 00:00:00,0,1,0,비표출,제1유형,계약서/동의서,
,571,무형유산 디지털 아카이브,2022년 국립무형유산원 기획공연,2022 송년공연,-,2022-12-10 00:00:00,0,1,0,비표출,제1유형,계약서/동의서,
,572,무형유산 디지털 아카이브,2022년 국립무형유산원 기획공연,2022 송년공연,-,2022-12-10 00:00:00,0,1,0,비표출,제1유형,계약서/동의서,
,573,무형유산 디지털 아카이브,2022년 국립무형유산원 기획공연,2022 송년공연,-,2022-12-10 00:00:00,0,1,0,비표출,제1유형,계약서/동의서,
,574,무형유산 디지털 아카이브,2022년 국립무형유산원 기획공연,2022 송년공연,-,2022-12-10 00:00:00,0,1,0,비표출,제1유형,계약서/동의서,
,575,무형유산 디지털 아카이브,2022년 국립무형유산원 기획공연,2022 송년공연,-,2022-12-10 00:00:00,0,1,0,비표출,제1유형,계약서/동의서,
,576,무형유산 디지털 아카이브,2022년 국립무형유산원 기획공연,2022 송년공연,-,2022-12-10 00:00:00,0,1,0,비표출,제1유형,계약서/동의서,
,577,무형유산 디지털 아카이브,2022년 국립무형유산원 기획공연,2022 송년공연,-,2022-12-10 00:00:00,0,1,0,비표출,제1유형,계약서/동의서,
,578,무형유산 디지털 아카이브,2022년 국립무형유산원 기획공연,2022 송년공연,-,2022-12-10 00:00:00,0,1,0,비표출,제1유형,계약서/동의서,
,579,무형유산 디지털 아카이브,2022년 국립무형유산원 기획공연,2022 송년공연,-,2022-12-10 00:00:00,0,1,0,비표출,제1유형,계약서/동의서,
,580,무형유산 디지털 아카이브,2022년 국립무형유산원 기획공연,2022 송년공연,-,2022-12-10 00:00:00,0,1,0,비표출,제1유형,계약서/동의서,
,581,무형유산 디지털 아카이브,2022년 국립무형유산원 기획공연,2022 송년공연,-,2022-12-10 00:00:00,0,1,0,비표출,제1유형,계약서/동의서,
,582,무형유산 디지털 아카이브,2022년 국립무형유산원 기획공연,2022 송년공연,-,2022-12-10 00:00:00,0,1,0,비표출,제1유형,계약서/동의서,
,583,무형유산 디지털 아카이브,2022년 국립무형유산원 기획공연,2022 송년공연,-,2022-12-10 00:00:00,0,1,0,비표출,제1유형,계약서/동의서,
,584,무형유산 디지털 아카이브,2022년 국립무형유산원 기획공연,2022 송년공연,-,2022-12-10 00:00:00,0,1,0,비표출,제1유형,계약서/동의서,
,585,무형유산 디지털 아카이브,2022년 국립무형유산원 기획공연,2022 송년공연,-,2022-12-10 00:00:00,0,1,0,비표출,제1유형,계약서/동의서,
,586,무형유산 디지털 아카이브,2022년 국립무형유산원 기획공연,2022 송년공연,-,2022-12-10 00:00:00,0,1,0,비표출,제1유형,계약서/동의서,
,587,무형유산 디지털 아카이브,2022년 국립무형유산원 기획공연,2022 송년공연,-,2022-12-10 00:00:00,0,1,0,비표출,제1유형,계약서/동의서,
,588,무형유산 디지털 아카이브,2022년 국립무형유산원 기획공연,2022 송년공연,-,2022-12-10 00:00:00,0,1,0,비표출,제1유형,계약서/동의서,
,589,무형유산 디지털 아카이브,2022년 국립무형유산원 기획공연,2022 송년공연,-,2022-12-10 00:00:00,0,1,0,비표출,제1유형,계약서/동의서,
,590,무형유산 디지털 아카이브,2022년 국립무형유산원 기획공연,2022 송년공연,-,2022-12-10 00:00:00,0,1,0,비표출,제1유형,계약서/동의서,
,591,무형유산 디지털 아카이브,2022년 국립무형유산원 기획공연,2022 송년공연,-,2022-12-10 00:00:00,0,1,0,비표출,제1유형,계약서/동의서,
,592,무형유산 디지털 아카이브,2022년 국립무형유산원 기획공연,2022 송년공연,-,2022-12-10 00:00:00,0,1,0,비표출,제1유형,계약서/동의서,
,593,무형유산 디지털 아카이브,2022년 국립무형유산원 기획공연,2022 송년공연,-,2022-12-10 00:00:00,0,1,0,비표출,제1유형,계약서/동의서,
,594,무형유산 디지털 아카이브,2022년 국립무형유산원 기획공연,2022 송년공연,-,2022-12-10 00:00:00,0,1,0,비표출,제1유형,계약서/동의서,
,595,무형유산 디지털 아카이브,2022년 국립무형유산원 기획공연,2022 송년공연,-,2022-12-10 00:00:00,0,1,0,비표출,제1유형,계약서/동의서,
,596,무형유산 디지털 아카이브,2022년 국립무형유산원 기획공연,2022 송년공연,-,2022-12-10 00:00:00,0,1,0,비표출,제1유형,계약서/동의서,
,597,무형유산 디지털 아카이브,2022년 국립무형유산원 기획공연,2022 송년공연,-,2022-12-10 00:00:00,0,1,0,비표출,제1유형,계약서/동의서,
,598,무형유산 디지털 아카이브,2022년 국립무형유산원 기획공연,2022 송년공연,-,2022-12-10 00:00:00,0,1,0,비표출,제1유형,계약서/동의서,
,599,무형유산 디지털 아카이브,2022년 국립무형유산원 기획공연,2022 송년공연,-,2022-12-10 00:00:00,0,1,0,비표출,제1유형,계약서/동의서,
,600,무형유산 디지털 아카이브,2022년 국립무형유산원 기획공연,2022 송년공연,-,2022-12-10 00:00:00,0,1,0,비표출,제1유형,계약서/동의서,
,601,무형유산 디지털 아카이브,2022년 국립무형유산원 기획공연,2022 송년공연,-,2022-12-10 00:00:00,0,1,0,비표출,제1유형,계약서/동의서,
,602,무형유산 디지털 아카이브,2022년 국립무형유산원 기획공연,2022 송년공연,-,2022-12-10 00:00:00,0,1,0,비표출,제1유형,계약서/동의서,
,603,무형유산 디지털 아카이브,2022년 국립무형유산원 기획공연,2022 송년공연,-,2022-12-10 00:00:00,0,1,0,비표출,제1유형,계약서/동의서,
,604,무형유산 디지털 아카이브,2022년 국립무형유산원 기획공연,2022 송년공연,-,2022-12-10 00:00:00,0,1,0,비표출,제1유형,계약서/동의서,
,605,무형유산 디지털 아카이브,2022년 국립무형유산원 기획공연,2022 송년공연,-,2022-12-10 00:00:00,0,1,0,비표출,제1유형,계약서/동의서,
,606,무형유산 디지털 아카이브,2022년 국립무형유산원 기획공연,2022 송년공연,-,2022-12-10 00:00:00,0,1,0,비표출,제1유형,계약서/동의서,
,607,무형유산 디지털 아카이브,2022년 국립무형유산원 기획공연,2022 송년공연,-,2022-12-10 00:00:00,0,1,0,비표출,제1유형,계약서/동의서,
,608,무형유산 디지털 아카이브,2022년 국립무형유산원 기획공연,2022 송년공연,-,2022-12-10 00:00:00,0,1,0,비표출,제1유형,계약서/동의서,
,609,무형유산 디지털 아카이브,2022년 국립무형유산원 기획공연,2022 송년공연,-,2022-12-10 00:00:00,0,1,0,비표출,제1유형,계약서/동의서,
,610,무형유산 디지털 아카이브,2022년 국립무형유산원 기획공연,2022 송년공연,-,2022-12-10 00:00:00,0,1,0,비표출,제1유형,계약서/동의서,
,611,무형유산 디지털 아카이브,2022년 국립무형유산원 기획공연,2022 송년공연,-,2022-12-10 00:00:00,0,1,0,비표출,제1유형,계약서/동의서,
,612,무형유산 디지털 아카이브,2022년 국립무형유산원 기획공연,2022 송년공연,-,2022-12-10 00:00:00,0,1,0,비표출,제1유형,계약서/동의서,
,613,무형유산 디지털 아카이브,2022년 국립무형유산원 기획공연,2022 송년공연,-,2022-12-10 00:00:00,0,1,0,비표출,제1유형,계약서/동의서,
,614,무형유산 디지털 아카이브,2022년 국립무형유산원 기획공연,2022 송년공연,-,2022-12-10 00:00:00,0,1,0,비표출,제1유형,계약서/동의서,
,615,무형유산 디지털 아카이브,2022년 국립무형유산원 기획공연,이수자뎐_성슬기(경기민요),-,2022-12-15 00:00:00,1,0,0,비표출,제1유형,계약서/동의서,
