대구광역시 수성구청 권리처리 목록,,,,,,,,,,,,
순번,사이트명,카테고리,이름,설명,등록일,영상,사진,문서,기존 공공누리 유형,최종 공공누리 유형,계약서 유무,비고
1,수성구청,HOME > 행복수성 > 구정홍보 > 근현대사 사진집(새 창) > 오래도록 간직하고픈 수성구 이야기 > 수성구는 지금,중동교,"어김없이 과거가 될 오늘, 지금을 기록하는 행복수성 아카이브팀의 작업

다섯 명의 청년들이 수성구의 현재를 애정어린 시선으로 담았다. (2019)",2019,0,1,0,미부착,개방불가,행복아카이브팀(5인)이 촬영한 사진으로서 촬영자와의 계약서를 보관하고 있지 않음.,
2,수성구청,HOME > 행복수성 > 구정홍보 > 근현대사 사진집(새 창) > 오래도록 간직하고픈 수성구 이야기 > 수성구는 지금,상동교,"어김없이 과거가 될 오늘, 지금을 기록하는 행복수성 아카이브팀의 작업

다섯 명의 청년들이 수성구의 현재를 애정어린 시선으로 담았다. (2019)",2019,0,1,0,미부착,개방불가,행복아카이브팀(5인)이 촬영한 사진으로서 촬영자와의 계약서를 보관하고 있지 않음.,
3,수성구청,HOME > 행복수성 > 구정홍보 > 근현대사 사진집(새 창) > 오래도록 간직하고픈 수성구 이야기 > 수성구는 지금,화랑교,"어김없이 과거가 될 오늘, 지금을 기록하는 행복수성 아카이브팀의 작업

다섯 명의 청년들이 수성구의 현재를 애정어린 시선으로 담았다. (2019)",2019,0,1,0,미부착,개방불가,행복아카이브팀(5인)이 촬영한 사진으로서 촬영자와의 계약서를 보관하고 있지 않음.,
4,수성구청,HOME > 행복수성 > 구정홍보 > 근현대사 사진집(새 창) > 오래도록 간직하고픈 수성구 이야기 > 수성구는 지금,만촌 해피타운,"어김없이 과거가 될 오늘, 지금을 기록하는 행복수성 아카이브팀의 작업

다섯 명의 청년들이 수성구의 현재를 애정어린 시선으로 담았다. (2019)",2019,0,1,0,미부착,개방불가,행복아카이브팀(5인)이 촬영한 사진으로서 촬영자와의 계약서를 보관하고 있지 않음.,
5,수성구청,HOME > 행복수성 > 구정홍보 > 근현대사 사진집(새 창) > 오래도록 간직하고픈 수성구 이야기 > 수성구는 지금,만촌 해피타운,"어김없이 과거가 될 오늘, 지금을 기록하는 행복수성 아카이브팀의 작업

다섯 명의 청년들이 수성구의 현재를 애정어린 시선으로 담았다. (2019)",2019,0,1,0,미부착,개방불가,행복아카이브팀(5인)이 촬영한 사진으로서 촬영자와의 계약서를 보관하고 있지 않음.,
6,수성구청,HOME > 행복수성 > 구정홍보 > 근현대사 사진집(새 창) > 오래도록 간직하고픈 수성구 이야기 > 수성구는 지금,들안길 시화거리,"어김없이 과거가 될 오늘, 지금을 기록하는 행복수성 아카이브팀의 작업

다섯 명의 청년들이 수성구의 현재를 애정어린 시선으로 담았다. (2019)",2019,0,1,0,미부착,개방불가,행복아카이브팀(5인)이 촬영한 사진으로서 촬영자와의 계약서를 보관하고 있지 않음.,
7,수성구청,HOME > 행복수성 > 구정홍보 > 근현대사 사진집(새 창) > 오래도록 간직하고픈 수성구 이야기 > 수성구는 지금,들안길 시화거리,"어김없이 과거가 될 오늘, 지금을 기록하는 행복수성 아카이브팀의 작업

다섯 명의 청년들이 수성구의 현재를 애정어린 시선으로 담았다. (2019)",2019,0,1,0,미부착,개방불가,행복아카이브팀(5인)이 촬영한 사진으로서 촬영자와의 계약서를 보관하고 있지 않음.,
8,수성구청,HOME > 행복수성 > 구정홍보 > 근현대사 사진집(새 창) > 오래도록 간직하고픈 수성구 이야기 > 수성구는 지금,청구시장,"어김없이 과거가 될 오늘, 지금을 기록하는 행복수성 아카이브팀의 작업

다섯 명의 청년들이 수성구의 현재를 애정어린 시선으로 담았다. (2019)",2019,0,1,0,미부착,개방불가,행복아카이브팀(5인)이 촬영한 사진으로서 촬영자와의 계약서를 보관하고 있지 않음.,
9,수성구청,HOME > 행복수성 > 구정홍보 > 근현대사 사진집(새 창) > 오래도록 간직하고픈 수성구 이야기 > 수성구는 지금,만촌시장,"어김없이 과거가 될 오늘, 지금을 기록하는 행복수성 아카이브팀의 작업

다섯 명의 청년들이 수성구의 현재를 애정어린 시선으로 담았다. (2019)",2019,0,1,0,미부착,개방불가,행복아카이브팀(5인)이 촬영한 사진으로서 촬영자와의 계약서를 보관하고 있지 않음.,
10,수성구청,HOME > 행복수성 > 구정홍보 > 근현대사 사진집(새 창) > 오래도록 간직하고픈 수성구 이야기 > 수성구는 지금,대공원시장,"어김없이 과거가 될 오늘, 지금을 기록하는 행복수성 아카이브팀의 작업

다섯 명의 청년들이 수성구의 현재를 애정어린 시선으로 담았다. (2019)",2019,0,1,0,미부착,개방불가,행복아카이브팀(5인)이 촬영한 사진으로서 촬영자와의 계약서를 보관하고 있지 않음.,
11,수성구청,HOME > 행복수성 > 구정홍보 > 근현대사 사진집(새 창) > 오래도록 간직하고픈 수성구 이야기 > 수성구는 지금,신매시장,"어김없이 과거가 될 오늘, 지금을 기록하는 행복수성 아카이브팀의 작업

다섯 명의 청년들이 수성구의 현재를 애정어린 시선으로 담았다. (2019)",2019,0,1,0,미부착,개방불가,행복아카이브팀(5인)이 촬영한 사진으로서 촬영자와의 계약서를 보관하고 있지 않음.,
12,수성구청,HOME > 행복수성 > 구정홍보 > 근현대사 사진집(새 창) > 오래도록 간직하고픈 수성구 이야기 > 수성구는 지금,대공원시장,"어김없이 과거가 될 오늘, 지금을 기록하는 행복수성 아카이브팀의 작업

다섯 명의 청년들이 수성구의 현재를 애정어린 시선으로 담았다. (2019)",2019,0,1,0,미부착,개방불가,행복아카이브팀(5인)이 촬영한 사진으로서 촬영자와의 계약서를 보관하고 있지 않음.,
13,수성구청,HOME > 행복수성 > 구정홍보 > 근현대사 사진집(새 창) > 오래도록 간직하고픈 수성구 이야기 > 수성구는 지금,신매시장 파자마,"어김없이 과거가 될 오늘, 지금을 기록하는 행복수성 아카이브팀의 작업

다섯 명의 청년들이 수성구의 현재를 애정어린 시선으로 담았다. (2019)",2019,0,1,0,미부착,개방불가,행복아카이브팀(5인)이 촬영한 사진으로서 촬영자와의 계약서를 보관하고 있지 않음.,
14,수성구청,HOME > 행복수성 > 구정홍보 > 근현대사 사진집(새 창) > 오래도록 간직하고픈 수성구 이야기 > 수성구는 지금,청솔로 이발소,"어김없이 과거가 될 오늘, 지금을 기록하는 행복수성 아카이브팀의 작업

다섯 명의 청년들이 수성구의 현재를 애정어린 시선으로 담았다. (2019)",2019,0,1,0,미부착,개방불가,행복아카이브팀(5인)이 촬영한 사진으로서 촬영자와의 계약서를 보관하고 있지 않음.,
15,수성구청,HOME > 행복수성 > 구정홍보 > 근현대사 사진집(새 창) > 오래도록 간직하고픈 수성구 이야기 > 수성구는 지금,희망로 열쇠집,"어김없이 과거가 될 오늘, 지금을 기록하는 행복수성 아카이브팀의 작업

다섯 명의 청년들이 수성구의 현재를 애정어린 시선으로 담았다. (2019)",2019,0,1,0,미부착,개방불가,행복아카이브팀(5인)이 촬영한 사진으로서 촬영자와의 계약서를 보관하고 있지 않음.,
16,수성구청,HOME > 행복수성 > 구정홍보 > 근현대사 사진집(새 창) > 오래도록 간직하고픈 수성구 이야기 > 수성구는 지금,범어청솔지구 재개발,"어김없이 과거가 될 오늘, 지금을 기록하는 행복수성 아카이브팀의 작업

다섯 명의 청년들이 수성구의 현재를 애정어린 시선으로 담았다. (2019)",2019,0,1,0,미부착,개방불가,행복아카이브팀(5인)이 촬영한 사진으로서 촬영자와의 계약서를 보관하고 있지 않음.,
17,수성구청,HOME > 행복수성 > 구정홍보 > 근현대사 사진집(새 창) > 오래도록 간직하고픈 수성구 이야기 > 수성구는 지금,범어청솔지구 재개발,"어김없이 과거가 될 오늘, 지금을 기록하는 행복수성 아카이브팀의 작업

다섯 명의 청년들이 수성구의 현재를 애정어린 시선으로 담았다. (2019)",2019,0,1,0,미부착,개방불가,행복아카이브팀(5인)이 촬영한 사진으로서 촬영자와의 계약서를 보관하고 있지 않음.,
18,수성구청,HOME > 행복수성 > 구정홍보 > 근현대사 사진집(새 창) > 오래도록 간직하고픈 수성구 이야기 > 수성구는 지금,범어1동,"어김없이 과거가 될 오늘, 지금을 기록하는 행복수성 아카이브팀의 작업

다섯 명의 청년들이 수성구의 현재를 애정어린 시선으로 담았다. (2019)",2019,0,1,0,미부착,개방불가,행복아카이브팀(5인)이 촬영한 사진으로서 촬영자와의 계약서를 보관하고 있지 않음.,
19,수성구청,HOME > 행복수성 > 구정홍보 > 근현대사 사진집(새 창) > 오래도록 간직하고픈 수성구 이야기 > 수성구는 지금,범어청솔지구 재개발,"어김없이 과거가 될 오늘, 지금을 기록하는 행복수성 아카이브팀의 작업

다섯 명의 청년들이 수성구의 현재를 애정어린 시선으로 담았다. (2019)",2019,0,1,0,미부착,개방불가,행복아카이브팀(5인)이 촬영한 사진으로서 촬영자와의 계약서를 보관하고 있지 않음.,
20,수성구청,HOME > 행복수성 > 구정홍보 > 근현대사 사진집(새 창) > 오래도록 간직하고픈 수성구 이야기 > 수성구는 지금,만촌동,"어김없이 과거가 될 오늘, 지금을 기록하는 행복수성 아카이브팀의 작업

다섯 명의 청년들이 수성구의 현재를 애정어린 시선으로 담았다. (2019)",2019,0,1,0,미부착,개방불가,행복아카이브팀(5인)이 촬영한 사진으로서 촬영자와의 계약서를 보관하고 있지 않음.,
21,수성구청,HOME > 행복수성 > 구정홍보 > 근현대사 사진집(새 창) > 오래도록 간직하고픈 수성구 이야기 > 수성구는 지금,만촌동 전봇대,"어김없이 과거가 될 오늘, 지금을 기록하는 행복수성 아카이브팀의 작업

다섯 명의 청년들이 수성구의 현재를 애정어린 시선으로 담았다. (2019)",2019,0,1,0,미부착,개방불가,행복아카이브팀(5인)이 촬영한 사진으로서 촬영자와의 계약서를 보관하고 있지 않음.,
22,수성구청,HOME > 행복수성 > 구정홍보 > 근현대사 사진집(새 창) > 오래도록 간직하고픈 수성구 이야기 > 수성구는 지금,파동 재개발지구,"어김없이 과거가 될 오늘, 지금을 기록하는 행복수성 아카이브팀의 작업

다섯 명의 청년들이 수성구의 현재를 애정어린 시선으로 담았다. (2019)",2019,0,1,0,미부착,개방불가,행복아카이브팀(5인)이 촬영한 사진으로서 촬영자와의 계약서를 보관하고 있지 않음.,
23,수성구청,HOME > 행복수성 > 구정홍보 > 근현대사 사진집(새 창) > 오래도록 간직하고픈 수성구 이야기 > 수성구는 지금,파동 재개발지구,"어김없이 과거가 될 오늘, 지금을 기록하는 행복수성 아카이브팀의 작업

다섯 명의 청년들이 수성구의 현재를 애정어린 시선으로 담았다. (2019)",2019,0,1,0,미부착,개방불가,행복아카이브팀(5인)이 촬영한 사진으로서 촬영자와의 계약서를 보관하고 있지 않음.,
24,수성구청,HOME > 행복수성 > 구정홍보 > 근현대사 사진집(새 창) > 오래도록 간직하고픈 수성구 이야기 > 수성구는 지금,파동 재개발지구,"어김없이 과거가 될 오늘, 지금을 기록하는 행복수성 아카이브팀의 작업

다섯 명의 청년들이 수성구의 현재를 애정어린 시선으로 담았다. (2019)",2019,0,1,0,미부착,개방불가,행복아카이브팀(5인)이 촬영한 사진으로서 촬영자와의 계약서를 보관하고 있지 않음.,
25,수성구청,HOME > 행복수성 > 구정홍보 > 근현대사 사진집(새 창) > 오래도록 간직하고픈 수성구 이야기 > 수성구는 지금,오래된 대문,"어김없이 과거가 될 오늘, 지금을 기록하는 행복수성 아카이브팀의 작업

다섯 명의 청년들이 수성구의 현재를 애정어린 시선으로 담았다. (2019)",2019,0,1,0,미부착,개방불가,행복아카이브팀(5인)이 촬영한 사진으로서 촬영자와의 계약서를 보관하고 있지 않음.,
26,수성구청,HOME > 행복수성 > 구정홍보 > 근현대사 사진집(새 창) > 오래도록 간직하고픈 수성구 이야기 > 수성구는 지금,고모역,"어김없이 과거가 될 오늘, 지금을 기록하는 행복수성 아카이브팀의 작업

다섯 명의 청년들이 수성구의 현재를 애정어린 시선으로 담았다. (2019)",2019,0,1,0,미부착,개방불가,행복아카이브팀(5인)이 촬영한 사진으로서 촬영자와의 계약서를 보관하고 있지 않음.,
27,수성구청,HOME > 행복수성 > 구정홍보 > 근현대사 사진집(새 창) > 오래도록 간직하고픈 수성구 이야기 > 수성구는 지금,고모역,"어김없이 과거가 될 오늘, 지금을 기록하는 행복수성 아카이브팀의 작업

다섯 명의 청년들이 수성구의 현재를 애정어린 시선으로 담았다. (2019)",2019,0,1,0,미부착,개방불가,행복아카이브팀(5인)이 촬영한 사진으로서 촬영자와의 계약서를 보관하고 있지 않음.,
28,수성구청,HOME > 행복수성 > 구정홍보 > 근현대사 사진집(새 창) > 오래도록 간직하고픈 수성구 이야기 > 수성구는 지금,수성못페스티벌,"어김없이 과거가 될 오늘, 지금을 기록하는 행복수성 아카이브팀의 작업

다섯 명의 청년들이 수성구의 현재를 애정어린 시선으로 담았다. (2019)",2019,0,1,0,미부착,개방불가,행복아카이브팀(5인)이 촬영한 사진으로서 촬영자와의 계약서를 보관하고 있지 않음.,
29,수성구청,HOME > 행복수성 > 구정홍보 > 근현대사 사진집(새 창) > 오래도록 간직하고픈 수성구 이야기 > 수성구는 지금,수성못페스티벌,"어김없이 과거가 될 오늘, 지금을 기록하는 행복수성 아카이브팀의 작업

다섯 명의 청년들이 수성구의 현재를 애정어린 시선으로 담았다. (2019)",2019,0,1,0,미부착,개방불가,행복아카이브팀(5인)이 촬영한 사진으로서 촬영자와의 계약서를 보관하고 있지 않음.,
30,수성구청,HOME > 행복수성 > 구정홍보 > 근현대사 사진집(새 창) > 오래도록 간직하고픈 수성구 이야기 > 수성구는 지금,들안길페스티벌,"어김없이 과거가 될 오늘, 지금을 기록하는 행복수성 아카이브팀의 작업

다섯 명의 청년들이 수성구의 현재를 애정어린 시선으로 담았다. (2019)",2019,0,1,0,미부착,개방불가,행복아카이브팀(5인)이 촬영한 사진으로서 촬영자와의 계약서를 보관하고 있지 않음.,
31,수성구청,HOME > 행복수성 > 구정홍보 > 근현대사 사진집(새 창) > 오래도록 간직하고픈 수성구 이야기 > 수성구는 지금,지산동 일대,"어김없이 과거가 될 오늘, 지금을 기록하는 행복수성 아카이브팀의 작업

다섯 명의 청년들이 수성구의 현재를 애정어린 시선으로 담았다. (2019)",2019,0,1,0,미부착,개방불가,행복아카이브팀(5인)이 촬영한 사진으로서 촬영자와의 계약서를 보관하고 있지 않음.,
32,수성구청,HOME > 행복수성 > 구정홍보 > 근현대사 사진집(새 창) > 오래도록 간직하고픈 수성구 이야기 > 수성구는 지금,수성구 전경,"어김없이 과거가 될 오늘, 지금을 기록하는 행복수성 아카이브팀의 작업

다섯 명의 청년들이 수성구의 현재를 애정어린 시선으로 담았다. (2019)",2019,0,1,0,미부착,개방불가,행복아카이브팀(5인)이 촬영한 사진으로서 촬영자와의 계약서를 보관하고 있지 않음.,
33,수성구청,HOME > 행복수성 > 구정홍보 > 근현대사 사진집(새 창) > 오래도록 간직하고픈 수성구 이야기 > 수성구는 지금,수성구 전경,"어김없이 과거가 될 오늘, 지금을 기록하는 행복수성 아카이브팀의 작업

다섯 명의 청년들이 수성구의 현재를 애정어린 시선으로 담았다. (2019)",2019,0,1,0,미부착,개방불가,행복아카이브팀(5인)이 촬영한 사진으로서 촬영자와의 계약서를 보관하고 있지 않음.,
34,수성구청,HOME > 행복수성 > 구정홍보 > 근현대사 사진집(새 창) > 오래도록 간직하고픈 수성구 이야기 > 앨범 속 수성구를 찾다,범어초 과학시간,"사라져가는 수성구의 모습을 기억하고자 수성구의 과거 사진을 공모 (2019)

수성구민들의 오래된 앨범 속에서 찾은 보석같은 사진들을 함께 들여다보자.",1998,0,1,0,미부착,개방불가,행복아카이브팀(5인)이 촬영한 사진으로서 촬영자와의 계약서를 보관하고 있지 않음.,
35,수성구청,HOME > 행복수성 > 구정홍보 > 근현대사 사진집(새 창) > 오래도록 간직하고픈 수성구 이야기 > 앨범 속 수성구를 찾다,교실 안(동문초),"사라져가는 수성구의 모습을 기억하고자 수성구의 과거 사진을 공모 (2019)

수성구민들의 오래된 앨범 속에서 찾은 보석같은 사진들을 함께 들여다보자.",1994,0,1,0,미부착,개방불가,행복아카이브팀(5인)이 촬영한 사진으로서 촬영자와의 계약서를 보관하고 있지 않음.,
36,수성구청,HOME > 행복수성 > 구정홍보 > 근현대사 사진집(새 창) > 오래도록 간직하고픈 수성구 이야기 > 앨범 속 수성구를 찾다,"동원중에서 2군사령부 후문 사이, 경부선 철길 밑 굴다리","사라져가는 수성구의 모습을 기억하고자 수성구의 과거 사진을 공모 (2019)

수성구민들의 오래된 앨범 속에서 찾은 보석같은 사진들을 함께 들여다보자.",1992,0,1,0,미부착,개방불가,행복아카이브팀(5인)이 촬영한 사진으로서 촬영자와의 계약서를 보관하고 있지 않음.,
37,수성구청,HOME > 행복수성 > 구정홍보 > 근현대사 사진집(새 창) > 오래도록 간직하고픈 수성구 이야기 > 앨범 속 수성구를 찾다,수성못 통통배,"사라져가는 수성구의 모습을 기억하고자 수성구의 과거 사진을 공모 (2019)

수성구민들의 오래된 앨범 속에서 찾은 보석같은 사진들을 함께 들여다보자.",1990,0,1,0,미부착,개방불가,행복아카이브팀(5인)이 촬영한 사진으로서 촬영자와의 계약서를 보관하고 있지 않음.,
38,수성구청,HOME > 행복수성 > 구정홍보 > 근현대사 사진집(새 창) > 오래도록 간직하고픈 수성구 이야기 > 앨범 속 수성구를 찾다,수성못,"사라져가는 수성구의 모습을 기억하고자 수성구의 과거 사진을 공모 (2019)

수성구민들의 오래된 앨범 속에서 찾은 보석같은 사진들을 함께 들여다보자.",1985,0,1,0,미부착,개방불가,행복아카이브팀(5인)이 촬영한 사진으로서 촬영자와의 계약서를 보관하고 있지 않음.,
39,수성구청,HOME > 행복수성 > 구정홍보 > 근현대사 사진집(새 창) > 오래도록 간직하고픈 수성구 이야기 > 앨범 속 수성구를 찾다,시내전경,"사라져가는 수성구의 모습을 기억하고자 수성구의 과거 사진을 공모 (2019)

수성구민들의 오래된 앨범 속에서 찾은 보석같은 사진들을 함께 들여다보자.",1988,0,1,0,미부착,개방불가,행복아카이브팀(5인)이 촬영한 사진으로서 촬영자와의 계약서를 보관하고 있지 않음.,
40,수성구청,HOME > 행복수성 > 구정홍보 > 근현대사 사진집(새 창) > 오래도록 간직하고픈 수성구 이야기 > 앨범 속 수성구를 찾다,상여집,"사라져가는 수성구의 모습을 기억하고자 수성구의 과거 사진을 공모 (2019)

수성구민들의 오래된 앨범 속에서 찾은 보석같은 사진들을 함께 들여다보자.",,0,1,0,미부착,개방불가,행복아카이브팀(5인)이 촬영한 사진으로서 촬영자와의 계약서를 보관하고 있지 않음.,
41,수성구청,HOME > 행복수성 > 구정홍보 > 근현대사 사진집(새 창) > 오래도록 간직하고픈 수성구 이야기 > 앨범 속 수성구를 찾다,수성못 아이스링크장,"사라져가는 수성구의 모습을 기억하고자 수성구의 과거 사진을 공모 (2019)

수성구민들의 오래된 앨범 속에서 찾은 보석같은 사진들을 함께 들여다보자.",1999,0,1,0,미부착,개방불가,행복아카이브팀(5인)이 촬영한 사진으로서 촬영자와의 계약서를 보관하고 있지 않음.,
42,수성구청,HOME > 행복수성 > 구정홍보 > 근현대사 사진집(새 창) > 오래도록 간직하고픈 수성구 이야기 > 앨범 속 수성구를 찾다,대구어린이회관 견학,"사라져가는 수성구의 모습을 기억하고자 수성구의 과거 사진을 공모 (2019)

수성구민들의 오래된 앨범 속에서 찾은 보석같은 사진들을 함께 들여다보자.",1984,0,1,0,미부착,개방불가,행복아카이브팀(5인)이 촬영한 사진으로서 촬영자와의 계약서를 보관하고 있지 않음.,
43,수성구청,HOME > 행복수성 > 구정홍보 > 근현대사 사진집(새 창) > 오래도록 간직하고픈 수성구 이야기 > 앨범 속 수성구를 찾다,대구어린이회관 미니청룡열차,"사라져가는 수성구의 모습을 기억하고자 수성구의 과거 사진을 공모 (2019)

수성구민들의 오래된 앨범 속에서 찾은 보석같은 사진들을 함께 들여다보자.",1989,0,1,0,미부착,개방불가,행복아카이브팀(5인)이 촬영한 사진으로서 촬영자와의 계약서를 보관하고 있지 않음.,
44,수성구청,HOME > 행복수성 > 구정홍보 > 근현대사 사진집(새 창) > 오래도록 간직하고픈 수성구 이야기 > 앨범 속 수성구를 찾다,어린이대공원,"사라져가는 수성구의 모습을 기억하고자 수성구의 과거 사진을 공모 (2019)

수성구민들의 오래된 앨범 속에서 찾은 보석같은 사진들을 함께 들여다보자.",1997,0,1,0,미부착,개방불가,행복아카이브팀(5인)이 촬영한 사진으로서 촬영자와의 계약서를 보관하고 있지 않음.,
45,수성구청,HOME > 행복수성 > 구정홍보 > 근현대사 사진집(새 창) > 오래도록 간직하고픈 수성구 이야기 > 앨범 속 수성구를 찾다,수성못,"사라져가는 수성구의 모습을 기억하고자 수성구의 과거 사진을 공모 (2019)

수성구민들의 오래된 앨범 속에서 찾은 보석같은 사진들을 함께 들여다보자.",1997,0,1,0,미부착,개방불가,행복아카이브팀(5인)이 촬영한 사진으로서 촬영자와의 계약서를 보관하고 있지 않음.,
46,수성구청,HOME > 행복수성 > 구정홍보 > 근현대사 사진집(새 창) > 오래도록 간직하고픈 수성구 이야기 > 앨범 속 수성구를 찾다,수성랜드,"사라져가는 수성구의 모습을 기억하고자 수성구의 과거 사진을 공모 (2019)

수성구민들의 오래된 앨범 속에서 찾은 보석같은 사진들을 함께 들여다보자.",1991,0,1,0,미부착,개방불가,행복아카이브팀(5인)이 촬영한 사진으로서 촬영자와의 계약서를 보관하고 있지 않음.,
47,수성구청,HOME > 행복수성 > 구정홍보 > 근현대사 사진집(새 창) > 오래도록 간직하고픈 수성구 이야기 > 앨범 속 수성구를 찾다,수성못에서,"사라져가는 수성구의 모습을 기억하고자 수성구의 과거 사진을 공모 (2019)

수성구민들의 오래된 앨범 속에서 찾은 보석같은 사진들을 함께 들여다보자.",1995,0,1,0,미부착,개방불가,행복아카이브팀(5인)이 촬영한 사진으로서 촬영자와의 계약서를 보관하고 있지 않음.,
48,수성구청,HOME > 행복수성 > 구정홍보 > 근현대사 사진집(새 창) > 오래도록 간직하고픈 수성구 이야기 > 앨범 속 수성구를 찾다,수성관광호텔,"사라져가는 수성구의 모습을 기억하고자 수성구의 과거 사진을 공모 (2019)

수성구민들의 오래된 앨범 속에서 찾은 보석같은 사진들을 함께 들여다보자.",1987,0,1,0,미부착,개방불가,행복아카이브팀(5인)이 촬영한 사진으로서 촬영자와의 계약서를 보관하고 있지 않음.,
49,수성구청,HOME > 행복수성 > 구정홍보 > 근현대사 사진집(새 창) > 오래도록 간직하고픈 수성구 이야기 > 앨범 속 수성구를 찾다,수성못 유람선 탑승을 기다리며,"사라져가는 수성구의 모습을 기억하고자 수성구의 과거 사진을 공모 (2019)

수성구민들의 오래된 앨범 속에서 찾은 보석같은 사진들을 함께 들여다보자.",1984,0,1,0,미부착,개방불가,행복아카이브팀(5인)이 촬영한 사진으로서 촬영자와의 계약서를 보관하고 있지 않음.,
50,수성구청,HOME > 행복수성 > 구정홍보 > 근현대사 사진집(새 창) > 오래도록 간직하고픈 수성구 이야기 > 앨범 속 수성구를 찾다,어린이회관,"사라져가는 수성구의 모습을 기억하고자 수성구의 과거 사진을 공모 (2019)

수성구민들의 오래된 앨범 속에서 찾은 보석같은 사진들을 함께 들여다보자.",1986,0,1,0,미부착,개방불가,행복아카이브팀(5인)이 촬영한 사진으로서 촬영자와의 계약서를 보관하고 있지 않음.,
51,수성구청,HOME > 행복수성 > 구정홍보 > 근현대사 사진집(새 창) > 오래도록 간직하고픈 수성구 이야기 > 앨범 속 수성구를 찾다,정화여고 후문,"사라져가는 수성구의 모습을 기억하고자 수성구의 과거 사진을 공모 (2019)

수성구민들의 오래된 앨범 속에서 찾은 보석같은 사진들을 함께 들여다보자.",1980,0,1,0,미부착,개방불가,행복아카이브팀(5인)이 촬영한 사진으로서 촬영자와의 계약서를 보관하고 있지 않음.,
52,수성구청,HOME > 행복수성 > 구정홍보 > 근현대사 사진집(새 창) > 오래도록 간직하고픈 수성구 이야기 > 앨범 속 수성구를 찾다,중동교와 상동교 사이에서,"사라져가는 수성구의 모습을 기억하고자 수성구의 과거 사진을 공모 (2019)

수성구민들의 오래된 앨범 속에서 찾은 보석같은 사진들을 함께 들여다보자.",1981,0,1,0,미부착,개방불가,행복아카이브팀(5인)이 촬영한 사진으로서 촬영자와의 계약서를 보관하고 있지 않음.,
53,수성구청,HOME > 행복수성 > 구정홍보 > 근현대사 사진집(새 창) > 오래도록 간직하고픈 수성구 이야기 > 앨범 속 수성구를 찾다,겨울 수성못,"사라져가는 수성구의 모습을 기억하고자 수성구의 과거 사진을 공모 (2019)

수성구민들의 오래된 앨범 속에서 찾은 보석같은 사진들을 함께 들여다보자.",1981,0,1,0,미부착,개방불가,행복아카이브팀(5인)이 촬영한 사진으로서 촬영자와의 계약서를 보관하고 있지 않음.,
54,수성구청,HOME > 행복수성 > 구정홍보 > 근현대사 사진집(새 창) > 오래도록 간직하고픈 수성구 이야기 > 앨범 속 수성구를 찾다,어린이회관 88올림픽 기념조형물 앞,"사라져가는 수성구의 모습을 기억하고자 수성구의 과거 사진을 공모 (2019)

수성구민들의 오래된 앨범 속에서 찾은 보석같은 사진들을 함께 들여다보자.",1988,0,1,0,미부착,개방불가,행복아카이브팀(5인)이 촬영한 사진으로서 촬영자와의 계약서를 보관하고 있지 않음.,
55,수성구청,HOME > 행복수성 > 구정홍보 > 근현대사 사진집(새 창) > 오래도록 간직하고픈 수성구 이야기 > 앨범 속 수성구를 찾다,대구교육청 앞마당에서,"사라져가는 수성구의 모습을 기억하고자 수성구의 과거 사진을 공모 (2019)

수성구민들의 오래된 앨범 속에서 찾은 보석같은 사진들을 함께 들여다보자.",1987,0,1,0,미부착,개방불가,행복아카이브팀(5인)이 촬영한 사진으로서 촬영자와의 계약서를 보관하고 있지 않음.,
56,수성구청,HOME > 행복수성 > 구정홍보 > 근현대사 사진집(새 창) > 오래도록 간직하고픈 수성구 이야기 > 앨범 속 수성구를 찾다,동일초등학교 가을운동회,"사라져가는 수성구의 모습을 기억하고자 수성구의 과거 사진을 공모 (2019)

수성구민들의 오래된 앨범 속에서 찾은 보석같은 사진들을 함께 들여다보자.",1988,0,1,0,미부착,개방불가,행복아카이브팀(5인)이 촬영한 사진으로서 촬영자와의 계약서를 보관하고 있지 않음.,
57,수성구청,HOME > 행복수성 > 구정홍보 > 근현대사 사진집(새 창) > 오래도록 간직하고픈 수성구 이야기 > 앨범 속 수성구를 찾다,어린이회관 앞 도로에서,"사라져가는 수성구의 모습을 기억하고자 수성구의 과거 사진을 공모 (2019)

수성구민들의 오래된 앨범 속에서 찾은 보석같은 사진들을 함께 들여다보자.",1988,0,1,0,미부착,개방불가,행복아카이브팀(5인)이 촬영한 사진으로서 촬영자와의 계약서를 보관하고 있지 않음.,
58,수성구청,HOME > 행복수성 > 구정홍보 > 근현대사 사진집(새 창) > 오래도록 간직하고픈 수성구 이야기 > 앨범 속 수성구를 찾다,성동초등학교 운동회를 마치고,"사라져가는 수성구의 모습을 기억하고자 수성구의 과거 사진을 공모 (2019)

수성구민들의 오래된 앨범 속에서 찾은 보석같은 사진들을 함께 들여다보자.",1991,0,1,0,미부착,개방불가,행복아카이브팀(5인)이 촬영한 사진으로서 촬영자와의 계약서를 보관하고 있지 않음.,
59,수성구청,HOME > 행복수성 > 구정홍보 > 근현대사 사진집(새 창) > 오래도록 간직하고픈 수성구 이야기 > 앨범 속 수성구를 찾다,수성랜드,"사라져가는 수성구의 모습을 기억하고자 수성구의 과거 사진을 공모 (2019)

수성구민들의 오래된 앨범 속에서 찾은 보석같은 사진들을 함께 들여다보자.",1994,0,1,0,미부착,개방불가,행복아카이브팀(5인)이 촬영한 사진으로서 촬영자와의 계약서를 보관하고 있지 않음.,
60,수성구청,HOME > 행복수성 > 구정홍보 > 근현대사 사진집(새 창) > 오래도록 간직하고픈 수성구 이야기 > 앨범 속 수성구를 찾다,수성랜드,"사라져가는 수성구의 모습을 기억하고자 수성구의 과거 사진을 공모 (2019)

수성구민들의 오래된 앨범 속에서 찾은 보석같은 사진들을 함께 들여다보자.",1995,0,1,0,미부착,개방불가,행복아카이브팀(5인)이 촬영한 사진으로서 촬영자와의 계약서를 보관하고 있지 않음.,
61,수성구청,HOME > 행복수성 > 구정홍보 > 근현대사 사진집(새 창) > 오래도록 간직하고픈 수성구 이야기 > 앨범 속 수성구를 찾다,수성랜드,"사라져가는 수성구의 모습을 기억하고자 수성구의 과거 사진을 공모 (2019)

수성구민들의 오래된 앨범 속에서 찾은 보석같은 사진들을 함께 들여다보자.",1994,0,1,0,미부착,개방불가,행복아카이브팀(5인)이 촬영한 사진으로서 촬영자와의 계약서를 보관하고 있지 않음.,
62,수성구청,HOME > 행복수성 > 구정홍보 > 근현대사 사진집(새 창) > 오래도록 간직하고픈 수성구 이야기 > 수성사진공모전,신천야외수영장,"수성구민들의 손으로 기록한 수성구의 모습 수성사진공모전 1-9회 수상작

빠르게 변해온 삶의 모습들, 거리 풍경 등 수성구의 변천사를 사진으로 되짚어 본다.",1996,0,1,0,미부착,개방불가,행복아카이브팀(5인)이 촬영한 사진으로서 촬영자와의 계약서를 보관하고 있지 않음.,
63,수성구청,HOME > 행복수성 > 구정홍보 > 근현대사 사진집(새 창) > 오래도록 간직하고픈 수성구 이야기 > 수성사진공모전,환희(두산폭포),"수성구민들의 손으로 기록한 수성구의 모습 수성사진공모전 1-9회 수상작

빠르게 변해온 삶의 모습들, 거리 풍경 등 수성구의 변천사를 사진으로 되짚어 본다.",2001,0,1,0,미부착,개방불가,행복아카이브팀(5인)이 촬영한 사진으로서 촬영자와의 계약서를 보관하고 있지 않음.,
64,수성구청,HOME > 행복수성 > 구정홍보 > 근현대사 사진집(새 창) > 오래도록 간직하고픈 수성구 이야기 > 수성사진공모전,나이뻐,"수성구민들의 손으로 기록한 수성구의 모습 수성사진공모전 1-9회 수상작

빠르게 변해온 삶의 모습들, 거리 풍경 등 수성구의 변천사를 사진으로 되짚어 본다.",2000,0,1,0,미부착,개방불가,행복아카이브팀(5인)이 촬영한 사진으로서 촬영자와의 계약서를 보관하고 있지 않음.,
65,수성구청,HOME > 행복수성 > 구정홍보 > 근현대사 사진집(새 창) > 오래도록 간직하고픈 수성구 이야기 > 수성사진공모전,오누이,"수성구민들의 손으로 기록한 수성구의 모습 수성사진공모전 1-9회 수상작

빠르게 변해온 삶의 모습들, 거리 풍경 등 수성구의 변천사를 사진으로 되짚어 본다.",2004,0,1,0,미부착,개방불가,행복아카이브팀(5인)이 촬영한 사진으로서 촬영자와의 계약서를 보관하고 있지 않음.,
66,수성구청,HOME > 행복수성 > 구정홍보 > 근현대사 사진집(새 창) > 오래도록 간직하고픈 수성구 이야기 > 수성사진공모전,팽이치기,"수성구민들의 손으로 기록한 수성구의 모습 수성사진공모전 1-9회 수상작

빠르게 변해온 삶의 모습들, 거리 풍경 등 수성구의 변천사를 사진으로 되짚어 본다.",2004,0,1,0,미부착,개방불가,행복아카이브팀(5인)이 촬영한 사진으로서 촬영자와의 계약서를 보관하고 있지 않음.,
67,수성구청,HOME > 행복수성 > 구정홍보 > 근현대사 사진집(새 창) > 오래도록 간직하고픈 수성구 이야기 > 수성사진공모전,수성의 아침,"수성구민들의 손으로 기록한 수성구의 모습 수성사진공모전 1-9회 수상작

빠르게 변해온 삶의 모습들, 거리 풍경 등 수성구의 변천사를 사진으로 되짚어 본다.",2000,0,1,0,미부착,개방불가,행복아카이브팀(5인)이 촬영한 사진으로서 촬영자와의 계약서를 보관하고 있지 않음.,
68,수성구청,HOME > 행복수성 > 구정홍보 > 근현대사 사진집(새 창) > 오래도록 간직하고픈 수성구 이야기 > 수성사진공모전,설일,"수성구민들의 손으로 기록한 수성구의 모습 수성사진공모전 1-9회 수상작

빠르게 변해온 삶의 모습들, 거리 풍경 등 수성구의 변천사를 사진으로 되짚어 본다.",1997,0,1,0,미부착,개방불가,행복아카이브팀(5인)이 촬영한 사진으로서 촬영자와의 계약서를 보관하고 있지 않음.,
69,수성구청,HOME > 행복수성 > 구정홍보 > 근현대사 사진집(새 창) > 오래도록 간직하고픈 수성구 이야기 > 수성사진공모전,담티고개,"수성구민들의 손으로 기록한 수성구의 모습 수성사진공모전 1-9회 수상작

빠르게 변해온 삶의 모습들, 거리 풍경 등 수성구의 변천사를 사진으로 되짚어 본다.",1999,0,2,0,미부착,개방불가,행복아카이브팀(5인)이 촬영한 사진으로서 촬영자와의 계약서를 보관하고 있지 않음.,
70,수성구청,HOME > 행복수성 > 구정홍보 > 근현대사 사진집(새 창) > 오래도록 간직하고픈 수성구 이야기 > 수성사진공모전,살기 좋은 수성구,"수성구민들의 손으로 기록한 수성구의 모습 수성사진공모전 1-9회 수상작

빠르게 변해온 삶의 모습들, 거리 풍경 등 수성구의 변천사를 사진으로 되짚어 본다.",1998,0,1,0,미부착,개방불가,행복아카이브팀(5인)이 촬영한 사진으로서 촬영자와의 계약서를 보관하고 있지 않음.,
71,수성구청,HOME > 행복수성 > 구정홍보 > 근현대사 사진집(새 창) > 오래도록 간직하고픈 수성구 이야기 > 수성사진공모전,고산의 어제와 오늘,"수성구민들의 손으로 기록한 수성구의 모습 수성사진공모전 1-9회 수상작

빠르게 변해온 삶의 모습들, 거리 풍경 등 수성구의 변천사를 사진으로 되짚어 본다.",1999,0,2,0,미부착,개방불가,행복아카이브팀(5인)이 촬영한 사진으로서 촬영자와의 계약서를 보관하고 있지 않음.,
72,수성구청,HOME > 행복수성 > 구정홍보 > 근현대사 사진집(새 창) > 오래도록 간직하고픈 수성구 이야기 > 수성사진공모전,윤곽드러낸 월드컵경기장,"수성구민들의 손으로 기록한 수성구의 모습 수성사진공모전 1-9회 수상작

빠르게 변해온 삶의 모습들, 거리 풍경 등 수성구의 변천사를 사진으로 되짚어 본다.",1999,0,1,0,미부착,개방불가,행복아카이브팀(5인)이 촬영한 사진으로서 촬영자와의 계약서를 보관하고 있지 않음.,
73,수성구청,HOME > 행복수성 > 구정홍보 > 근현대사 사진집(새 창) > 오래도록 간직하고픈 수성구 이야기 > 수성사진공모전,월드컵의 꿈,"수성구민들의 손으로 기록한 수성구의 모습 수성사진공모전 1-9회 수상작

빠르게 변해온 삶의 모습들, 거리 풍경 등 수성구의 변천사를 사진으로 되짚어 본다.",2000,0,3,0,미부착,개방불가,행복아카이브팀(5인)이 촬영한 사진으로서 촬영자와의 계약서를 보관하고 있지 않음.,
74,수성구청,HOME > 행복수성 > 구정홍보 > 근현대사 사진집(새 창) > 오래도록 간직하고픈 수성구 이야기 > 수성사진공모전,무제,"수성구민들의 손으로 기록한 수성구의 모습 수성사진공모전 1-9회 수상작

빠르게 변해온 삶의 모습들, 거리 풍경 등 수성구의 변천사를 사진으로 되짚어 본다.",2001,0,1,0,미부착,개방불가,행복아카이브팀(5인)이 촬영한 사진으로서 촬영자와의 계약서를 보관하고 있지 않음.,
75,수성구청,HOME > 행복수성 > 구정홍보 > 근현대사 사진집(새 창) > 오래도록 간직하고픈 수성구 이야기 > 수성사진공모전,범어네거리의 붉은 악마들,"수성구민들의 손으로 기록한 수성구의 모습 수성사진공모전 1-9회 수상작

빠르게 변해온 삶의 모습들, 거리 풍경 등 수성구의 변천사를 사진으로 되짚어 본다.",2002,0,1,0,미부착,개방불가,행복아카이브팀(5인)이 촬영한 사진으로서 촬영자와의 계약서를 보관하고 있지 않음.,
76,수성구청,HOME > 행복수성 > 구정홍보 > 근현대사 사진집(새 창) > 오래도록 간직하고픈 수성구 이야기 > 수성사진공모전,대한민국,"수성구민들의 손으로 기록한 수성구의 모습 수성사진공모전 1-9회 수상작

빠르게 변해온 삶의 모습들, 거리 풍경 등 수성구의 변천사를 사진으로 되짚어 본다.",2002,0,1,0,미부착,개방불가,행복아카이브팀(5인)이 촬영한 사진으로서 촬영자와의 계약서를 보관하고 있지 않음.,
77,수성구청,HOME > 행복수성 > 구정홍보 > 근현대사 사진집(새 창) > 오래도록 간직하고픈 수성구 이야기 > 수성사진공모전,"전원도시(현, 대구농업마이스터고등학교 부근)","수성구민들의 손으로 기록한 수성구의 모습 수성사진공모전 1-9회 수상작

빠르게 변해온 삶의 모습들, 거리 풍경 등 수성구의 변천사를 사진으로 되짚어 본다.",1997,0,1,0,미부착,개방불가,행복아카이브팀(5인)이 촬영한 사진으로서 촬영자와의 계약서를 보관하고 있지 않음.,
78,수성구청,HOME > 행복수성 > 구정홍보 > 근현대사 사진집(새 창) > 오래도록 간직하고픈 수성구 이야기 > 수성사진공모전,황금네거리 단풍,"수성구민들의 손으로 기록한 수성구의 모습 수성사진공모전 1-9회 수상작

빠르게 변해온 삶의 모습들, 거리 풍경 등 수성구의 변천사를 사진으로 되짚어 본다.",2004,0,1,0,미부착,개방불가,행복아카이브팀(5인)이 촬영한 사진으로서 촬영자와의 계약서를 보관하고 있지 않음.,
79,수성구청,HOME > 행복수성 > 구정홍보 > 근현대사 사진집(새 창) > 오래도록 간직하고픈 수성구 이야기 > 수성사진공모전,범어네거리 야경,"수성구민들의 손으로 기록한 수성구의 모습 수성사진공모전 1-9회 수상작

빠르게 변해온 삶의 모습들, 거리 풍경 등 수성구의 변천사를 사진으로 되짚어 본다.",1996,0,1,0,미부착,개방불가,행복아카이브팀(5인)이 촬영한 사진으로서 촬영자와의 계약서를 보관하고 있지 않음.,
80,수성구청,HOME > 행복수성 > 구정홍보 > 근현대사 사진집(새 창) > 오래도록 간직하고픈 수성구 이야기 > 수성사진공모전,범어네거리 야경,"수성구민들의 손으로 기록한 수성구의 모습 수성사진공모전 1-9회 수상작

빠르게 변해온 삶의 모습들, 거리 풍경 등 수성구의 변천사를 사진으로 되짚어 본다.",1997,0,1,0,미부착,개방불가,행복아카이브팀(5인)이 촬영한 사진으로서 촬영자와의 계약서를 보관하고 있지 않음.,
81,수성구청,"HOME > 행복수성 > 구정홍보 > 근현대사 사진집(새 창) > 오래도록 간직하고픈 수성구 이야기 > 그때 그 시절, 수성",수성못 설날,"수성구립 용학도서관에서 수집한 1950-1990년대 수성구 과거 사진자료

2018 용학도서관 향토자료 전시 「도서관, 우리마을의 기억을 담다」",1956,0,1,0,미부착,개방불가,행복아카이브팀(5인)이 촬영한 사진으로서 촬영자와의 계약서를 보관하고 있지 않음.,
82,수성구청,"HOME > 행복수성 > 구정홍보 > 근현대사 사진집(새 창) > 오래도록 간직하고픈 수성구 이야기 > 그때 그 시절, 수성",수성못 동쪽 산에서 수건돌리기,"수성구립 용학도서관에서 수집한 1950-1990년대 수성구 과거 사진자료

2018 용학도서관 향토자료 전시 「도서관, 우리마을의 기억을 담다」",1955,0,1,0,미부착,개방불가,행복아카이브팀(5인)이 촬영한 사진으로서 촬영자와의 계약서를 보관하고 있지 않음.,
83,수성구청,"HOME > 행복수성 > 구정홍보 > 근현대사 사진집(새 창) > 오래도록 간직하고픈 수성구 이야기 > 그때 그 시절, 수성",수성못 선착장,"수성구립 용학도서관에서 수집한 1950-1990년대 수성구 과거 사진자료

2018 용학도서관 향토자료 전시 「도서관, 우리마을의 기억을 담다」",1963,0,1,0,미부착,개방불가,행복아카이브팀(5인)이 촬영한 사진으로서 촬영자와의 계약서를 보관하고 있지 않음.,
84,수성구청,"HOME > 행복수성 > 구정홍보 > 근현대사 사진집(새 창) > 오래도록 간직하고픈 수성구 이야기 > 그때 그 시절, 수성",수성못에서 스케이트,"수성구립 용학도서관에서 수집한 1950-1990년대 수성구 과거 사진자료

2018 용학도서관 향토자료 전시 「도서관, 우리마을의 기억을 담다」",1967,0,1,0,미부착,개방불가,행복아카이브팀(5인)이 촬영한 사진으로서 촬영자와의 계약서를 보관하고 있지 않음.,
85,수성구청,"HOME > 행복수성 > 구정홍보 > 근현대사 사진집(새 창) > 오래도록 간직하고픈 수성구 이야기 > 그때 그 시절, 수성",수성들에서 농사짓는 모습,"수성구립 용학도서관에서 수집한 1950-1990년대 수성구 과거 사진자료

2018 용학도서관 향토자료 전시 「도서관, 우리마을의 기억을 담다」",1950,0,1,0,미부착,개방불가,행복아카이브팀(5인)이 촬영한 사진으로서 촬영자와의 계약서를 보관하고 있지 않음.,
86,수성구청,"HOME > 행복수성 > 구정홍보 > 근현대사 사진집(새 창) > 오래도록 간직하고픈 수성구 이야기 > 그때 그 시절, 수성",상동 과수원,"수성구립 용학도서관에서 수집한 1950-1990년대 수성구 과거 사진자료

2018 용학도서관 향토자료 전시 「도서관, 우리마을의 기억을 담다」",1950년대,0,1,0,미부착,개방불가,행복아카이브팀(5인)이 촬영한 사진으로서 촬영자와의 계약서를 보관하고 있지 않음.,
87,수성구청,"HOME > 행복수성 > 구정홍보 > 근현대사 사진집(새 창) > 오래도록 간직하고픈 수성구 이야기 > 그때 그 시절, 수성",수성못 그네,"수성구립 용학도서관에서 수집한 1950-1990년대 수성구 과거 사진자료

2018 용학도서관 향토자료 전시 「도서관, 우리마을의 기억을 담다」",1962,0,1,0,미부착,개방불가,행복아카이브팀(5인)이 촬영한 사진으로서 촬영자와의 계약서를 보관하고 있지 않음.,
88,수성구청,"HOME > 행복수성 > 구정홍보 > 근현대사 사진집(새 창) > 오래도록 간직하고픈 수성구 이야기 > 그때 그 시절, 수성",수성못 배타는 모습,"수성구립 용학도서관에서 수집한 1950-1990년대 수성구 과거 사진자료

2018 용학도서관 향토자료 전시 「도서관, 우리마을의 기억을 담다」",1966,0,1,0,미부착,개방불가,행복아카이브팀(5인)이 촬영한 사진으로서 촬영자와의 계약서를 보관하고 있지 않음.,
89,수성구청,"HOME > 행복수성 > 구정홍보 > 근현대사 사진집(새 창) > 오래도록 간직하고픈 수성구 이야기 > 그때 그 시절, 수성",수성못,"수성구립 용학도서관에서 수집한 1950-1990년대 수성구 과거 사진자료

2018 용학도서관 향토자료 전시 「도서관, 우리마을의 기억을 담다」",1962,0,1,0,미부착,개방불가,행복아카이브팀(5인)이 촬영한 사진으로서 촬영자와의 계약서를 보관하고 있지 않음.,
90,수성구청,"HOME > 행복수성 > 구정홍보 > 근현대사 사진집(새 창) > 오래도록 간직하고픈 수성구 이야기 > 그때 그 시절, 수성",수성못,"수성구립 용학도서관에서 수집한 1950-1990년대 수성구 과거 사진자료

2018 용학도서관 향토자료 전시 「도서관, 우리마을의 기억을 담다」",1965,0,1,0,미부착,개방불가,행복아카이브팀(5인)이 촬영한 사진으로서 촬영자와의 계약서를 보관하고 있지 않음.,
91,수성구청,"HOME > 행복수성 > 구정홍보 > 근현대사 사진집(새 창) > 오래도록 간직하고픈 수성구 이야기 > 그때 그 시절, 수성",수성관광호텔 수영장,"수성구립 용학도서관에서 수집한 1950-1990년대 수성구 과거 사진자료

2018 용학도서관 향토자료 전시 「도서관, 우리마을의 기억을 담다」",1968,0,1,0,미부착,개방불가,행복아카이브팀(5인)이 촬영한 사진으로서 촬영자와의 계약서를 보관하고 있지 않음.,
92,수성구청,"HOME > 행복수성 > 구정홍보 > 근현대사 사진집(새 창) > 오래도록 간직하고픈 수성구 이야기 > 그때 그 시절, 수성",수성못,"수성구립 용학도서관에서 수집한 1950-1990년대 수성구 과거 사진자료

2018 용학도서관 향토자료 전시 「도서관, 우리마을의 기억을 담다」",1960년대,0,1,0,미부착,개방불가,행복아카이브팀(5인)이 촬영한 사진으로서 촬영자와의 계약서를 보관하고 있지 않음.,
93,수성구청,"HOME > 행복수성 > 구정홍보 > 근현대사 사진집(새 창) > 오래도록 간직하고픈 수성구 이야기 > 그때 그 시절, 수성",수성못 물문,"수성구립 용학도서관에서 수집한 1950-1990년대 수성구 과거 사진자료

2018 용학도서관 향토자료 전시 「도서관, 우리마을의 기억을 담다」",1955,0,1,0,미부착,개방불가,행복아카이브팀(5인)이 촬영한 사진으로서 촬영자와의 계약서를 보관하고 있지 않음.,
94,수성구청,"HOME > 행복수성 > 구정홍보 > 근현대사 사진집(새 창) > 오래도록 간직하고픈 수성구 이야기 > 그때 그 시절, 수성",수성못 뒷산,"수성구립 용학도서관에서 수집한 1950-1990년대 수성구 과거 사진자료

2018 용학도서관 향토자료 전시 「도서관, 우리마을의 기억을 담다」",1961,0,1,0,미부착,개방불가,행복아카이브팀(5인)이 촬영한 사진으로서 촬영자와의 계약서를 보관하고 있지 않음.,
95,수성구청,"HOME > 행복수성 > 구정홍보 > 근현대사 사진집(새 창) > 오래도록 간직하고픈 수성구 이야기 > 그때 그 시절, 수성",수성못 뒷산,"수성구립 용학도서관에서 수집한 1950-1990년대 수성구 과거 사진자료

2018 용학도서관 향토자료 전시 「도서관, 우리마을의 기억을 담다」",1961,0,1,0,미부착,개방불가,행복아카이브팀(5인)이 촬영한 사진으로서 촬영자와의 계약서를 보관하고 있지 않음.,
96,수성구청,"HOME > 행복수성 > 구정홍보 > 근현대사 사진집(새 창) > 오래도록 간직하고픈 수성구 이야기 > 그때 그 시절, 수성",수성못 뱃놀이,"수성구립 용학도서관에서 수집한 1950-1990년대 수성구 과거 사진자료

2018 용학도서관 향토자료 전시 「도서관, 우리마을의 기억을 담다」",1981,0,1,0,미부착,개방불가,행복아카이브팀(5인)이 촬영한 사진으로서 촬영자와의 계약서를 보관하고 있지 않음.,
97,수성구청,"HOME > 행복수성 > 구정홍보 > 근현대사 사진집(새 창) > 오래도록 간직하고픈 수성구 이야기 > 그때 그 시절, 수성",수성초등학교,"수성구립 용학도서관에서 수집한 1950-1990년대 수성구 과거 사진자료

2018 용학도서관 향토자료 전시 「도서관, 우리마을의 기억을 담다」",1985,0,1,0,미부착,개방불가,행복아카이브팀(5인)이 촬영한 사진으로서 촬영자와의 계약서를 보관하고 있지 않음.,
98,수성구청,"HOME > 행복수성 > 구정홍보 > 근현대사 사진집(새 창) > 오래도록 간직하고픈 수성구 이야기 > 그때 그 시절, 수성",상동-신천 공사중,"수성구립 용학도서관에서 수집한 1950-1990년대 수성구 과거 사진자료

2018 용학도서관 향토자료 전시 「도서관, 우리마을의 기억을 담다」",1986,0,1,0,미부착,개방불가,행복아카이브팀(5인)이 촬영한 사진으로서 촬영자와의 계약서를 보관하고 있지 않음.,
99,수성구청,"HOME > 행복수성 > 구정홍보 > 근현대사 사진집(새 창) > 오래도록 간직하고픈 수성구 이야기 > 그때 그 시절, 수성",상동다리에서,"수성구립 용학도서관에서 수집한 1950-1990년대 수성구 과거 사진자료

2018 용학도서관 향토자료 전시 「도서관, 우리마을의 기억을 담다」",1990,0,1,0,미부착,개방불가,행복아카이브팀(5인)이 촬영한 사진으로서 촬영자와의 계약서를 보관하고 있지 않음.,
100,수성구청,"HOME > 행복수성 > 구정홍보 > 근현대사 사진집(새 창) > 오래도록 간직하고픈 수성구 이야기 > 그때 그 시절, 수성",범물 경로당 팔순잔치,"수성구립 용학도서관에서 수집한 1950-1990년대 수성구 과거 사진자료

2018 용학도서관 향토자료 전시 「도서관, 우리마을의 기억을 담다」",1987,0,1,0,미부착,개방불가,행복아카이브팀(5인)이 촬영한 사진으로서 촬영자와의 계약서를 보관하고 있지 않음.,
101,수성구청,"HOME > 행복수성 > 구정홍보 > 근현대사 사진집(새 창) > 오래도록 간직하고픈 수성구 이야기 > 그때 그 시절, 수성",수성구민운동장,"수성구립 용학도서관에서 수집한 1950-1990년대 수성구 과거 사진자료

2018 용학도서관 향토자료 전시 「도서관, 우리마을의 기억을 담다」",1990,0,1,0,미부착,개방불가,행복아카이브팀(5인)이 촬영한 사진으로서 촬영자와의 계약서를 보관하고 있지 않음.,
102,수성구청,HOME > 행복수성 > 구정홍보 > 행복수성사진공모전 사진집 > 2020 제1회 행복수성 전국사진공모전,영남제일관 야경,금상,,0,1,0,미부착,제3유형,공고문,
103,수성구청,HOME > 행복수성 > 구정홍보 > 행복수성사진공모전 사진집 > 2020 제1회 행복수성 전국사진공모전,이 순간을 영원히,은상,,0,1,0,미부착,제3유형,공고문,
104,수성구청,HOME > 행복수성 > 구정홍보 > 행복수성사진공모전 사진집 > 2020 제1회 행복수성 전국사진공모전,수성못의 야경,은상,,0,1,0,미부착,제3유형,공고문,
105,수성구청,HOME > 행복수성 > 구정홍보 > 행복수성사진공모전 사진집 > 2020 제1회 행복수성 전국사진공모전,일출열차,동상,,0,1,0,미부착,제3유형,공고문,
106,수성구청,HOME > 행복수성 > 구정홍보 > 행복수성사진공모전 사진집 > 2020 제1회 행복수성 전국사진공모전,풍년을 기원하는 곳,동상,,0,1,0,미부착,제3유형,공고문,
107,수성구청,HOME > 행복수성 > 구정홍보 > 행복수성사진공모전 사진집 > 2020 제1회 행복수성 전국사진공모전,전국철인3종경기,동상,,0,1,0,미부착,제3유형,공고문,
108,수성구청,HOME > 행복수성 > 구정홍보 > 행복수성사진공모전 사진집 > 2020 제1회 행복수성 전국사진공모전,스타디움의 밤하늘,가작,,0,1,0,미부착,제3유형,공고문,
109,수성구청,HOME > 행복수성 > 구정홍보 > 행복수성사진공모전 사진집 > 2020 제1회 행복수성 전국사진공모전,함성의 그날을 기다리며,가작,,0,1,0,미부착,제3유형,공고문,
110,수성구청,HOME > 행복수성 > 구정홍보 > 행복수성사진공모전 사진집 > 2020 제1회 행복수성 전국사진공모전,도심 속 야경산책로,가작,,0,1,0,미부착,제3유형,공고문,
111,수성구청,HOME > 행복수성 > 구정홍보 > 행복수성사진공모전 사진집 > 2020 제1회 행복수성 전국사진공모전,사직제,가작,,0,1,0,미부착,제3유형,공고문,
112,수성구청,HOME > 행복수성 > 구정홍보 > 행복수성사진공모전 사진집 > 2020 제1회 행복수성 전국사진공모전,수성못 여명,가작,,0,1,0,미부착,제3유형,공고문,
113,수성구청,HOME > 행복수성 > 구정홍보 > 행복수성사진공모전 사진집 > 2020 제1회 행복수성 전국사진공모전,축제의 밤,입선,,0,1,0,미부착,제3유형,공고문,
114,수성구청,HOME > 행복수성 > 구정홍보 > 행복수성사진공모전 사진집 > 2020 제1회 행복수성 전국사진공모전,쉼터,입선,,0,1,0,미부착,제3유형,공고문,
115,수성구청,HOME > 행복수성 > 구정홍보 > 행복수성사진공모전 사진집 > 2020 제1회 행복수성 전국사진공모전,평안,입선,,0,1,0,미부착,제3유형,공고문,
116,수성구청,HOME > 행복수성 > 구정홍보 > 행복수성사진공모전 사진집 > 2020 제1회 행복수성 전국사진공모전,낙조2,입선,,0,1,0,미부착,제3유형,공고문,
117,수성구청,HOME > 행복수성 > 구정홍보 > 행복수성사진공모전 사진집 > 2020 제1회 행복수성 전국사진공모전,꽃과 반영,입선,,0,1,0,미부착,제3유형,공고문,
118,수성구청,HOME > 행복수성 > 구정홍보 > 행복수성사진공모전 사진집 > 2020 제1회 행복수성 전국사진공모전,수성못 그 100년의 길,입선,,0,1,0,미부착,제3유형,공고문,
119,수성구청,HOME > 행복수성 > 구정홍보 > 행복수성사진공모전 사진집 > 2020 제1회 행복수성 전국사진공모전,경치도 보고 건강도 챙기고,입선,,0,1,0,미부착,제3유형,공고문,
120,수성구청,HOME > 행복수성 > 구정홍보 > 행복수성사진공모전 사진집 > 2020 제1회 행복수성 전국사진공모전,저것 봐,입선,,0,1,0,미부착,제3유형,공고문,
121,수성구청,HOME > 행복수성 > 구정홍보 > 행복수성사진공모전 사진집 > 2020 제1회 행복수성 전국사진공모전,대구 영남제일관문,입선,,0,1,0,미부착,제3유형,공고문,
122,수성구청,HOME > 행복수성 > 구정홍보 > 행복수성사진공모전 사진집 > 2020 제1회 행복수성 전국사진공모전,우리의 쉼터,입선,,0,1,0,미부착,제3유형,공고문,
123,수성구청,HOME > 행복수성 > 구정홍보 > 행복수성사진공모전 사진집 > 2020 제1회 행복수성 전국사진공모전,생태도시 수성,입선,,0,1,0,미부착,제3유형,공고문,
124,수성구청,HOME > 행복수성 > 구정홍보 > 행복수성사진공모전 사진집 > 2020 제1회 행복수성 전국사진공모전,수성의 아침,입선,,0,1,0,미부착,제3유형,공고문,
125,수성구청,HOME > 행복수성 > 구정홍보 > 행복수성사진공모전 사진집 > 2020 제1회 행복수성 전국사진공모전,신천-신천지,입선,,0,1,0,미부착,제3유형,공고문,
126,수성구청,HOME > 행복수성 > 구정홍보 > 행복수성사진공모전 사진집 > 2020 제1회 행복수성 전국사진공모전,가을날의 수성못,입선,,0,1,0,미부착,제3유형,공고문,
127,수성구청,HOME > 행복수성 > 구정홍보 > 행복수성사진공모전 사진집 > 2020 제1회 행복수성 전국사진공모전,마술 관람,입선,,0,1,0,미부착,제3유형,공고문,
128,수성구청,HOME > 행복수성 > 구정홍보 > 행복수성사진공모전 사진집 > 2020 제1회 행복수성 전국사진공모전,수성못 페스티벌,입선,,0,1,0,미부착,제3유형,공고문,
129,수성구청,HOME > 행복수성 > 구정홍보 > 행복수성사진공모전 사진집 > 2020 제1회 행복수성 전국사진공모전,질주,입선,,0,1,0,미부착,제3유형,공고문,
130,수성구청,HOME > 행복수성 > 구정홍보 > 행복수성사진공모전 사진집 > 2020 제1회 행복수성 전국사진공모전,삼성 라이온스 파크,입선,,0,1,0,미부착,제3유형,공고문,
131,수성구청,HOME > 행복수성 > 구정홍보 > 행복수성사진공모전 사진집 > 2020 제1회 행복수성 전국사진공모전,대구스타디움 야경,입선,,0,1,0,미부착,제3유형,공고문,
132,수성구청,HOME > 행복수성 > 구정홍보 > 행복수성사진공모전 사진집 > 2020 제1회 행복수성 전국사진공모전,수성못 야외음악회,입선,,0,1,0,미부착,제3유형,공고문,
133,수성구청,HOME > 행복수성 > 구정홍보 > 행복수성사진공모전 사진집 > 2020 제1회 행복수성 전국사진공모전,신명나게 놀아보세,입선,,0,1,0,미부착,제3유형,공고문,
134,수성구청,HOME > 행복수성 > 구정홍보 > 행복수성사진공모전 사진집 > 2020 제1회 행복수성 전국사진공모전,산책,입선,,0,1,0,미부착,제3유형,공고문,
135,수성구청,HOME > 행복수성 > 구정홍보 > 행복수성사진공모전 사진집 > 2020 제1회 행복수성 전국사진공모전,사람과 오리들과의 대화,입선,,0,1,0,미부착,제3유형,공고문,
136,수성구청,HOME > 행복수성 > 구정홍보 > 행복수성사진공모전 사진집 > 2020 제1회 행복수성 전국사진공모전,버스킹은 즐거워,입선,,0,1,0,미부착,제3유형,공고문,
137,수성구청,HOME > 행복수성 > 구정홍보 > 행복수성사진공모전 사진집 > 2020 제1회 행복수성 전국사진공모전,피카소사진전,입선,,0,1,0,미부착,제3유형,공고문,
138,수성구청,HOME > 행복수성 > 구정홍보 > 행복수성사진공모전 사진집 > 2020 제1회 행복수성 전국사진공모전,수성못의 아침정경,입선,,0,1,0,미부착,제3유형,공고문,
139,수성구청,HOME > 행복수성 > 구정홍보 > 행복수성사진공모전 사진집 > 2020 제1회 행복수성 전국사진공모전,연등 반영,입선,,0,1,0,미부착,제3유형,공고문,
140,수성구청,HOME > 행복수성 > 구정홍보 > 행복수성사진공모전 사진집 > 2020 제1회 행복수성 전국사진공모전,수성못 지킴이,입선,,0,1,0,미부착,제3유형,공고문,
141,수성구청,HOME > 행복수성 > 구정홍보 > 행복수성사진공모전 사진집 > 2020 제1회 행복수성 전국사진공모전,수성못 노을,입선,,0,1,0,미부착,제3유형,공고문,
142,수성구청,HOME > 행복수성 > 구정홍보 > 행복수성사진공모전 사진집 > 2020 제1회 행복수성 전국사진공모전,청계산 정경,입선,,0,1,0,미부착,제3유형,공고문,
143,수성구청,HOME > 행복수성 > 구정홍보 > 행복수성사진공모전 사진집 > 2020 제1회 행복수성 전국사진공모전,수성의 총아,입선,,0,1,0,미부착,제3유형,공고문,
144,수성구청,HOME > 행복수성 > 구정홍보 > 행복수성사진공모전 사진집 > 2020 제1회 행복수성 전국사진공모전,거위 떼와 오리배,입선,,0,1,0,미부착,제3유형,공고문,
145,수성구청,HOME > 행복수성 > 구정홍보 > 행복수성사진공모전 사진집 > 2020 제1회 행복수성 전국사진공모전,소고 묘기,입선,,0,1,0,미부착,제3유형,공고문,
146,수성구청,HOME > 행복수성 > 구정홍보 > 행복수성사진공모전 사진집 > 2020 제1회 행복수성 전국사진공모전,평화로운 둥지섬,입선,,0,1,0,미부착,제3유형,공고문,
147,수성구청,HOME > 행복수성 > 구정홍보 > 행복수성사진공모전 사진집 > 2020 제1회 행복수성 전국사진공모전,수성못,입선,,0,1,0,미부착,제3유형,공고문,
148,수성구청,HOME > 행복수성 > 구정홍보 > 행복수성사진공모전 사진집 > 2020 제1회 행복수성 전국사진공모전,나도 할 수 있어,입선,,0,1,0,미부착,제3유형,공고문,
149,수성구청,HOME > 행복수성 > 구정홍보 > 행복수성사진공모전 사진집 > 2020 제1회 행복수성 전국사진공모전,영남제일관의 봄,입선,,0,1,0,미부착,제3유형,공고문,
150,수성구청,HOME > 행복수성 > 구정홍보 > 행복수성사진공모전 사진집 > 2020 제1회 행복수성 전국사진공모전,그 해 여름,입선,,0,1,0,미부착,제3유형,공고문,
151,수성구청,HOME > 행복수성 > 구정홍보 > 행복수성사진공모전 사진집 > 2020 제1회 행복수성 전국사진공모전,행복수성,입선,,0,1,0,미부착,제3유형,공고문,
152,수성구청,HOME > 행복수성 > 구정홍보 > 행복수성사진공모전 사진집 > 2020 제1회 행복수성 전국사진공모전,벚꽃언덕에서 손녀와 할머니,입선,,0,1,0,미부착,제3유형,공고문,
153,수성구청,HOME > 행복수성 > 구정홍보 > 행복수성사진공모전 사진집 > 2020 제1회 행복수성 전국사진공모전,빛과 형상,입선,,0,1,0,미부착,제3유형,공고문,
154,수성구청,HOME > 행복수성 > 구정홍보 > 행복수성사진공모전 사진집 > 2020 제1회 행복수성 전국사진공모전,스타디움의 아름다움,입선,,0,1,0,미부착,제3유형,공고문,
155,수성구청,HOME > 행복수성 > 구정홍보 > 행복수성사진공모전 사진집 > 2020 제1회 행복수성 전국사진공모전,내환지의 은하수,입선,,0,1,0,미부착,제3유형,공고문,
156,수성구청,HOME > 행복수성 > 구정홍보 > 행복수성사진공모전 사진집 > 2020 제1회 행복수성 전국사진공모전,수성구의 관문,입선,,0,1,0,미부착,제3유형,공고문,
157,수성구청,HOME > 행복수성 > 구정홍보 > 행복수성사진공모전 사진집 > 2020 제1회 행복수성 전국사진공모전,수성못의 봄,입선,,0,1,0,미부착,제3유형,공고문,
158,수성구청,HOME > 행복수성 > 구정홍보 > 행복수성사진공모전 사진집 > 2020 제1회 행복수성 전국사진공모전,88올림픽 환호의 거리,입선,,0,1,0,미부착,제3유형,공고문,
159,수성구청,HOME > 행복수성 > 구정홍보 > 행복수성사진공모전 사진집 > 2020 제1회 행복수성 전국사진공모전,동대사 연등,입선,,0,1,0,미부착,제3유형,공고문,
160,수성구청,HOME > 행복수성 > 구정홍보 > 행복수성사진공모전 사진집 > 2020 제1회 행복수성 전국사진공모전,세계를 향해,입선,,0,1,0,미부착,제3유형,공고문,
161,수성구청,HOME > 행복수성 > 구정홍보 > 행복수성사진공모전 사진집 > 2021 제2회 행복수성 전국사진공모전,대구 지상철,금상,,0,1,0,미부착,제3유형,공고문,
162,수성구청,HOME > 행복수성 > 구정홍보 > 행복수성사진공모전 사진집 > 2021 제2회 행복수성 전국사진공모전,비오는 날의 수성아트피아,은상,,0,1,0,미부착,제3유형,공고문,
163,수성구청,HOME > 행복수성 > 구정홍보 > 행복수성사진공모전 사진집 > 2021 제2회 행복수성 전국사진공모전,나들이,은상,,0,1,0,미부착,제3유형,공고문,
164,수성구청,HOME > 행복수성 > 구정홍보 > 행복수성사진공모전 사진집 > 2021 제2회 행복수성 전국사진공모전,쉼의 도서관,동상,,0,1,0,미부착,제3유형,공고문,
165,수성구청,HOME > 행복수성 > 구정홍보 > 행복수성사진공모전 사진집 > 2021 제2회 행복수성 전국사진공모전,꽃길을 걸으며,동상,,0,1,0,미부착,제3유형,공고문,
166,수성구청,HOME > 행복수성 > 구정홍보 > 행복수성사진공모전 사진집 > 2021 제2회 행복수성 전국사진공모전,오리의 사랑,동상,,0,1,0,미부착,제3유형,공고문,
167,수성구청,HOME > 행복수성 > 구정홍보 > 행복수성사진공모전 사진집 > 2021 제2회 행복수성 전국사진공모전,희망열차,가작,,0,1,0,미부착,제3유형,공고문,
168,수성구청,HOME > 행복수성 > 구정홍보 > 행복수성사진공모전 사진집 > 2021 제2회 행복수성 전국사진공모전,수성못 야경,가작,,0,1,0,미부착,제3유형,공고문,
169,수성구청,HOME > 행복수성 > 구정홍보 > 행복수성사진공모전 사진집 > 2021 제2회 행복수성 전국사진공모전,도시,가작,,0,1,0,미부착,제3유형,공고문,
170,수성구청,HOME > 행복수성 > 구정홍보 > 행복수성사진공모전 사진집 > 2021 제2회 행복수성 전국사진공모전,중장비 놀이터,가작,,0,1,0,미부착,제3유형,공고문,
171,수성구청,HOME > 행복수성 > 구정홍보 > 행복수성사진공모전 사진집 > 2021 제2회 행복수성 전국사진공모전,추억,가작,,0,1,0,미부착,제3유형,공고문,
172,수성구청,HOME > 행복수성 > 구정홍보 > 행복수성사진공모전 사진집 > 2021 제2회 행복수성 전국사진공모전,일몰이 좋은 곳,입선,,0,1,0,미부착,제3유형,공고문,
173,수성구청,HOME > 행복수성 > 구정홍보 > 행복수성사진공모전 사진집 > 2021 제2회 행복수성 전국사진공모전,벚꽃 동산의 추억,입선,,0,1,0,미부착,제3유형,공고문,
174,수성구청,HOME > 행복수성 > 구정홍보 > 행복수성사진공모전 사진집 > 2021 제2회 행복수성 전국사진공모전,고산서당과 잠자리채를 든 아이,입선,,0,1,0,미부착,제3유형,공고문,
175,수성구청,HOME > 행복수성 > 구정홍보 > 행복수성사진공모전 사진집 > 2021 제2회 행복수성 전국사진공모전,대구스타디움의 여명,입선,,0,1,0,미부착,제3유형,공고문,
176,수성구청,HOME > 행복수성 > 구정홍보 > 행복수성사진공모전 사진집 > 2021 제2회 행복수성 전국사진공모전,영남제일관으로,입선,,0,1,0,미부착,제3유형,공고문,
177,수성구청,HOME > 행복수성 > 구정홍보 > 행복수성사진공모전 사진집 > 2021 제2회 행복수성 전국사진공모전,그날의 함성을 기다리며,입선,,0,1,0,미부착,제3유형,공고문,
178,수성구청,HOME > 행복수성 > 구정홍보 > 행복수성사진공모전 사진집 > 2021 제2회 행복수성 전국사진공모전,수성못의 봄,입선,,0,1,0,미부착,제3유형,공고문,
179,수성구청,HOME > 행복수성 > 구정홍보 > 행복수성사진공모전 사진집 > 2021 제2회 행복수성 전국사진공모전,자연은 살아있다,입선,,0,1,0,미부착,제3유형,공고문,
180,수성구청,HOME > 행복수성 > 구정홍보 > 행복수성사진공모전 사진집 > 2021 제2회 행복수성 전국사진공모전,보름달이 떴다,입선,,0,1,0,미부착,제3유형,공고문,
181,수성구청,HOME > 행복수성 > 구정홍보 > 행복수성사진공모전 사진집 > 2021 제2회 행복수성 전국사진공모전,핑크빛의 분수,입선,,0,1,0,미부착,제3유형,공고문,
182,수성구청,HOME > 행복수성 > 구정홍보 > 행복수성사진공모전 사진집 > 2021 제2회 행복수성 전국사진공모전,수성못 달궤적,입선,,0,1,0,미부착,제3유형,공고문,
183,수성구청,HOME > 행복수성 > 구정홍보 > 행복수성사진공모전 사진집 > 2021 제2회 행복수성 전국사진공모전,수달과 까치,입선,,0,1,0,미부착,제3유형,공고문,
184,수성구청,HOME > 행복수성 > 구정홍보 > 행복수성사진공모전 사진집 > 2021 제2회 행복수성 전국사진공모전,안개낀 수성못 2,입선,,0,1,0,미부착,제3유형,공고문,
185,수성구청,HOME > 행복수성 > 구정홍보 > 행복수성사진공모전 사진집 > 2021 제2회 행복수성 전국사진공모전,안개낀 수성못 3,입선,,0,1,0,미부착,제3유형,공고문,
186,수성구청,HOME > 행복수성 > 구정홍보 > 행복수성사진공모전 사진집 > 2021 제2회 행복수성 전국사진공모전,도자기의 미,입선,,0,1,0,미부착,제3유형,공고문,
187,수성구청,HOME > 행복수성 > 구정홍보 > 행복수성사진공모전 사진집 > 2021 제2회 행복수성 전국사진공모전,여명과 반영,입선,,0,1,0,미부착,제3유형,공고문,
188,수성구청,HOME > 행복수성 > 구정홍보 > 행복수성사진공모전 사진집 > 2021 제2회 행복수성 전국사진공모전,만추 수성못-1,입선,,0,1,0,미부착,제3유형,공고문,
189,수성구청,HOME > 행복수성 > 구정홍보 > 행복수성사진공모전 사진집 > 2021 제2회 행복수성 전국사진공모전,수성못에 눈꽃 내리던 날,입선,,0,1,0,미부착,제3유형,공고문,
190,수성구청,HOME > 행복수성 > 구정홍보 > 행복수성사진공모전 사진집 > 2021 제2회 행복수성 전국사진공모전,골든벨,입선,,0,1,0,미부착,제3유형,공고문,
191,수성구청,HOME > 행복수성 > 구정홍보 > 행복수성사진공모전 사진집 > 2021 제2회 행복수성 전국사진공모전,월드컵경기장 조형물,입선,,0,1,0,미부착,제3유형,공고문,
192,수성구청,HOME > 행복수성 > 구정홍보 > 행복수성사진공모전 사진집 > 2021 제2회 행복수성 전국사진공모전,10월 어느 날의 대구스타디움,입선,,0,1,0,미부착,제3유형,공고문,
193,수성구청,HOME > 행복수성 > 구정홍보 > 행복수성사진공모전 사진집 > 2021 제2회 행복수성 전국사진공모전,수성구 야경,입선,,0,1,0,미부착,제3유형,공고문,
194,수성구청,HOME > 행복수성 > 구정홍보 > 행복수성사진공모전 사진집 > 2021 제2회 행복수성 전국사진공모전,범어4거리 야경,입선,,0,1,0,미부착,제3유형,공고문,
195,수성구청,HOME > 행복수성 > 구정홍보 > 행복수성사진공모전 사진집 > 2021 제2회 행복수성 전국사진공모전,아름다운 수성못,입선,,0,1,0,미부착,제3유형,공고문,
196,수성구청,HOME > 행복수성 > 구정홍보 > 행복수성사진공모전 사진집 > 2021 제2회 행복수성 전국사진공모전,중장비 놀이터,입선,,0,1,0,미부착,제3유형,공고문,
197,수성구청,HOME > 행복수성 > 구정홍보 > 행복수성사진공모전 사진집 > 2021 제2회 행복수성 전국사진공모전,여름의 쉼터,입선,,0,1,0,미부착,제3유형,공고문,
198,수성구청,HOME > 행복수성 > 구정홍보 > 행복수성사진공모전 사진집 > 2021 제2회 행복수성 전국사진공모전,도심 속 자연,입선,,0,1,0,미부착,제3유형,공고문,
199,수성구청,HOME > 행복수성 > 구정홍보 > 행복수성사진공모전 사진집 > 2021 제2회 행복수성 전국사진공모전,하얀 눈발이 날리는 범어네거리,입선,,0,1,0,미부착,제3유형,공고문,
200,수성구청,HOME > 행복수성 > 구정홍보 > 행복수성사진공모전 사진집 > 2021 제2회 행복수성 전국사진공모전,수성못 산책,입선,,0,1,0,미부착,제3유형,공고문,
201,수성구청,HOME > 행복수성 > 구정홍보 > 행복수성사진공모전 사진집 > 2021 제2회 행복수성 전국사진공모전,환희의 스타디움과 반영,입선,,0,1,0,미부착,제3유형,공고문,
202,수성구청,HOME > 행복수성 > 구정홍보 > 행복수성사진공모전 사진집 > 2021 제2회 행복수성 전국사진공모전,"고모역, 추억을 담은 발걸음",입선,,0,1,0,미부착,제3유형,공고문,
203,수성구청,HOME > 행복수성 > 구정홍보 > 행복수성사진공모전 사진집 > 2021 제2회 행복수성 전국사진공모전,빛으로 힐링,입선,,0,1,0,미부착,제3유형,공고문,
204,수성구청,HOME > 행복수성 > 구정홍보 > 행복수성사진공모전 사진집 > 2021 제2회 행복수성 전국사진공모전,국궁장,입선,,0,1,0,미부착,제3유형,공고문,
205,수성구청,HOME > 행복수성 > 구정홍보 > 행복수성사진공모전 사진집 > 2021 제2회 행복수성 전국사진공모전,대구스타디움의 가을,입선,,0,1,0,미부착,제3유형,공고문,
206,수성구청,HOME > 행복수성 > 구정홍보 > 행복수성사진공모전 사진집 > 2021 제2회 행복수성 전국사진공모전,밤에 핀 야화,입선,,0,1,0,미부착,제3유형,공고문,
207,수성구청,HOME > 행복수성 > 구정홍보 > 행복수성사진공모전 사진집 > 2021 제2회 행복수성 전국사진공모전,대덕지의 일출,입선,,0,1,0,미부착,제3유형,공고문,
208,수성구청,HOME > 행복수성 > 구정홍보 > 행복수성사진공모전 사진집 > 2021 제2회 행복수성 전국사진공모전,무지개 계단,입선,,0,1,0,미부착,제3유형,공고문,
209,수성구청,HOME > 행복수성 > 구정홍보 > 행복수성사진공모전 사진집 > 2021 제2회 행복수성 전국사진공모전,범어성당,입선,,0,1,0,미부착,제3유형,공고문,
210,수성구청,HOME > 행복수성 > 구정홍보 > 행복수성사진공모전 사진집 > 2021 제2회 행복수성 전국사진공모전,사랑해,입선,,0,1,0,미부착,제3유형,공고문,
211,수성구청,HOME > 행복수성 > 구정홍보 > 행복수성사진공모전 사진집 > 2021 제2회 행복수성 전국사진공모전,오리배 친구들,입선,,0,1,0,미부착,제3유형,공고문,
212,수성구청,HOME > 행복수성 > 구정홍보 > 행복수성사진공모전 사진집 > 2021 제2회 행복수성 전국사진공모전,비상,입선,,0,1,0,미부착,제3유형,공고문,
213,수성구청,HOME > 행복수성 > 구정홍보 > 행복수성사진공모전 사진집 > 2021 제2회 행복수성 전국사진공모전,힘찬 내 나라,입선,,0,1,0,미부착,제3유형,공고문,
214,수성구청,HOME > 행복수성 > 구정홍보 > 행복수성사진공모전 사진집 > 2021 제2회 행복수성 전국사진공모전,모노레일 열차,입선,,0,1,0,미부착,제3유형,공고문,
215,수성구청,HOME > 행복수성 > 구정홍보 > 행복수성사진공모전 사진집 > 2021 제2회 행복수성 전국사진공모전,과거를 보다,입선,,0,1,0,미부착,제3유형,공고문,
216,수성구청,HOME > 행복수성 > 구정홍보 > 행복수성사진공모전 사진집 > 2021 제2회 행복수성 전국사진공모전,일상,입선,,0,1,0,미부착,제3유형,공고문,
217,수성구청,HOME > 행복수성 > 구정홍보 > 행복수성사진공모전 사진집 > 2021 제2회 행복수성 전국사진공모전,아름다운 산책길,입선,,0,1,0,미부착,제3유형,공고문,
218,수성구청,HOME > 행복수성 > 구정홍보 > 행복수성사진공모전 사진집 > 2021 제2회 행복수성 전국사진공모전,아빠와 놀기,입선,,0,1,0,미부착,제3유형,공고문,
219,수성구청,HOME > 행복수성 > 구정홍보 > 행복수성사진공모전 사진집 > 2021 제2회 행복수성 전국사진공모전,구천지의 아침,입선,,0,1,0,미부착,제3유형,공고문,
220,수성구청,HOME > 행복수성 > 구정홍보 > 행복수성사진공모전 사진집 > 2021 제2회 행복수성 전국사진공모전,흰 구름떼,입선,,0,1,0,미부착,제3유형,공고문,
221,수성구청,HOME > 행복수성 > 구정홍보 > 행복수성사진공모전 사진집 > 2021 제2회 행복수성 전국사진공모전,수성못 전경,입선,,0,1,0,미부착,제3유형,공고문,
222,수성구청,HOME > 행복수성 > 구정홍보 > 행복수성사진공모전 사진집 > 2022 제3회 행복수성 전국사진공모전,연인의 달,금상,,0,1,0,미부착,제3유형,공고문,
223,수성구청,HOME > 행복수성 > 구정홍보 > 행복수성사진공모전 사진집 > 2022 제3회 행복수성 전국사진공모전,신도시와 구도시,은상,,0,1,0,미부착,제3유형,공고문,
224,수성구청,HOME > 행복수성 > 구정홍보 > 행복수성사진공모전 사진집 > 2022 제3회 행복수성 전국사진공모전,수성파크 골프장,동상,,0,1,0,미부착,제3유형,공고문,
225,수성구청,HOME > 행복수성 > 구정홍보 > 행복수성사진공모전 사진집 > 2022 제3회 행복수성 전국사진공모전,가천역(산업의 현장),동상,,0,1,0,미부착,제3유형,공고문,
226,수성구청,HOME > 행복수성 > 구정홍보 > 행복수성사진공모전 사진집 > 2022 제3회 행복수성 전국사진공모전,도심 속 휴양공간(범어성당),동상,,0,1,0,미부착,제3유형,공고문,
227,수성구청,HOME > 행복수성 > 구정홍보 > 행복수성사진공모전 사진집 > 2022 제3회 행복수성 전국사진공모전,수성못의 아침정경,가작,,0,1,0,미부착,제3유형,공고문,
228,수성구청,HOME > 행복수성 > 구정홍보 > 행복수성사진공모전 사진집 > 2022 제3회 행복수성 전국사진공모전,스타디움 연못,가작,,0,1,0,미부착,제3유형,공고문,
229,수성구청,HOME > 행복수성 > 구정홍보 > 행복수성사진공모전 사진집 > 2022 제3회 행복수성 전국사진공모전,야경 1,가작,,0,1,0,미부착,제3유형,공고문,
230,수성구청,HOME > 행복수성 > 구정홍보 > 행복수성사진공모전 사진집 > 2022 제3회 행복수성 전국사진공모전,수성못 빛 축제,가작,,0,1,0,미부착,제3유형,공고문,
231,수성구청,HOME > 행복수성 > 구정홍보 > 행복수성사진공모전 사진집 > 2022 제3회 행복수성 전국사진공모전,잊지는 마세요,가작,,0,1,0,미부착,제3유형,공고문,
232,수성구청,HOME > 행복수성 > 구정홍보 > 행복수성사진공모전 사진집 > 2022 제3회 행복수성 전국사진공모전,별이 빛나는 밤에,입선,,0,1,0,미부착,제3유형,공고문,
233,수성구청,HOME > 행복수성 > 구정홍보 > 행복수성사진공모전 사진집 > 2022 제3회 행복수성 전국사진공모전,열정수성 1,입선,,0,1,0,미부착,제3유형,공고문,
234,수성구청,HOME > 행복수성 > 구정홍보 > 행복수성사진공모전 사진집 > 2022 제3회 행복수성 전국사진공모전,샤스타데이지 명소,입선,,0,1,0,미부착,제3유형,공고문,
235,수성구청,HOME > 행복수성 > 구정홍보 > 행복수성사진공모전 사진집 > 2022 제3회 행복수성 전국사진공모전,대구미술관,입선,,0,1,0,미부착,제3유형,공고문,
236,수성구청,HOME > 행복수성 > 구정홍보 > 행복수성사진공모전 사진집 > 2022 제3회 행복수성 전국사진공모전,환호,입선,,0,1,0,미부착,제3유형,공고문,
237,수성구청,HOME > 행복수성 > 구정홍보 > 행복수성사진공모전 사진집 > 2022 제3회 행복수성 전국사진공모전,어둠속의 그림자,입선,,0,1,0,미부착,제3유형,공고문,
238,수성구청,HOME > 행복수성 > 구정홍보 > 행복수성사진공모전 사진집 > 2022 제3회 행복수성 전국사진공모전,풍년을 위하여,입선,,0,1,0,미부착,제3유형,공고문,
239,수성구청,HOME > 행복수성 > 구정홍보 > 행복수성사진공모전 사진집 > 2022 제3회 행복수성 전국사진공모전,체력은 국력,입선,,0,1,0,미부착,제3유형,공고문,
240,수성구청,HOME > 행복수성 > 구정홍보 > 행복수성사진공모전 사진집 > 2022 제3회 행복수성 전국사진공모전,수성못 단풍,입선,,0,1,0,미부착,제3유형,공고문,
241,수성구청,HOME > 행복수성 > 구정홍보 > 행복수성사진공모전 사진집 > 2022 제3회 행복수성 전국사진공모전,빨간꽃,입선,,0,1,0,미부착,제3유형,공고문,
242,수성구청,HOME > 행복수성 > 구정홍보 > 행복수성사진공모전 사진집 > 2022 제3회 행복수성 전국사진공모전,용의 기운,입선,,0,1,0,미부착,제3유형,공고문,
243,수성구청,HOME > 행복수성 > 구정홍보 > 행복수성사진공모전 사진집 > 2022 제3회 행복수성 전국사진공모전,체험의 장,입선,,0,1,0,미부착,제3유형,공고문,
244,수성구청,HOME > 행복수성 > 구정홍보 > 행복수성사진공모전 사진집 > 2022 제3회 행복수성 전국사진공모전,빛 내리는 밤,입선,,0,1,0,미부착,제3유형,공고문,
245,수성구청,HOME > 행복수성 > 구정홍보 > 행복수성사진공모전 사진집 > 2022 제3회 행복수성 전국사진공모전,햇살 좋은 날,입선,,0,1,0,미부착,제3유형,공고문,
246,수성구청,HOME > 행복수성 > 구정홍보 > 행복수성사진공모전 사진집 > 2022 제3회 행복수성 전국사진공모전,젊음,입선,,0,1,0,미부착,제3유형,공고문,
247,수성구청,HOME > 행복수성 > 구정홍보 > 행복수성사진공모전 사진집 > 2022 제3회 행복수성 전국사진공모전,수성못 상화동산의 가을,입선,,0,1,0,미부착,제3유형,공고문,
248,수성구청,HOME > 행복수성 > 구정홍보 > 행복수성사진공모전 사진집 > 2022 제3회 행복수성 전국사진공모전,꿈나무들의 역주,입선,,0,1,0,미부착,제3유형,공고문,
249,수성구청,HOME > 행복수성 > 구정홍보 > 행복수성사진공모전 사진집 > 2022 제3회 행복수성 전국사진공모전,금메달을 향해,입선,,0,1,0,미부착,제3유형,공고문,
250,수성구청,HOME > 행복수성 > 구정홍보 > 행복수성사진공모전 사진집 > 2022 제3회 행복수성 전국사진공모전,셀카맛집,입선,,0,1,0,미부착,제3유형,공고문,
251,수성구청,HOME > 행복수성 > 구정홍보 > 행복수성사진공모전 사진집 > 2022 제3회 행복수성 전국사진공모전,오리배 즐기기,입선,,0,1,0,미부착,제3유형,공고문,
252,수성문화관광,HOME > 관광명소 > 대구대표 호수공원 수성못 > 둘러보기 > 수성못 한눈에 보기,아르떼 수성랜드,"아르떼 수성랜드는 미니기차 등의 놀이기구를 비롯해 도예공방, 허브공방 등의 체험시설과 아이스링크를 운영하고 있다. 또한 파크랜드는 미니바이킹, 토끼뜀, 사슴열차 등의 놀이시설을 갖추고 있다.",,0,3,0,미부착,제1유형,소속공무원촬영(업무상저작물),
253,수성문화관광,HOME > 관광명소 > 대구대표 호수공원 수성못 > 둘러보기 > 수성못 한눈에 보기,상동지석묘군,"수성못 서면 아르떼 수성랜드 주차장 부근에 위치한 상동지석묘군. 1990년 처음 발견된 후, 1998년 본격적으로 발굴됐다. 2006년 4월 20일 대구광역시 기념물 제12호로 지정되었다.",,0,3,0,미부착,제1유형,소속공무원촬영(업무상저작물),
254,수성문화관광,HOME > 관광명소 > 대구대표 호수공원 수성못 > 둘러보기 > 수성못 한눈에 보기,오리배 & 유람선,"수성못을 노니는 즐거움의 하나로 추억과 낭만이 함께하는 오리배 유람을 빼놓을 수 없다. 2016년 봄부터 야간 유람선도 운영한다. 현재 수성못에는 오리배 74대, 투명보트(카약) 5대, 동력보트(파티보트 10인승) 2대가 운행하고 있다.",,0,3,0,미부착,제1유형,소속공무원촬영(업무상저작물),
255,수성문화관광,HOME > 관광명소 > 대구대표 호수공원 수성못 > 둘러보기 > 수성못 한눈에 보기,미즈사키 린타로 묘,"수성못은 일제강점기 시설 일본인 개척농민 미즈사키 린타로의 주도로 조성된 인공호수이다. 그는 1939년 임종 때 까지 수성못 관리인으로 일했으며, 현재 그의 무덤은 수성못에서 300여 미터 떨어진 남쪽에 위치해 있다.",,0,3,0,미부착,제1유형,소속공무원촬영(업무상저작물),
256,수성문화관광,HOME > 관광명소 > 대구대표 호수공원 수성못 > 둘러보기 > 수성못 한눈에 보기,수상·포켓무대,"일상이 문화가 되는 곳, 수성못은 버스킹 명소로 더욱 유명하다. 생활예술동호인들을 위한 ' 문화가 있는 날 , 버스킹데이' 를 비롯해 직접 시민들 속으로 찾아가는 '도심 속 작은 음악회', 수성구의 대표 축제 '수성못 페스티벌'등 장르를 초월한 다양한 축제들이 연중 펼쳐진다.",,0,3,0,미부착,제1유형,소속공무원촬영(업무상저작물),
257,수성문화관광,HOME > 관광명소 > 대구대표 호수공원 수성못 > 둘러보기 > 수성못 한눈에 보기,영상음악분수,"수성못 중앙에 설치된 영상음악분수는 길이 90m, 폭 12m, 물줄기 높이 70m로 전국 최고 수준이다. 492개 노즐을 통해 하늘로 솟구친 물줄기는 클래식과 팝을 넘나드는 음악에 따라 춤을 추며, 워터스크린의 화려한 영상과 레이져 쇼는 수성못을 환상적인 야경으로 연출한다.",,0,3,0,미부착,제1유형,소속공무원촬영(업무상저작물),
258,수성문화관광,HOME > 관광명소 > 대구대표 호수공원 수성못 > 둘러보기 > 수성못 한눈에 보기,관광안내소 북카페,"상화동산 동편 입구에 위치한 수성못 관광안내소는 관광객들의 궁금증 해소와 휴식 공간을 제공하며, 스토리텔러가 수성구의 이야기를 전문성 있게 전달한다. 수성구의 관광자원을 활용하여 제작한 관광기념품을 판매하고 있다.",,0,3,0,미부착,제1유형,소속공무원촬영(업무상저작물),
259,수성문화관광,HOME > 관광명소 > 대구대표 호수공원 수성못 > 둘러보기 > 수성못 한눈에 보기,"상화동산, 시문학거리","수성못과 수성들은 민족시인 이상화의 대표작 ‘빼앗긴 들에도 봄은 오는가’의 시적 상상의 모태가 된 곳이다. 1901년 4월 5일 대구 중구에서 태어나 1943년 마흔셋의 짧은 생을 마감한 상화. 그는 1926년 스물여섯 청년시절에 민족의 현실을 ‘빼앗긴 들’에 담아 노래했다.

푸른 하늘, 푸른 들이 맞붙은 수성들을 거닐며 시대의 아픔을 온 몸으로 표현한 아름다운 청년 상화를 수성못 상화동산과 시문학거리에서 만나볼 수 있다.",,0,3,0,미부착,제1유형,소속공무원촬영(업무상저작물),
260,수성문화관광,HOME > 관광명소 > 대구대표 호수공원 수성못 > 둘러보기 > 수성못 한눈에 보기,울루루(ULURU) 문화광장,"수성구와 호주 블랙타운시와의 자매결연 20주년을 맞아 블랙타운시로부터 디자인 구상안을 받아 조성한 다목적 광장이다. 호주의 다양한 자연과 문화환경을 모티브로, 건축물은 '지구의 배꼽' 이라 불리는 세계최대 바위 호주 울루루를 형상화하여 울루루 문화광장으로 명명되었다.",,0,3,0,미부착,제1유형,소속공무원촬영(업무상저작물),
261,수성문화관광,HOME > 관광명소 > 대구대표 호수공원 수성못 > 둘러보기 > 수성못 한눈에 보기,둥지섬,"‘둥지섬’은 수성못 가운데에 있는 작은 섬의 이름이다. 지난 2015년 시민 이름공모를 통해 탄생된 ‘둥지섬’은 ‘사람이나 새들의 안식처’를 뜻한다. 섬의 규모는 700㎡ 정도로 버드나무, 양버즘나무 등이 터를 잡고 있다.",,0,3,0,미부착,제1유형,소속공무원촬영(업무상저작물),
262,수성문화관광,HOME > 관광명소 > 대구대표 호수공원 수성못 > 둘러보기 > 수성못 한눈에 보기,법이산 정상,"수성못의 매력은 뭐니뭐니 해도 걷기의 즐거움. 봄이면 꽃 터널을 이루는 왕벚나무 산책로, 가을이면 진홍빛으로 물든 아름다운 단풍이 한 폭의 수채화를 그려 낸다. 산책로 못둑길에는 마사토를 깔아 누구나 편하게 걸을 수 있도록 배려했으며 둑길 곳곳에 마련된 벤치와 정자는 주변 운치를 즐기기에 그만이다.",,0,3,0,미부착,제1유형,소속공무원촬영(업무상저작물),
263,수성문화관광,HOME > 관광명소 > 대구대표 호수공원 수성못 > 둘러보기 > 수성못 한눈에 보기,수변테크로드,2013년 생태복원사업을 통해 새롭게 태어난 수성못. 콘크리트 호안을 걷어내고 물 속에는 꽃창포 같은 수생식물로 아름다움을 더했으며 180여 미터에 이르는 수변테크 조성으로 산책의 즐거움을 선물한다.,,0,3,0,미부착,제1유형,소속공무원촬영(업무상저작물),
264,수성문화관광,HOME > 관광명소 > 대구대표 호수공원 수성못 > 둘러보기 > 수성못 한눈에 보기,"어린이놀이터, 썰매장",수성못을 찾는 유아·어린이들을 위해 상화동산 내에 마련한 어린이 놀이터. 포크레인 정글짐을 비롯해 미끄럼틀 등 탁 트인 공간에서 아이들이 보다 안전하고 자유롭게 뛰어 놀 수 있도록 배려했다.,,0,3,0,미부착,제1유형,소속공무원촬영(업무상저작물),
265,수성문화관광,HOME > 관광명소 > 대구대표 호수공원 수성못 > 수성못 미디어아트 음악분수,수성못 미디어아트 음악분수,수성유원지는 범물동 용지봉(629ｍ)에서 북서부로 뻗어 내린 줄기의 하부에 위치하여 주변의 완만한 산지와 수성못을 끼고 자연의 경관미를 이루고 있다.,,0,5,0,미부착,제1유형,소속공무원촬영(업무상저작물),
266,수성문화관광,HOME > 관광명소 > 범어천,범어천,"건천화되었던 범어천의 1단계 두산오거리∼어린이회관 구간 1.6㎞에 대한 복원사업 및 2단계로 신천시장에서 신천합류지점 구간 0.7㎞에 대한 생태복원사업이 2015년 말 완료되어 도심속의 생태하천으로 재탄생하였습니다.

현재 수생식물이 싹트고, 청둥오리가 날아드는 등 생태 하천의 모습을 완벽히 유지하여 특히 범어천에서 성장기를 보낸 정호승 시인의 문학적 감성이 있는 스토리보드, 고무신 조형물 등의 문화콘텐츠가 산책로와 함께 어울어져 주민들의 일상속에 문화적 낭만을 선사하고 있습니다.",,0,6,0,미부착,제1유형,소속공무원촬영(업무상저작물),
267,수성문화관광,HOME > 관광명소 > 영남제일관,영남제일관,"대구 읍성은 1590년(선조23)에 처음 만들 때는 흙으로 쌓은 토성(土城)이었으나, 임진왜란 때 허물어진 뒤 1736년 (영조12)에 돌로 다시 쌓아 석성(石城)을 만들었다. 성에는 동서남북에 4개의 정문을 두었는데, 동문은 진동문(鎭東門), 서문은 달서문(達西門), 남문은 영남제일관(嶺南第一關), 북문은 공북문(拱北門)이라 하였다. 1906년 읍성이 철거될 때 성문들도 함께 철거되었다.

이 영남제일관은 1980년에 만촌동 현 위치로 그 자리를 옮겨 중건한 것으로, 형태는 처음의 모습을 참조하였으나 규모는 원래의 것보다 더 크다.",,0,17,0,미부착,제1유형,소속공무원촬영(업무상저작물),
268,수성문화관광,HOME > 관광명소 > 고모역 복합문화공간,고모역 복합문화공간,"고모역은 지역민의 향수와 추억, 시대의 애환과 사연을 담고 있는 장소이며 역사, 문화가 살아 숨쉬는 공간입니다.

한 때는 인근에서 생산된 농산물을 유통하려는 상인들, 통근 열차 직장인들, 대구시내로 통학하는 학생들, 주변 군부대 군인들, 입대한 아들을 먼발치서라도 보려는 부모들로 북적였습니다.

고모역 복합문화공간에서는 단절된 폐역사(驛舍)를 살아있는 역사(歷史)로 재생하여 고모역의 의미를 재발견하고 새로운 문화적 가치를 창조하고자 합니다.

방문객들은 대구 철도역사의 변화 속에서 고모역의 흔적을 발견하고, 당시 문화를 체험하면서 고모역이 단순한 건물이 아니라 문화적 상징성을 품고 있다는 사실을 느낄 수 있을 것입니다.

고모역 복합문화공간은 세대와 세대를 이어주는 의미 있는 장소로써 어른들에게는 향수를, 아이들에게는 역사를 되돌아보며 미래를 이야기하는 문화의 플랫폼이 될 것입니다.",,0,12,0,미부착,제1유형,소속공무원촬영(업무상저작물),
269,수성문화관광,HOME > 관광명소 > 고모령비,고모령비,"옛날 고모령에는 남편 없이 어린 남매를 키우는 홀어머니가 있었는데 하루는 스님 한 분이 와서 이 집은 전생에 덕을 쌓지 않았기 때문에, 지금 가난하다고 하여 어머니와 어린남매는 덕을 쌓기 위해 흙으로 산을 쌓게 되었는데 현재의 모봉,형봉,제봉 이라는 3개의 산봉우리가 되었는데 동생과 형이 서로 높이 쌓고자 시샘을 하여 싸우는 것을 보고 어머니는 크게 실망하여 자식들을 잘못 키웠다는 죄스러움으로 집을 나와 버렸다. 집을 나와 하염없이 걷던 길이 지금의 고모령이며 정상에 와서 집을 향해 뒤돌아 봤는데 그 이름이 뒤돌아 볼 고(顧) 어미 모(母)를 합쳐 고모라는 마을 이름도 이곳에서 나왔다.",,0,6,0,미부착,제1유형,소속공무원촬영(업무상저작물),
270,수성문화관광,HOME > 관광명소 > 모명재,모명재,"모명재(慕明齋)는 임진왜란, 정유재란 때 두차례 조선에 원군와서 공을 세우고 귀화한 명나라 장수 두사충 (杜師忠)을 기리기 위해 그의 후손들이 세운 재실로 그의 호인 '그리워할 모(慕)', '명나라 이름 명(明)'자를 써서 '명나라를 그리워한다'는 의미를 가지고 있다. 대구를 방문하는 중국인 관광객들이 가장 먼저 찾는 곳 으로 알려져 있으며, 최근 재정비 사업을 통해 새롭게 단장되었다.",,0,11,0,미부착,제1유형,소속공무원촬영(업무상저작물),
271,수성문화관광,HOME > 관광명소 > 대구삼성라이온즈파크,대구삼성라이온즈파크,"팔각형 구장 및 다양한 이벤트석(바베큐석, 잔디석, 패밀리석 등), 국내 최대크기(36m×20.4) 전광판 설치로 관중친화적인 구장",,0,17,0,미부착,제1유형,소속공무원촬영(업무상저작물),
272,수성문화관광,HOME > 관광명소 > 대구스타디움,대구스타디움,"지구의 이미지를 경기장 지붕으로 형상화하여 전세계인을 한 지붕 안에 포용한다는 뜻을 담고 있으며, 한국의 전통미와 지붕의 아름다운 곡선미를 도입하여 지붕의 형태를 나타내었습니다.",,0,2,0,미부착,제1유형,소속공무원촬영(업무상저작물),
273,수성문화관광,HOME > 관광명소 > 수성아트피아,수성아트피아,"2004. 5월 착공하여 2006년 8월말 준공된 순수 전문 공연장으로서 외관으로는 회관이 위치한 무학산의 이미지를 살려 전면에서 보면 학이 날개를 펴고 비상하는 형상, 옆모습은 현 위치에 큰 연못이 있었다하여 배의 형상을 담고 있습니다. 또한 야간 경관 조명을 설치하여 건축상부와 지붕라인, 수직라인을 부각한 학의 이미지와 바닥분수, 테마별 식재한 조경식수 등으로 대구의 새로운 관광명소로 자리잡고 있습니다.

2007. 5. 1 개관이후 지역을 대표하는 아트센터로서의 자리매김을 하고 있으며 공연, 전시, 예술아카데미 3개 부분으로 퍼포밍아트(Performing-Art), 비쥬얼아트(Visual-Art) 그리고 각종 예술에 대한 이해를 돕는 교육프로그램을 운영하고 있습니다.
또한 야간 경관 조명을 설치하였고, 건축상부와 지붕라인, 수직라인을 부각한 학의 이미지와 바닥분수, 테마별로 심은 조경식수 등으로 대구의 새로운 관광명소로 자리잡고 있습니다.",,0,15,0,미부착,제1유형,소속공무원촬영(업무상저작물),
274,수성문화관광,HOME > 관광명소 > 수성패밀리파크,수성패밀리파크,"수성패밀리파크는 개발제한구역내 토지를 매입하여 도심의 부족한 가족단위 피크닉 및 체육활동 공간을 확보하여 친환경적이고 품격있는 주민 휴식공간을 제공하기 위한 사업으로써 고모동 20-1번지 외 5필지 73,270㎡(22,000평)를 국토해양부에서 76억원을 들여 토지를 매입하고 국․시비와 구비 50억원을 투입하여 총 126억원의 사업비로 조성되었습니다.

수성패밀리파크는 명칭에서도 알 수 있듯이 가족단위의 남녀노소 모든 연령대가 이용할 수 있는 공간으로써 어린이를 위한 물놀이장, 인라인스케이트장, 청장년을 위한 미니축구장(풋살), 배드민턴장, 농구장, 족구장, 노년층을 위한 게이트볼장, 파크골프장 등 놀이시설과 체육시설이 두루 갖추어진 명실상부한 가족공원으로 탄생하게 되었습니다.",,0,3,0,미부착,제1유형,소속공무원촬영(업무상저작물),
275,수성문화관광,HOME > 관광명소 > 범어대성당,범어대성당,교구 100주년의 의미를 담아 총 길이 100m에 달하는 대성당 내부는 아치 형태의 로마네스크 양식과 현대적 감각을 접목시켜 완공함 (2016년 5월),,0,13,0,미부착,제1유형,소속공무원촬영(업무상저작물),
276,수성문화관광,HOME > 관광명소 > 나야대령 기념비,나야대령 기념비,한국전쟁당시 국제연합한국위원단 인도대표로 낙동강 전투가 치열했던 1950년 8월 12일 경북 칠곡군 왜관 근처에서 지뢰 폭발로 사망했습니다. 전쟁중이라 고국으로의 송환이 어려웠던 나야대령은 1950년 8월 13일 수성구 범어동 산 156번지 속칭 주일골에서 화장하였고 같은 장소에서 1950년 12월 7일 당시 조재천 경상북도지사가 각계의 성금을 모아 나야 대령 기념비를 건립했습니다.,,0,4,0,미부착,제1유형,소속공무원촬영(업무상저작물),
277,수성문화관광,HOME > 웰니스 체험관광 > 한국전통문화체험관,한국전통문화체험관,"한국전통문화체험관은 지상 2층 367.27㎡의 규모로 2019년 9월에 개관하였다.
1층 다례·명상실에서는 다례(명상)과 한복체험을 2층 동의보감 음식체험실에서는 동의보감 등에 기초한 건강 약선요리 체험이 가능하다.
또한 체험관 인근 소공원에서는 전통 활쏘기(죽궁)체험을 할 수 있다.
체험 프로그램 외에도 다례, 동의보감 음식 등의 교육 프로그램을 운영 중이다.",,0,15,0,미부착,제1유형,소속공무원촬영(업무상저작물),
278,수성문화관광,HOME > 웰니스 체험관광 > 한국전통문화공연장,한국전통문화공연장,"농악은 마을공동체의 화합과 안녕을 기원하며 한국전역에서 행해지는 대표적 민속예술이자 종합예술로서 2014년 11월 유네스코 인류무형유산에 등재되었다.

대구·경북지역에서는 최초로 대구스타디움몰 야외 광장에 조성된 돔 구조의 공연장은 독창적인 외관과 대형 풍물패 디자인으로 새로운 포토존으로 각광받고 있다.

공연팀은 4개 농악단으로 대구시 무형문화재 제1호 ‘고산농악’과 제3호 ‘욱수농악’, 경북 무형문화재 제41호 ‘보인농악’과 전국농악경연대회 대상을 받은 ‘중방농악’이 교대로 출연하며 저마다 기량을 관객들에게 선보인다.

수성구와 경산시의 서로 다른 농악단이 손을 맞잡고 한 곳에서 공연하는 것은 전국에서도 찾아보기 어려우며 대구·경북이 도모하는 상생협력 발전의 좋은 모델로 손꼽힌다.

4월부터 11월 중순까지(7~8월 제외) 매주 토요일 농악 정기공연이 열리며 4개 농악단의 각양각색의 농악공연을 즐길 수 있다. 또한 투호, 굴렁쇠, 팽이치기 등 전통놀이를 체험 할 수 있어 단체관광객과 학생들의 체험 프로그램으로 인기가 좋다.",,0,14,0,미부착,제1유형,소속공무원촬영(업무상저작물),
279,수성문화관광,HOME > 수성테마여행 > 수성VR,수성패밀리파크,도시속의 친환경 휴식공간,,1,0,0,제3유형,제1유형,저작재산권양도계약서 체결,
280,수성문화관광,HOME > 수성테마여행 > 수성VR,범어네거리,수성구 범어네거리,,1,0,0,제3유형,제1유형,저작재산권양도계약서 체결,
281,수성문화관광,HOME > 수성테마여행 > 수성VR,대구미술관,여유의 미학인 존재하는 문화공간,,1,0,0,제3유형,제1유형,저작재산권양도계약서 체결,
282,수성문화관광,HOME > 수성테마여행 > 수성VR,노변동사직단,"사직단은 토지를 주관하는 신인 사(社)와 곡식을 주관하는 신인 직(稷)에게 제사를 지내는 제단이다. 우리 조상들은 조선시대부터 도성을 건설할 때 궁궐 왼쪽에 종묘(宗廟)를, 오른쪽엔 사직단을 두었다. 또한 사직단의 중요성을 감안하여 지방의 주요 지역에 사직단을 설치하여 제를 올렸다.",,1,0,0,제3유형,제1유형,저작재산권양도계약서 체결,
283,수성문화관광,HOME > 수성테마여행 > 수성VR,대구스타디움,2011년 대구세계육상선수권대회 메인스타디움,,1,0,0,제3유형,제1유형,저작재산권양도계약서 체결,
284,수성문화관광,HOME > 수성테마여행 > 수성VR,범어대성당,수성구의 새로운 랜드마크,,1,0,0,제3유형,제1유형,저작재산권양도계약서 체결,
285,수성문화관광,HOME > 수성테마여행 > 수성VR,고모역 복합문화공간,"""고모역의 재발견. 과거와 현재의 끊임없는 대화""",,1,0,0,제3유형,제1유형,저작재산권양도계약서 체결,
286,수성문화관광,HOME > 수성테마여행 > 수성VR,"고모령비, 영남제일관",조상의 얼이 담긴 대구제일의 향토상징 관문,,1,0,0,제3유형,제1유형,저작재산권양도계약서 체결,
287,수성문화관광,HOME > 수성테마여행 > 수성VR,모명재,명나라 장수 두사충(杜師忠)을 기리기 위한 재실,,1,0,0,제3유형,제1유형,저작재산권양도계약서 체결,
288,수성문화관광,HOME > 수성테마여행 > 수성VR,수성못,주민에게 사랑받는 문화와 산책의 공간,,1,0,0,제3유형,제1유형,저작재산권양도계약서 체결,
289,수성문화관광,HOME > 수성테마여행 > 수성VR,국립대구박물관,"대구와 경상북도의 문화유산을 보존, 연구, 전시, 교육하는 문화시설",,1,0,0,제3유형,제1유형,저작재산권양도계약서 체결,
290,수성문화관광,HOME > 수성테마여행 > 수성VR,고산서당,"고산서당은 앞쪽으로 남천(南川)과 고산 들녘이 바라다 보이는 성동 서원골 야산자락에 있으며, 고산서당이 언제 세워졌는지는 정확히 알 수 없으나 퇴계(退溪) 이황(1501~1570)과 우복(愚伏) 정경세(1563~1633)선생이 이곳에서 강(講)을 했다는 것으로 보아 1500년대에 이미 건립되었던 것으로 추정되며, 뒤편에 퇴계와 우복 선생의 강학(講學)유허비(遺墟碑)와 아름드리 정자나 무가 있어 고산서당의 내력을 짐작할 수 있다.",,1,0,0,제3유형,제1유형,저작재산권양도계약서 체결,
291,수성문화관광,HOME > 수성테마여행 > 수성VR,대구삼성라이온즈파크,새로운 대구의 관광명소,,1,0,0,제3유형,제1유형,저작재산권양도계약서 체결,
292,수성문화관광,HOME > 문화예술 > 문화재 > 유형문화재,영영축성비,"이 비석은 조선 영조 12년(1736)에 이루어진 대구읍성의 재건 과정과 규모를 새긴 것으로, 1737년에 세워졌다. 비문은 당시 경상도 관찰사 겸 대구도호부사로 읍성 재건을 주도했던 민응수(閔應洙)가 지었고, 글씨는 백상휘(白常輝)가 썼다.

대구읍성은 선조 23년(1590)에 토성(土城)으로 축조되었는데 임진왜란 때 허물어진 것을 영조 12년에 석성(石城)으로 재건하였다. 비문에 따르면, 이 재건 공사는 1736년 1월부터 시작하여 6개월 정도가 걸렸으며, 공사에 동원된 인원은 78,584명에 이른다. 규모는 둘레가 약 2.68㎞, 높이는 대략 3.5~3.8m였으며, 여첩(女堞), 즉 성 위에서 몸을 숨기고 적에게 활이나 총을 쏠 수 있게 한 구조물이 819개였다고 한다.

이후 대구읍성은 대구를 방어하는 역할을 해 왔고, 고종 7년(1870)에는 크게 중수되기도 했다. 그러나 이 성을 불편하게 여기던 일본인들의 요구가 드세어지자, 당시 대구군수였던 박중양이 1906년부터 1907년에 걸쳐 이 성을 완전히 철거하였다. 당시까지 대구읍성의 남문인 영남제일관(嶺南第一關) 앞에 세워져 있었던 이 비석은 다른 곳에 방치되다가 1932년 대구향교로 옮겨졌고, 1980년에 영남제일관이 재건되면서 현재의 자리에 세워졌다.",,0,1,0,미부착,제1유형,소속공무원촬영(업무상저작물),
293,수성문화관광,HOME > 문화예술 > 문화재 > 유형문화재,대구부수성비,"대구부 수성비는 조선 고종 7년(1870)에 경상도 관찰사 겸 대구도호부사였던 김세호(金世鎬)가 대구읍성을 보수한 뒤에 세운 비석이다. 비문의 내용은 김세호가 지었고 글씨는 절충장군 최석로(崔錫魯)가 썼다.

대구읍성은 선조 23년(1590)에 토성(土城)으로 축조되었으나, 임진왜란 때 허물어져서 영조 12년(1736)에 석성(石城)으로 재건되었고, 고종 7년(1870)에 외세의 침입에 대비하려는 흥선대원군의 정책에 따라 크게 보수되었다. 이때 원래의 성곽보다 높이와 크기를 키웠고, 동서남북에 각각 정해루(定海樓), 주승루(籌勝樓), 선은루(宣恩樓), 망경루(望京樓)라는 누각을 세웠다. 그러나 얼마 후에, 이 성을 불편하게 여기던 일본인들의 철거 요구가 드세어지자, 당시 대구군수였던 박중양이 1906년~1907년에 걸쳐 이 성을 완전히 철거하였다.

이 수성비는 영영축성비와 함께 읍성의 남문인 영남제일관(嶺南第一關) 밖에 세워졌으나, 1907년 읍성이 헐리고 난 뒤에는 방치되다가 1932년에 대구향교로 옮겨졌고, 1980년에 영남제일관이 재건되면서 현재의 자리에 다시 세워졌다.",,0,1,0,미부착,제1유형,소속공무원촬영(업무상저작물),
294,수성문화관광,HOME > 문화예술 > 문화재 > 유형문화재,이공제비 및 군수이후범선영세불망비,"이 비각 안에 있는 비석들은 신천(新川)의 치수에 공이 큰 두 분의 공덕을 기리기 위해 백성들이 세운 송덕비(頌德碑)이다. 왼쪽과 가운데는 이공제비(李公堤碑)이고 오른쪽은 군수 이후범선 영세불망비(郡守 李侯範善 永世不忘碑)이다.

이공제비는 조선 정조 때 신천의 제방을 쌓아 홍수의 피해를 막아 준 대구판관 이서(李溆)의 치적을 기리는 비석이다. 당시까지 대구는 신천이 홍수 때마다 넘쳐 큰 피해를 입었는데, 정조 즉위년(1776)에 부임해 온 이서가 1778년에 자신의 재산을 털어 10여 리에 걸쳐 제방을 쌓아 물이 넘치지 않게 했다. 이에 백성들이 제방의 명칭을 ‘이공제[이공(李公)이 만든 제방]’라고 하고, 이를 기리는 비석을 세웠으나 그 뒤 없어져서, 1797년에 다시 세운 것이 왼쪽의 것이다. 가운데 비석은 순조 8년(1808)에 세워졌는데, 앞에 세운 비석이 초라하여 이공의 치적을 영구히 기리기 위해 다시 비석을 세운다는 내용이 새겨져 있다.

군수 이후범선 영세불망비는 대구 군수 이범선의 공덕을 기리는 비석이다. 광무 2년(1898)에 신천에 큰 홍수가 나서 이공제의 하류 부분이 유실되고 대구읍성이 위험하게 되자, 당시 군수였던 이범선이 그 보수공사를 짧은 시간에 완성하여 주민들의 근심을 덜어주었다. 이에 이듬해인 1899년에 주민들이 그의 공덕을 기리고자 이 비석을 세웠다.",,0,1,0,미부착,제1유형,소속공무원촬영(업무상저작물),
295,수성문화관광,HOME > 문화예술 > 문화재 > 유형문화재,대구 동대사 고려불경 일괄,"대방광불화엄경 권12(大方廣佛華嚴經 卷12) : 권수의 일부가 낙장되었지만 권말의 축까지 완전하며 권말에는 음의가 있는 점에서 재조대장경 조성 당시의 국내본에 대한 이해에 보충적 자료로서 충분한 가치를 가지는 것으로 평가된다.
대방광불화엄경 권43(大方廣佛華嚴經 卷43) : 권수의 일부가 낙장되었지만 전체적으로 권말까지의 보존 상태가 양호하며 사경체가 가미된 필체로 간행시기가 11~12세기경으로 추정되는 책으로 불교사, 서지사, 서예사 등의 중요한 자료로 보존 및 활용의 가치가 있다고 평가된다.

일승법계도(一乘法界圖) : 의상의 중요 저술이라는 점과 서체와 형태면에서 12~13세기의 간행물이라는 점에서 중요하며, 당시의 인쇄문화와 서체, 간행사실 확인의 참고 자료가 될 것으로 평가된다.
불설치성광대위덕금륜왕소재길상다라니경(佛說熾盛光大威德金輪王消災吉祥陀羅尼經) : 권말에 김숙룡(金叔龍)이 국왕과 진강공(晉康公) 최충헌의 장수를 기원하기 위하여 정우(貞祐) 4년(1216) 병자(丙子) 8월에 간행하였음을 밝히는 발원문이 있어 불교사, 서지사 측면에서 중요한 자료가 되며 당시의 사상사를 보충하는 기록이 될 것으로 평가된다.",,0,1,0,미부착,제1유형,소속공무원촬영(업무상저작물),
296,수성문화관광,HOME > 문화예술 > 문화재 > 유형문화재,천태사교의집해,"이 책은 고려시대 고승인 체관(諦觀/ 900~975)이 천태사상을 집약하여 정리한 천태사교의(天台四敎儀)에 대하여 여러사람이 풀이한 것을 송나라 고승인 종의(從義/1042-1091)가 집해(集解)한 책으로 15세기에 금속활자인 을해자(乙亥字)로 간행된 것이다. 인쇄 및 보존상태가 양호하며, 조선전기의 금속활자 연구 및 불교사 연구에 중요한 가치가 있다.",,0,1,0,미부착,제1유형,소속공무원촬영(업무상저작물),
297,수성문화관광,HOME > 문화예술 > 문화재 > 유형문화재,감지금은니문수최상승무생계법(묘덕계첩),"인도 출신 승려로 중국을 거쳐 고려에 입국한 지공(指空 1300-1363)이 자신이 번역한 ‘문수최상승무생계경(文殊最上乘無生戒經)’의 내용을 바탕으로 1326년(고려 충숙왕 13)에 지켜야할 계율의 내용을 우바이(優婆夷 불교를 믿고 삼귀, 오계를 받은 세속의 여자) 묘덕(妙德)에게 남색종이(紺紙)에 은글씨로 써서 준 계첩이다. 받은 이의 이름을 붙여 ‘묘덕계첩’이라고도 한다. 현존하는 지공의 무생계첩 3점 중 가장 오래됐고 가장 완전한 상태이며 제작 관계자, 연대, 변상도의 그림솜씨와 희귀성으로 볼 때 중요한 자료로 역사적, 학술적 가치가 큰 것으로 평가되고 있다.",,0,1,0,미부착,제1유형,소속공무원촬영(업무상저작물),
298,수성문화관광,HOME > 문화예술 > 문화재 > 유형문화재,대구 보림사 소장 묘법연화경 권4~7,"이 책은 묘법연화경 7권 가운데 권4∼7로 1책만 전해지고 있다. 작은 글자로 정교하게 새긴 목판본으로 크기는 세로 25.8㎝, 가로 16.9㎝이다. 묘법연화경은 줄여서 ‘법화경’이라고 부르기도 하며, 천태종의 근본경전으로 삼국시대 이래 가장 많이 유통된 경전이다.

7권의 끝에 있는 조선 개국공신 남재(南在)가 써 놓은 글에 의하면, 해린(海隣)이 정천익과 이양 등의 시주와 도움을 받아 만 1년간 작업하여 간행한 것으로 개국공신을 위시한 상류층이 간행한 불경임을 알 수 있다.

또한 권 말 면지에는 이씨, 김씨, 김계봉 등의 시주로 인출하였다는 인출기가 필사되어 있고, 인출기와 인본의 마멸상태로 보아 그 인출시기가 목판의 간행시기와 그리 멀리 않은 15세기인 것으로 추정된다.",,0,1,0,미부착,제1유형,소속공무원촬영(업무상저작물),
299,수성문화관광,HOME > 문화예술 > 문화재 > 유형문화재,입학도설,"『입학도설』은 권근(權近, 1352-1409)이 성리학의 기본원리를 도식화하여 설명한 성리학 입문서로, 그의 학문과 경세론, 유학의 중요 개념을 이해하는데 도움이 되고, 조선 초의 유학연구에 필수적인 자료가 되어 학술사적으로 중요한 가치가 있어 2019년 대구광역시 유형문화재로 지정되었다.",,0,1,0,미부착,제1유형,소속공무원촬영(업무상저작물),
300,수성문화관광,HOME > 문화예술 > 문화재 > 무형문화재,고산농악,"고산농악은 대구광역시 수성구 대흥동 (구, 내환동)에서 자생하여 전승되는 농악이다.
내환동은 고려시대부터 ‘곡계’라 불리우는 옛 ‘서울나들’에 위치하는 전형적인 자연촌락이며 다섯뜸 즉 오동(웃각단, 아랫각단, 대밭각단, 숲골각단(담띠), 꿩지)이 운집된 각성마을이다. 고산농악은 마을의 개척시기부터 전승되어 오면서 농악 원래의 소박성을 그 원형대로 잘 보존하고 있다. 내환동에서는 매년 음력 정월 대보름에 동제(상당, 중당, 하당)를 지내는데 이 동제의 왕복길에 농악을 잡히며 동제가 끝난 뒤에도 풍물을 쳤다.

고산농악의 특징은 이런 농촌부락 고유의 전통적인 미를 잃지 않고 마을단위의 향토색 짙은 농악형태를 유지하는 점이다. 연행과정에서 ‘2열놀이’ ‘닭쫓기놀이’
‘오동(다섯뜸)놀이’ 등은 다른 지역에서는 볼 수 없는 고산농악에만 있는 독특한 놀이마당이다.",,0,1,0,미부착,제1유형,소속공무원촬영(업무상저작물),
301,수성문화관광,HOME > 문화예술 > 문화재 > 무형문화재,욱수농악,"욱수농악은 대구광역시 수성구 욱수동에서 전승되는 농악이다. 욱수동은 1981년 7월에 경산군 고산면 욱수동에서 대구직할시로 편입된 130여호의 주민이 논농사를 주업으로 하던 자연촌락이다. 욱수농악은 이 마을 동제당에서 해마다 정월 초사흘날 관행하던 천왕받이 굿에서 파생된 농악이다. 원래 욱수농악은 동제때 동제당에서 신내림을 축원하는 천왕받이 굿과 이 내림굿에서 뒤따르는 판굿과 보름달의 구걸(지신밟기) 그리고 달불놀이 때의 마당놀이가 하나의 틀이 되어 전승되어 왔다.

동제는 1970년대의 도시화 과정에서 중단되었고 달불놀이는 입산금지 이후 없어졌으나 농악과 지신풀이는 1963년부터 친목계를 조직하여 전승하고 있다.

욱수농악 판굿의 기본적인 연행구성은 입장-인사-방향전황-둥글레미-호호굿-마당놀이(징, 북, 장구, 상모놀음)-외따먹기-십자진-오방진-덧배기(춤굿)-덕석말이-인사-퇴장의 순으로 이루어진다. 그 중 외따기는 경상도 남부지방에서는 드문 진형을 가진 놀이이다.

쇠가락은 빠르며 잔가락이 적은 영남지역의 특징을 보이며, 특히 길굿의 가락이 독특하다. 욱수농악은 동제와 연관된 축원농악과 판굿이 복합된 농악이며 경상도 내륙의 농악에 농사 굿이 많은데 비하여 전체의 구성은 진굿에 가까운 농악이다.",,0,1,0,미부착,제1유형,소속공무원촬영(업무상저작물),
302,수성문화관광,HOME > 문화예술 > 문화재 > 기념물,사월동 지석묘군,"사월동 지석묘군은 청동기시대에 만들어진 지석묘[고인돌]가 무리를 지어 남아 있는 유적이다. 이 지석묘들은 오랫동안 방치되어 있다가 1992년 9월에 대구시 기념물로 지 정되었고, 1996년 시지2차사월보성타운이 신축되면서 현재의 위치에 지금과 같은 상태 로 조성되었다.

우리나라의 지석묘는 외형상 크게 탁자식(卓子式)과 바둑판식, 개석식(蓋石式) 등으로 나뉜다. 탁자식은 땅 위에 네 개의 받침돌을 세워 방을 만들고 그 위에 평평한 덮개돌을 올려놓은 형태이고 바둑판식은 땅속에 방을 만들고 작은 받침돌을 세운 뒤 그 위에 덮개 돌을 올린 형태이며, 개석식은 받침돌 없이 덮개돌을 지면에 바로 놓은 형태이다. 사월 동 지석묘는 모두 바둑판식이다. 현재 4기의 덮개돌이 남아 있으나, 마을의 노인들이 이 지석묘군을 ‘칠성바위’라 부르는 것으로 보아, 과거에는 더 많은 지석묘가 있었던 것으로 추측된다.

사월동에 지석묘군이 있었다는 것은 이 지역이 청동기시대 이래로 사람들이 농사를 지 으며 마을을 이루고 공동체를 형성했던 곳임을 말해 준다.",,0,1,0,미부착,제1유형,소속공무원촬영(업무상저작물),
303,수성문화관광,HOME > 문화예술 > 문화재 > 기념물,노변동 사직단,"사월동 지석묘군은 청동기시대에 만들어진 지석묘[고인돌]가 무리를 지어 남아 있는 유적이다. 이 지석묘들은 오랫동안 방치되어 있다가 1992년 9월에 대구시 기념물로 지 정되었고, 1996년 시지2차사월보성타운이 신축되면서 현재의 위치에 지금과 같은 상태 로 조성되었다.

우리나라의 지석묘는 외형상 크게 탁자식(卓子式)과 바둑판식, 개석식(蓋石式) 등으로 나뉜다. 탁자식은 땅 위에 네 개의 받침돌을 세워 방을 만들고 그 위에 평평한 덮개돌을 올려놓은 형태이고 바둑판식은 땅속에 방을 만들고 작은 받침돌을 세운 뒤 그 위에 덮개 돌을 올린 형태이며, 개석식은 받침돌 없이 덮개돌을 지면에 바로 놓은 형태이다. 사월 동 지석묘는 모두 바둑판식이다. 현재 4기의 덮개돌이 남아 있으나, 마을의 노인들이 이 지석묘군을 ‘칠성바위’라 부르는 것으로 보아, 과거에는 더 많은 지석묘가 있었던 것으로 추측된다.

사월동에 지석묘군이 있었다는 것은 이 지역이 청동기시대 이래로 사람들이 농사를 지 으며 마을을 이루고 공동체를 형성했던 곳임을 말해 준다.",,0,1,0,미부착,제1유형,소속공무원촬영(업무상저작물),
304,수성문화관광,HOME > 문화예술 > 문화재 > 기념물,상동 지석묘군,"상동 지석묘군은 청동기시대에 만들어진 지석묘[고인돌]들이 무리를 지어 남아 있는 유적이다. 과거 신천 주변에는 지석묘가 많이 있었으나 도시 개발로 대부분 사라졌다. 이곳은 현재의 상태 정도로나마 보존되고 있는 몇 안 되는 청동기 유적 중 하나이다.

이 지석묘들은 오랫동안 방치되어 있다가 대구박물관의 발굴 조사(1998~1999년)에 의 해 그 구조와 상태가 밝혀졌다. 이때 지상에 남아 있는 덮개돌의 지하 구역에 38기의 석 관·석곽이 분포되어 있음이 확인되었다. 함께 출토된 유물 중에는 청동기시대 유물과 함 께 신석기 문화의 존재를 알 수 있게 하는 빗살무늬토기의 파편도 있었다.

이 지석묘 유적과 유물들은 이 지역이 신석기, 청동기시대 이래로 사람들이 농사를 지 으며 마을을 이루고 공동체를 형성했던 곳임을 말해 준다.",,0,1,0,미부착,제1유형,소속공무원촬영(업무상저작물),
305,수성문화관광,HOME > 문화예술 > 문화재 > 기념물,대구 법이산 봉수대,"봉수대는 불과 연기로 군사정보를 전달했던 통신시설을 말한다. 법이산 봉수대는 조선 시대 전 기간에 걸쳐 운용된 대구지역의 대표적인 봉수 유적이다.

법이산 봉수에 관한 기록은 ‘경상도지리지’(1425)와 ‘증보문헌비고’(1908) 등의 문헌에 나타나는데, 남쪽으로는 청도군 팔조령 봉수, 북쪽으로는 경산현 성산 봉수(지금의 수성구 성동)와 연결되는 봉수였다고 한다.

2019년에 이 봉수 유적에 대한 발굴조사가 이루어졌는데, 이때 배 모양[舟形]의 방호 벽과 출입 시설, 가뭄 때 기우제를 올리는 기우단(祈雨壇) 관련 시설 등이 확인되었다. 방호벽의 외부 둘레가 106.5m로 다른 지역 봉수대에 비해 규모가 큰 편이고, 특히 기우단을 가진 봉수대가 발굴된 사례는 드물다는 점에서 이 봉수대의 역사적 의미를 찾을 수 있다.",,0,1,0,미부착,제1유형,소속공무원촬영(업무상저작물),
306,수성문화관광,HOME > 문화예술 > 문화재 > 문화재자료,야수정,"야수정은 풍기 진씨（晝基 秦氏） 진희규（秦喜奏）*가 1900년경에 지은 가옥형 정자이다. 원래는 앞쪽에 툇마루를 둔，정면 5칸 측면 1칸 반 규모의 건물이었으나，살림집으로 사용하면서 뒷부분 전체를 반 칸씩 늘려서 지금은 겹집의 형태가 되어 있다.

이 건물은 일본 건축의 영향을 받은 새로운 양식적 특징을 보여 준다는 점에서 건축사적 의미가 있다. 마루에는 긴 마룻널을 사용한 장마루를 깔았고，마루의 밑에는 붉은 벽 돌을 쌓았으며，유리를 끼운 미서기 문을 달았다는 점이 일본 건축의 영향을 받은 부분 이고，천장에 설치된 우물정（井）자 모양의 반자**도 일본식에 가깝다. 이러한 형식은 20 세기 초기의 건축에 나타나는 새로운 경향 중 하나이다.",,0,1,0,미부착,제1유형,소속공무원촬영(업무상저작물),
307,수성문화관광,HOME > 문화예술 > 문화재 > 문화재자료,고산서당,"고산서당은 처음에 서재(書齋)로 건립되었다가 서원과 서당으로 이름을 바꾸면서 이 지역의 대표적인 유학 교육 기관이자 선현을 제향(祭享)하는 공간으로 중요한 역할을 해 온 곳이다. 건립된 시기를 정확하게 파악하기는 어려우나, 퇴계 이황(退溪 李滉, 1501~1570)과 우복 정경세(愚伏 鄭經世, 1563~1633)가 이곳에서 강론했다는 기록이 있는 것으로 보아 1500년대에 건립된 것으로 보인다. ‘고산(孤山)’이라는 이름도 퇴계에게 요청하여 받은 것이라고 한다.

이 서당은 임진왜란 때 소실되었다가 재건되는 등의 어려움을 겪으면서도 강학 공간으로써의 역할을 해오다가 숙종 16년(1690)부터 퇴계와 우복을 배향하는 서원이 되었다. 이후 영조 10년(1734)에는 강당과 동재·서재를 새로 지어 서원으로서의 완전한 면모를 갖추게 되었다. 그러나 서원 철폐령으로 고종 5년(1868)에 훼철되었다가 고종 16년(1879)에 강당만 재건되면서 고산서당이라는 이름을 가지게 되었다.

1964년에 강당 건물을 중수하였고, 2020년에는 사당과 삼문, 담장을 세워 옛 서원의 모습을 다시 갖추고, 동고 서사선(東皐 徐思選)을 함께 배향하게 되었으나 2021년 12월 20일에 화재가 일어나 강당이 불에 타고 말았다. 지금의 강당은 그 뒤 ○○○○년에 다시 세운 것이다. 사당 담장 안에 세워져 있는 강학(講學) 유허비(遺墟碑)와 강당 뒤편의 두 그루 정자나무는 이 서당의 역사를 보여주고 있다.",,0,1,0,미부착,제1유형,소속공무원촬영(업무상저작물),
308,수성문화관광,HOME > 문화예술 > 문화재 > 문화재자료,독무재,"독무재는 조선 후기의 성리학자인 열암 하시찬(悅菴 夏時贊, 1750~1828)을 기리는 재 실이다. 원래는 하시찬이 강학(講學)하던 장소였는데, 1842년에 제자들과 유림이 기둥과 들보를 바꾸고 초가를 기와로 고쳐서 그를 추모하는 장소로 삼았다. 그 후 1954년에 후 손들이 다시 지었고, 1967년에 지금의 위치로 옮겨 지었다.

하시찬은 고려 충숙왕 때 효자 정려를 받은 하광신(夏光臣)의 후손이다. 그는 이의조 (李宜朝)와 송환기(宋煥箕)의 문하에서 학문을 닦았으나 끝내 벼슬에는 나아가지 않고 독 무암서(獨茂巖棲)라는 서재를 지어 당대의 석학들과 교유하면서 후학 양성에 힘썼다. 특히 예학에 밝아 『팔례절요(八禮節要)』라는 예서(禮書) 2권을 지었다.

이 재실에는 독무재 외에 사당인 경덕사(景德祠)와 장서각(藏書閣)이 있다. 경덕사에서는 매년 삼월에 유림이 모여 춘향(春享)을 지내며, 장서각에는 『팔례절요』와 『열암문집(悅菴文集)』의 목판들이 보관되었으나, 지금은 안동(安東)에 있는 유교문화박물관의 장판각에 보관되고 있다.",,0,1,0,미부착,제1유형,소속공무원촬영(업무상저작물),
309,수성문화관광,HOME > 문화예술 > 문화재 > 문화재자료,하효자 정려각,"이 정려각 안에는 고려 때 이부시랑(吏部侍郞)을 지낸 하광신(夏光臣)의 효성을 기리는 정려비가 있다.

하광신은 효성이 지극하여, 한겨울에 병환 중인 노모께 복숭아를 구해 드렸고, 노모가 별세하자 그 무덤가에 움막을 짓고 3년간 시묘*하였다. 이를 알게 된 고려 충숙왕(忠肅 王)이 1327년에 ‘효자 고려 이부시랑 하광신지려(孝子 高儷 吏部侍郞 夏光臣之閭)’라는 정문(旌門)을 세우고 그 자손들의 부역을 면제해 주었다. 정려가 내려진 시점을 기준으로 보면 이 정려가 대구 경북지역에서 가장 오래된 것이다.

하효자의 정문은 처음에 달성 하씨(達城 夏氏)의 종산(宗山)인 수도산 부근에 세워졌으나, 임진왜란 때 불에 타 없어졌다. 조선 정조 5년(1781)에 지금의 정려비를 새기고 만촌동 형제봉 기슭에 정려각을 다시 세웠는데, 일제 강점기 때 경부선 철도가 놓이면서 현재의 자리로 옮겨 왔다.

정려각 안에는 하광신이 받은 정려의 내력을 새긴 정려비와 이 정려각을 새로 지은 내력을 쓴 중건기문(重建記文)이 들어 있다. 정려비의 비문은 이조판서 황경원(黃景源)이 지었고, 글씨는 사헌부 지평 이약채(李若采)18)가 썼다. 중건기문은 하광신의 18세손인 열암 하시찬(悅菴 夏時贊)이 1784년에 쓴 것이다.",,0,1,0,미부착,제1유형,소속공무원촬영(업무상저작물),
310,수성문화관광,HOME > 문화예술 > 향토 문화유산,청호서원,"이 서원은 조선조 대학자였던 모당(募堂) 손처눌(孫處訥)(1553~1634), 사월당 류시번(柳時藩), 양계(暘溪) 정호인(鄭好仁), 모당의 6대조인 격재(格齋) 손조서(孫肇瑞) 네 분을 추모하기 위해 세운 것이다. 모당 손처눌의 자는 기도(幾道)이며, 한강(寒岡) 정구문하(鄭逑門下)에서 사사(師事)하여 학행과 효우로 스승에게 인정받았으며, 임진왜란과 정유재란 때 의병대장으로 활동하였다.

난리(亂離) 중 부모상(父母喪)을 당하였으며, 이를 옳게 못 모신 것을 한탄하면서 임진왜란이 평정되자 종신여모(終身廬慕)한다는 뜻에서 자기 거처를 영모당(永慕堂)이라 하였다. 난(難) 후 그는 후진 양성에 전념하여 영모당은 언제나 문전성시(門前盛市)를 이루었고 '영모당통강제자록(永慕堂通講諸子錄)'에는 제자 202명의 명단이 적혀 있어 당시의 규모를 짐작하게 한다.

마을 앞에 청호지(靑湖池)를 만들어 영농에도 힘썼으며, 조정에서의 논공행상도 사양하였으며 다만 대구향교의 최고 책임자인 도유사(都有司)를 12년간 맡았다. 손조서는 조선 초기의 문신으로 대과에 급제하여 집현전 한림학사로서 필재(畢齋)와 도의지교(道義之交)를 맺고 단종 때 봉산군수(鳳山郡守)로 있다가 단종의 참사 소식을 듣고 불사이군(不事二君)이라 하여 벼슬을 버리고 고향(밀양)으로 내려가 후학 교육에 전념하였다.

청호서원 역시 1864년 서원 철폐령으로 훼철되었으며 1947년경 강당만 세웠다가 1968년 화재로 소실되었으며, 현재의 건물은 1969년 강당과 위패를 모신 상인사(尙仁祠)를 중건한 것이다. 서원 입구에 모당선생 유허비(遺墟碑)도 세웠다.",,0,1,0,미부착,제1유형,소속공무원촬영(업무상저작물),
311,수성문화관광,HOME > 문화예술 > 향토 문화유산,정충각과 정효각,"정충각(旌忠閣)과 정효각(旌孝閣)은 충효재의 동편에 있는데 노암(蘆庵) 정동범(鄭東範)의 충의(忠義)와 면암(勉庵) 정지언(鄭之彦)의 효행(孝行)을 기리기 위하여 1936년에 건립하였다.

노암은 1728년(영조4) 이인좌(李麟佐)의 난에 공을 세웠으며, 면암은 부친께서 병이 나자 지극정성으로 간호하여 쾌차(快差)하게 하였으며 상(喪)을 당하여는 3년간 시묘(侍墓)를 하였다. 1892년(고종29)에 유림의 상소(上疏)로 부자에게 정려(旌閭)를 내렸다. 정려각 앞에는 1996년에 두 분을 기리기 위해 건립한 비석이 있다.",,0,1,0,미부착,제1유형,소속공무원촬영(업무상저작물),
312,수성문화관광,HOME > 문화예술 > 향토 문화유산,오천서원,"조선시대 서원에 대해 잠시 언급한 후 오천서원에 대해 설명할까 한다.

서원은 조선조 선비들의 혼이 깃든 곳으로 선비들의 문화와 영욕(榮辱)을 함께 하면서 우리 교육사에서 빛과 어둠의 두 자취를 남겨 놓았다.

초창기 서원은 선비정신이 충만한 학문의 도장(道場)으로 성리학의 세계 속에서 성인(聖人)을 향한 구도(求道)의 열정을 불태웠던 곳으로 양반 관료제 사회를 지탱하는 지식인 관료집단을 안정적으로 공급하는 장소였으나 후세에 이르러 서원의 난립으로 권력화된 정치집단으로 변질되어 정쟁(政爭)의 장이 되면서 서원 본래의 선비를 양성하는 교육기능은 유명무실해지고 선현들을 제사 지내는 제향(祭享)기능으로 변질되었다.

오천서원은 조선 성종 때 대사헌(大司憲)을 지낸 대봉(大峰) 양희지(楊熙止)선생을 추모하기 위해 1744년(영조 20)에 건립된 것으로 대구지역의 23개 서원 가운데 4번째로 건립되었으며, 대봉 선생은 평안도 중화 출신으로 1474(성종 5)문과에 급제하였다.

오천서원은 야트막한 야산기슭에 남향으로 자리잡고 있으며, 2개의 영역으로 분리 배치되어 있다. 좌측으로 외삼문(外三門), 강당(講堂), 제수청(祭需廳)이 일곽(一廓)을 이루고 있으며 강당 우측에 제향공간(祭享空間)인 사당이 한단 높게 토장(土墻)으로 둘러싸여 일곽(一廓)을 이루고 있다.

외부에서 별도로 진입할 수 있게 강당과 사당의 출입이 분리되어 있으며, 향사(享祀)시 활동이 편하도록 강당 우측에 협문(夾門)을 두어 사당과 연결될 수 있도록 배려했다.

강당은 정면 4칸, 측면 1칸 규모로 가운데 2칸 마루를 두고 좌우에 방을 배치한 전형적인 강당 형식을 취하고 있으며, 건물 앞쪽과 마루 뒤쪽에 퇴를 두었고 우측 온돌방은 마루와 4분합 들문을 두어 공간을 확장할 수 있도록 하였고 좌측 온돌방은 우측과 달리 쌍여닫이문을 설치해 두었고 마루 앞쪽에 4분합 들문을 설치하여 폐쇄된 마루를 구성한 점은 남부지역 강당평면에서 보기 드문 예라 할 수 있다.

사당인 오천사(梧川祠)는 정면 3칸, 측면 1칸 규모로 전퇴(前退)가 없는 홑처마 맞배지붕의 3량가구 건물이나 제대로 격식을 갖추지 못하였다. 사당 뒤편에는 양희지를 추모하는 비석 5기가 있다.",,0,1,0,미부착,제1유형,소속공무원촬영(업무상저작물),
313,수성문화관광,HOME > 문화예술 > 향토 문화유산,명정각,"사충의 재실이 있는 서쪽 100m 지점에 붉은 벽돌담에 둘러싸인 아담한 효자각이 명정각이다. 이 효자각은 두사충의 7대손인 두한필(杜漢弼)의 효행을 널리 알리기 위해 조정에서 정려(旌閭)을 내린 것이다.

두한필의 호는 소남(小楠)으로 1823년(순조23년)에 태어난 1893년(고종30년)에 세상을 떠났는데 어릴 때부터 부모에 대한 효행이 지극하였다. 나중에 조정에까지 소문이 퍼져 그의 사후에 정려(旌閭)가 내려오고 종3품 관직인 통훈대부 규장각직각(通訓大夫 奎章閣直閣)을 증직하였다.

현재의 명정각은 1912년 두사충의 재실인 모명재를 지을 때 함께 건립한 것이다. 이후 1966년 후손들이 모명재와 함께 보수 하였다.",,0,1,0,미부착,제1유형,소속공무원촬영(업무상저작물),
314,수성문화관광,HOME > 문화예술 > 향토 문화유산,영남제일관,"우리민족은 고래(古來)로 구릉과 산성을 방수(防守)의 요충으로 중시하여 각종 성(城)을 쌓았으나 평지에 성을 축조하는 것은 드물었다. 지방행정관서가 있는 곳의 평지에 축성된 대구 읍성(邑城)은 1590년(선조23년)에 처음 만들 때는 흙으로 쌓은 토성(土城)이었으나, 임진왜란 때 허물어진 뒤 1736년(영조 12)에 돌로 다시 쌓아 석성(石城)으로 만들었다. 성에는 동서남북에 4개의 정문을 두었는데, 동문은 진동문(鎭東門), 서문은 달서문(達西門), 남문은 영남제일관(嶺南第一關), 북문은 공북문(拱北門)이라 하였다. 1906년 읍성이 철거될 때 성문들도 함께 철거되었다. 현재의 영남제일관은 1980년에 그 자리를 옮겨 새로 세웠으나 성루(城樓)의 위치 · 규모 · 품격 면에서 원형과 동떨어졌다는 평가를 받고 있지만 대구제일의 향토상징 관문으로서 금호강과 함께 대구시민들이 대자연의 운치를 마음껏 즐길 수 있는 곳이다.",,0,1,0,미부착,제1유형,소속공무원촬영(업무상저작물),
315,수성문화관광,HOME > 문화예술 > 향토 문화유산,덕산재,"덕산재는 수성구 시지동에 있는 아산인 덕봉 장자원을 위한 우모소(寓慕所)1)이다. 장자원은 감찰 간(芉)의 자(子)로서, 조선 성종조에 사마2)에 올라 한성참군에 이르렀다. 일찍이 덕행과 효행으로 사림들의 추앙을 받았으며, 김종직, 도의와 교류가 있었다.

재실 중수기에 의하면 덕산재는 영조 17년(1740년)에 해붕공이 종족의 서당으로 곡계정사라 편액하였다가 그후 대흥동 속칭 '서당골'로 이건하여 부모 없이는 나 또한 존재하지 않는다는 효심을 가지고 학문에 정진하여 가문의 전통을 세우라는 뜻에서 이로재(履露齋)라 이름하였다고 한다. 지금의 덕산재라 편액한 것은 고종 7년(1870년) 경복공이 대흥으로 이건하고나서부터라고 한다. 1917년 현 위치로 다시 이건하였으며, 1978년 한 차례의 중수가 있었다. 건물은 정면 3칸, 측면 2칸의 맞배 지붕이다.",,0,1,0,미부착,제1유형,소속공무원촬영(업무상저작물),
316,수성문화관광,HOME > 문화예술 > 향토 문화유산,성주배씨지려비,"효열 밀양박후성처 성주배씨지려비(孝烈 密陽朴厚成妻 星州裵氏之閭碑)는 1764년(영조40년)에 태어나 1788년(정조 12년)에 세상을 떠날 때까지 24년 간 꽃다운 나이로 부끄럼없이 살다 간 효부이면서 열녀였던 성주 배씨의 효행을 기리기 위하여 세운 것이다.

그녀는 밀양 박씨인 남편 박후성(朴厚成)에게 시집을 와 아내이자 며느리로서의 할 일을 훌륭하게 해냈지만 그녀의 시집살이는 평탄하지는 않았다.

남편인 박후성이 이름모를 병에 걸려 자리에 눕게 되자 그녀는 백방으로 약과 의원을 초대하여 치료했으나 남편의 병세는 악화되기만 했다. 보다 못한 그녀는 자기의 손가락을 잘라 흐르는 선혈을 남편 입안으로 떨어드려 얼마동안 원기를 회복하도록 하였다.

그러나 남편은 세상을 떠나고 말았다. 그녀는 죽지 못한 자신을 부끄러워하며 80세가 넘은 시어머니를 봉양하였다. 그러나 시어머니마저 세상을 떠나자 그녀는 남편 대신에 3년 시묘를 하고 그해 남편 제삿날에 제사를 지낸 뒤 스스로 남편의 뒤를 좇아 자결하였다.

배부인의 뛰어난 효행과 열행을 조정에서도 알게 되어 정려가 내려와 1910년(융희4년) 4월 27일 후손들이 비를 세웠다.

회색 화강석으로 된 비신은 높이 116㎝, 폭 48㎝, 두께 17㎝이며 비개는 백청색 화강석으로 되어 있다. 팔각지붕형의 비개는 높이 31㎝, 폭75㎝, 두께44㎝이다. 흑청색 화강암으로 된 장방형 비부는 높이 17㎝, 폭 70㎝, 두께 38㎝이다.",,0,1,0,미부착,제1유형,소속공무원촬영(업무상저작물),
317,수성문화관광,HOME > 문화예술 > 향토 문화유산,솔일재,"현재 수성구 시지월드메르디앙 아파트 바로 뒤편에 있는 솔일재는 정면 5칸, 측면 3칸의 겹처마 팔작지붕 건물로서 밀양인 대사헌 박해(朴咳)의 재실이다.

박해는 밀직부원군 중미의 차자(次子)로서, 고려조에 문과에 올라 사헌부 대사헌을 역임하고 국사가 소란하여 청주에 은거하였다가 고산면 신매동에 이주하였다고 한다.",,0,1,0,미부착,제1유형,소속공무원촬영(업무상저작물),
318,수성문화관광,HOME > 문화예술 > 향토 문화유산,충효재와 모운당,"충효재(忠孝齋)는 청주정씨(淸州鄭氏)의 재실로 대대로 살아온 세거지가 도시화로 아파트단지가 되자 1995년에 선조의 제향(祭享)을 위하여 건립하였다. 충효재의 서편에는 모운당(慕雲堂)이 있는데 1728년(영조4) 이인좌(李麟佐)의 난에 공을 세운 노암(蘆庵) 정동범(鄭東範, 1710∼1793)과 효자 면암(勉庵) 정지언(鄭之彦, 1740∼1814) 부자를 추모하기 위하여 1863년(철종14)에 건립하였다.

노암은 수직(壽職)으로 통정대부 용양위부호군(龍驤衛副護軍)이 되었으며, 면암은 손자 자헌대부 정필석(鄭弼錫)의 귀(貴)함으로 통정대부 이조참의(吏曹參議)에 증직되었다.",,0,1,0,미부착,제1유형,소속공무원촬영(업무상저작물),
319,수성문화관광,HOME > 문화예술 > 향토 문화유산,영사재,"이 건물은 성산인(星山仁) 배석봉과 배영을 추모하기 위해 1928년 후손들에 의해 세운 재사이다. 배석봉의 호는 모재(慕齋)로 아버지에 대한 효도가 지극한 효자로 아버지가 중병에 걸려 있을 때 단지주혈(斷指注血) 하였으며 돌아가신 뒤에도 여묘(廬墓)하였다. 배영의 호는 공천(孔川)으로 어머니에 대한 효도가 지극한 효자로 어머니가 중병에 걸려 있을 때 단지주혈(斷指注血)하여 삼일을 회생하게 하였으며 돌아가신 후에 죽만을 먹으며 3년 상을 마쳤다.

이 재실은 외삼문인 솟을대문을 들어서면 앞면이 4칸인데, 대청 2칸을 중심으로 양쪽에 방이 1칸씩 있는 강당이 있다. 옆면은 3칸이고 지붕은 겹처마, 팔작지붕이다. 또 집의 서쪽으로 좁은 툇마루가 있고 마루와 뜨락 사이에는 벽돌로 쌓아 올려 마루 밑이 보이지 않도록 되어 있다.",,0,1,0,미부착,제1유형,소속공무원촬영(업무상저작물),
320,수성문화관광,HOME > 문화예술 > 향토 문화유산,무동재,"무동재(武洞齋)는 계동(溪東) 전경창 (全慶昌 1532~1585) 선생이 강학한 계동정사(溪東精舍)의 옛터에 지은 재실로 1978년에 중건하였다. 옥산전씨 대구 입향조는 조선 태종 때에 경상도 관찰사와 예조판서를 역임한 파계(巴溪) 전백영(全伯英 1497~1536)으로 시호는 문평(文平)이다. 전경창은 문평공의 5대손이며 퇴계 이황(退溪 李滉) 선생의 문인(門人)으로 대구지역에 퇴계학(退溪學)을 처음으로 전파한 대구 유학(儒學)의 개조(開祖)이다.

그는 24세 (명종 10, 1555) 에 진사시에 합격하였으며, 42세(선조 6, 1573) 에 문과에 급제하여 관직이 사헌부(司憲府) 지평(持平) 5품)에 이르렀으나 54세의 나이로 한양에서 타계하였다. 홍문관(弘文館) 응교(應敎 4품)에 추증되었으며, 문인으로 모당(慕堂) 손처눌(孫處訥), 태암(苔巖), 이주(李輈) 등이 있다. 대구 최초의 서원인 연경서원(硏經書院)에 배향되었으며, 저서로 <계동문집 (溪東文集)> 이 있다.",,0,1,0,미부착,제1유형,소속공무원촬영(업무상저작물),
321,수성문화관광,HOME > 문화예술 > 향토 문화유산,덕산서원,"이 서원은 조선조 초기 문신으로 대쪽 같은 절개를 지켰던 남은(南隱) 서섭(徐涉)을 추모하기 위해 세운 첨모재(瞻慕齋)를 1993년 서원으로 복설(復設)한 것이다.
서섭은 달성서씨 판서공파 파조(派祖)로 세종 때 대과에 급제한 후 단종 때 이조판서를 지낸 인물인데 세조의 왕위 찬탈로 관직을 사직하고 낙향하여 남애(南涯)라는 호를 남은(南隱)으로 고치고 세상을 떠날 때까지 은둔하였다. 그리하여 후손들도 그에 대해 알려진 바가 없어 잘 모르다가 80여년전 그가 살았던 낡은 집을 헐다가 천장 속에서 발견된 함에서 그의 행장과 유고를 발견하여 그의 충절이 널리 알려졌다. 이에 1926년 후손들이 묘소가 있는 황금동 근처에 첨모재를 세우고 1954년 중수 할 때 신도비를 세웠다.

서원의 정당은 4칸으로 강당은 충정당(忠正堂)이다. 동재는 3칸으로 구인재(求仁齋)이고 서재 또한 3칸으로 존성재(存誠齋)이다. 사당은 경의사(景義祠)로 강당의 뒤편에 자리하고 있다. 강당의 서쪽 벽 위에 이수락(李壽洛)의 덕산서원기(德山書院記)가 편액되어 있고 기둥에는 주련이 걸려 있다. 대문인 외삼문은 숭절문(崇節門)이고 내삼문은 유현문(維賢門)이다. 정당의 동편에 남은 서선생신도비(南隱 徐先生神道碑)와 비각(碑閣)이 있고 강당의 남쪽에 덕산서원 사적비가 있다.",,0,1,0,미부착,제1유형,소속공무원촬영(업무상저작물),
322,수성문화관광,HOME > 문화예술 > 향토 문화유산,성산재,"성산재는 임진왜란 당시의 병장이었던 인천인 채선수(蔡先修)를 위한 우모소(寓慕所)1)이며 서산서원(西山書院)에 배향되었다. 채선수의 자는 경중, 호는 달서재이며 임진왜란 때 최동보, 곽재겸 등과 팔공산에서 창의하여 창녕의 화왕산성을 지키고 난이 평정된 후 자택인 달서재로 돌아와 손처눌, 최동보 등과 경학연구에 전념하였다. 채선수는 인조 2년 이괄의 난에도 창의하여 국난을 평정한 인물로 칭송되었다. 건물은 1938년에 건립되었으며 정면 4칸 측면 1칸의 홑처마 팔작지붕 남동향으로 일자형인데 2통칸 대청을 중심으로 좌우측 온돌방 1칸씩 구성되어 있다.",,0,1,0,미부착,제1유형,소속공무원촬영(업무상저작물),
323,수성문화관광,HOME > 문화예술 > 향토 문화유산,학산재,"고려 고종 때 정승을 지낸 중화양씨(中和楊氏)의 시조인 양포(楊浦)의 후손 지촌(池村) 양달화가 학산재를 설립하여 후손들에게 교육을 시키는 곳이다. 양달화는 1500년(연산군16년)때 오늘날 검찰총장에 해당하는 대사헌을 지낸 대봉 양희지의 후손으로 문행(文行)으로 향리에게 명망이 높았다.

이 서당은 최초에는 1700년(숙종29년)에 양달화가 초가로 지었다가 그 후 1890년 후손들이 재실을 중건하여 선조를 경모하고 후진을 계도하는 중화 양씨의 종재(宗齋)로 수호하고 있다. 재호(齋號)는 무학산이라는 뒷산 이름에서 따온 것이며 현재의 건물은 1997년 초에 중수하였다.
정문 현판은 당대의 문신 대서예가 김성근(고종 28년 1891)이 썼으며, 본단 왼편에 제광정(霽光亭)현판은 양달화 후손 양재호가 썼고 그 오른편 학산재는 정학교가 썼다.",,0,1,0,미부착,제1유형,소속공무원촬영(업무상저작물),
324,수성문화관광,HOME > 문화예술 > 향토 문화유산,효자각,"이 효자각은 조선조 후기 효자였던 중화인 학산공 양해일(中和人 鶴山公 楊海日)(1797~1873), 우산공 양헌방(又山公 楊憲邦)(1826~1878) 양 부자 (兩 父子)의 효행을 기리기 위하여 나라에서 정려를 내린 것이다.
효자각에는 원래 비석이 없었으나, 1993년 후손들에 의해 세워졌다.",,0,1,0,미부착,제1유형,소속공무원촬영(업무상저작물),
325,수성문화관광,HOME > 문화예술 > 향토 문화유산,봉산서원,"조선 영조 11년(1735년)에 후손들이 손린(孫遴) 선생의 사당을 지음으로써 시작되어 조선 순조 3년(1803년)에 봉산서원이라고 부르게 되었다. 그러나 1864년 서원 훼철령으로 서원은 없어지고 1967년에 다시 강당을 지어 경모재(敬慕齋)라고 하였다. 그리고 1996년에 후손들의 노력으로 강당인 지행당(砥行堂), 동재 자리에 사당인 봉암사(鳳岩祠)와 서재인 송독재(誦讀齋)를 세우고 손린 선생을 기리는 유허비도 세웠다.

2009년에는 지행당이 낡아서 크게 수리였으며 건물의 배치와 크기를 보면 지행문이라고 쓴 외삼문인 솟을대문을 들어서면 오른편에 문탄 손선생유허비가 서 있고 맞은편에 강당이 있다. 이 강당에는 봉산서원과 지행당이라는 두 개의 현판이 붙어 있다.",,0,1,0,미부착,제1유형,소속공무원촬영(업무상저작물),
326,수성문화관광,HOME > 문화예술 > 향토 문화유산,욱수천 공룡발자국 화석산지,"욱수천 공룡발자국 화석산지에는 중생대 백악기 공룡발자국이 모두 14개(추정)정도 보존되어있다.

두 마리의 초식공룡(용각류)들이 남긴 발자국을 두 개의 층준에서 관찰할 수 있다. 하부층준(하천)에 있는 보행렬에서는 앞발과 뒷발이 모두 남겨져 있으며, 왼발과 오른발 사이의 간격이 비교적 좁은 점이 특징이다. 중간 크기 정도의 용각류 공룡에 해당하며, 뒷발의 길이는 약 25cm 그리고 폭은 19cm 정도이다. 상부층준(보도)에서는 보행렬이 확인되지는 않으나 4개(추정) 정도의 공룡발자국을 확인 할 수 있다.",,0,1,0,미부착,제1유형,소속공무원촬영(업무상저작물),
327,수성문화관광,HOME > 문화예술 > 향토 문화유산,파동바위그늘유적,"수성구의 남쪽 경계지점인 장암사로 가는 길 입구 좌측에 위치하고 있는 이 유적은 신천의 상류지역으로 유적의 서쪽으로 산성산이 위치하고 동쪽으로는 법이산이 자리하여 좁고 긴 협곡을 형성하고 있는 곳이다. 유적의 위치는 신천 상류의 서안이고 산성산에서 북쪽으로 뻗어 내린 지형의 동쪽 사면의 말단부에 해당하며 신천을 건너면 파동의 주거지역이 된다. 일반적으로 암음유적은 강이 내려다보이는 강가에 위치하는데 파동유적도 입지조건이 유사하다.

2000년 12월에 국립대구박물관에서 학술발굴조사 차원으로 실시하였는데 암음의 크기는 가로 8.5m, 높이 5m정도이다. 전체적인 구조는 입구가 좁고 안으로 들어갈수록 넓어지는 평면사다리꼴 모양이다.
암음의 주체부에 해당하는 암석의 앞면은 비교적 편평하며 측면에서 보면 위쪽이 아래쪽보다 약 2m정도 돌출 되었고, 30도 가량 기울어져 있어 나무를 이용하면 충분히 비바람을 피할 수 있는 지붕역할을 할 수 있었다.

파동 암음유적은 신천변에서 약 30m 떨어져 위치하고 신천쪽으로는 완만한 경사면을 이루고 있으나 암음의 뒤쪽으로는 경사가 급한 산사면으로 되어있다. 또 암음의 앞쪽에는 어느 시기에 암음에서 떨어져 나온 것으로 추정되는 지름 5m정도의 낙반암이 위치하고 있다. 파동 암음유적에서 수습된 유물은 신석기시대의 갈돌, 긁개와 청동시기시대의 무문토기편, 박편 등과 삼국시대의 토기편, 고려, 조선시대의 자기편 등 16점이 확인되었다.",,0,1,0,미부착,제1유형,소속공무원촬영(업무상저작물),
328,수성문화관광,HOME > 문화예술 > 향토 문화유산,단군성전,"두산동에 위치한 국조 단군성전은 1945년 대구 달성공원 내에 있던 일본신사를 철거한 후 국조전으로 명명하고 국조단군영정을 모시다가 1963년 달성공원 복원공사 시 국조전 건물을 철거하고 1966년에 대구시에서 현 위치인 두산동 산13-7번지에 신축이전 하였다.

1981년에 단군 숭봉 단체인 현정회(顯正會)의 표준영정에 의거해 단군 청동좌상을 안치하였고 1991년부터 수성구에서 관리하고 있다.",,0,1,0,미부착,제1유형,소속공무원촬영(업무상저작물),
329,수성문화관광,HOME > 문화예술 > 향토 문화유산,상동 청동기 마을,"상동 청동기 마을의 유적은 청동기시대부터 조선시대까지 사람들의 주 생활무대로 이용된 곳으로 현재는 정화우방팔레스가 자리하고 있다. (재)경상북도문화재연구원에서는 2000년과 2001년 두 차례에 걸쳐서 청동기시대 주거지 20기, 지석묘 6기, 삼국~통일신라시대 주거지 15기, 조선시대 온돌시설 및 주거지 11기, 건물지, 우물, 담장지, 도로 등을 조사하였으며, 조사결과 무문토기, 석촉, 반달돌칼에서부터 고배, 시루, 청자, 백자, 기와 등 실생활에 사용된 유물 600여 점이 출토되었다.

청동기 시대 주거지는 평면 방형 또는 원형의 구덩이를 파고 지붕을 얹은 움집의 형태이고 삼국~통일신라시대 주거지 역시 움집의 형태이나 내부에 외줄고래시설을 설치하여 난방기능을 강화하였다. 이들 주거지들이 아파트 102동 하부에 주로 밀집분포하고 있었던 것에 비해 조선시대 유구들은 101동과 102동 사이에 산발적으로 분포하고 있었으며 파괴가 상당히 심한 상태였다. 지석묘는 단지 내 공원부지 하부에 집중 분포되어 있었고 상석은 1기만 남아 있었고 나머지는 하부구조만 유존하고 있었다.

현재 아파트 단지 내 공원부지에 청동기시대 주거지 1동과 지석묘 하부구조인 석곽(관)묘 3기를 이전·복원하여 관람하도록 하였다.",,0,1,0,미부착,제1유형,소속공무원촬영(업무상저작물),
330,수성문화관광,HOME > 문화예술 > 향토 문화유산,대구 욱수동 유적,"대구 욱수동 유적은 시지삼정그린코아포레스트아파트(수성구 욱수동 25-2번지) 개발로 인하여 문화재가 발굴되었다.

대구 욱수동 유적에서는 4세기에서 6세기에 이르는 덧널무덤, 돌덧널무덤, 독무덤 등 다양한 무덤들이 발굴되었다. 이 무덤들에서는 무기류, 마구류, 토기류 등의 유물이 출토되었다.

대구 욱수동 유적의 무덤들은 인근에 있는 삼국시대 가마터에서 토기를 생산하던 사람들의 무덤일 것으로 추정된다.

2019년 문화재청 보존조치로 이전복원된 33호~40호 무덤은 서로 잇대어 가며 만들어졌다. 돌덧널무덤의 속에는 덧널이나 널이 놓였던 것으로 보이는데, 이는 33호 돌덧널무덤 내부 벽을 따라 확인되는 암갈색 점질토와 꺽쇠를 통해 알 수 있다.

이 무덤들에서는 5세기 후반~6세기 초반으로 추정되는 굽다리접시, 짧은 목 항아리, 손잡이가 있는 항아리 등의 토기류와 철부, 철촉, 철도자, 귀고리 등의 금속류 유물이 출토되었다.",,0,3,0,미부착,제1유형,소속공무원촬영(업무상저작물),
331,수성문화관광,HOME > 문화예술 > 문화유산 아카이브,대구의 관문 영남제일관,,,0,0,1,미부착,개방불가,용역보고서,
332,수성문화관광,HOME > 문화예술 > 문화유산 아카이브,모명재 이야기가 함께하는 시간여행,,,0,0,1,미부착,개방불가,용역보고서,
333,수성문화관광,HOME > 문화예술 > 문화유산 아카이브,大邱 旭水山成·法伊山烽燧 學術調査 報告書,,,0,0,1,미부착,개방불가,용역보고서,
334,수성문화관광,HOME > 문화예술 > 문화유산 아카이브,수성구 문화유적 둘레길,,,0,0,1,미부착,개방불가,용역보고서,
335,수성문화관광,HOME > 문화예술 > 문화유산 아카이브,고산토성지역 명소화 방안,,,0,0,1,미부착,개방불가,용역보고서,
336,수성문화관광,HOME > 문화예술 > 문화유산 아카이브,수성사직제의례,,,0,0,1,미부착,개방불가,용역보고서,
337,수성문화관광,HOME > 문화예술 > 문화유산 아카이브,대구 壽城의 금석문,,,0,0,1,미부착,개방불가,용역보고서,
338,수성문화관광,HOME > 문화예술 > 문화유산 아카이브,수성구 서원(당)·재실 기초조사 보고서,,,0,0,1,미부착,개방불가,용역보고서,
339,수성문화관광,HOME > 문화예술 > 문화유산 아카이브,대구수성지역 무형문화재의 원형보존연구,,,0,0,1,미부착,제1유형,과업이행요청서 있음.,
340,수성문화관광,HOME > 문화예술 > 문화유산 아카이브,수성구 문화유산 총람 및 문화유적 분포지도,,,0,0,1,미부착,개방불가,용역보고서,
341,수성문화관광,HOME > 문화예술 > 문화유산 아카이브,대구의 뿌리 壽城,,,0,0,1,미부착,개방불가,용역보고서,
342,수성문화관광,HOME > 문화예술 > 문화유산 아카이브,대구광역시 수성구의 무형문화유산,,,0,0,1,미부착,개방불가,용역보고서,
343,수성문화관광,HOME > 문화예술 > 문화유산 아카이브,대구 수성구 중생대 화석산지 연구용역,,,0,0,1,미부착,개방불가,용역보고서,
344,수성문화관광,HOME > 문화예술 > 문화유산 아카이브,문화재 안내판 종합정비 추진계획 용역 결과보고서,,,0,0,1,미부착,제3유형,과업이행요청서 있음.,
345,수성문화관광,HOME > 문화예술 > 행사/축제,수성못 페스티벌,"수성못에서 호수와 물을 주제로 펼쳐지는 신명나는 축제! 도심 속 삶의 쉼터 수성못에서 보고 먹고 즐기는 축제 한마당! 다양한 문화예술 공연, 전시, 체험을 즐길 수 있는 풍성한 축제의 장!",,0,13,0,미부착,제1유형,소속공무원촬영(업무상저작물),
346,수성문화관광,HOME > 문화예술 > 행사/축제,수성빛예술제,빛으로 예술을 디자인하고 빛으로 공동체를 이야기하는 수성빛예술제.,,0,9,0,미부착,제1유형,소속공무원촬영(업무상저작물),
347,수성문화관광,HOME > 문화예술 > 행사/축제,천을산 해맞이,"대망의 새해 첫날, 천을산에서 구민이 다함께 즐길 수 있는 새해맞이 일출행사로 구민의 화합과 안녕을 기원하고자 함.",,0,4,0,미부착,제1유형,소속공무원촬영(업무상저작물),
348,수성문화관광,HOME > 문화예술 > 행사/축제,수성 건강 축제,"건강에 대한 다양한 정보와 체험기회를 제공하는 축제로 지역주민 누구나 참여가능하며, 건강홍보행사 및 테마별 건강체험관 등 다양한 프로그램이 운영된다.",,0,4,0,미부착,제1유형,소속공무원촬영(업무상저작물),
349,수성문화관광,HOME > 문화예술 > 행사/축제,도심속 작은 음악회,"도심속 작은 음악회 개최일시, 장소는 홈페이지, 블로그, SNS를 통하여 사전에 구민여러분께 알려드립니다.",,0,2,0,미부착,제1유형,소속공무원촬영(업무상저작물),
350,수성문화관광,HOME > 문화예술 > 행사/축제,평생학습주간축제,"SUSEONG의 첫 글자를 따서 S(Study) 배움의 날, U(Union) 통합의 날, S(Sharing) 나눔의 날, E(Enjoy) 즐김의 날, O(Open) 개방의 날, N(Newness) 새로움의 날, G(Growth) 성장의 날로 나누어 평생교육기관, 학습동아리, 평생교육강사, 학습자 모두가 평생학습의 의미를 생각하고 평생교육의 경험과 정보를 나누는 수성구 교육축제",,0,19,0,미부착,제1유형,소속공무원촬영(업무상저작물),
351,수성문화관광,HOME > 문화예술 > 행사/축제,수성구청년축제,9월 3째주 청년주간을 맞이하여 청년이 주체가 되는 행사 기획 및 청년의 의견을 반영한 축제 프로그램 운영을 통해 다양한 청년이 참여하고 화합할 수 있는 청년축제 개최,,0,5,0,미부착,제1유형,소속공무원촬영(업무상저작물),
