한국영상자료원 권리처리 목록,,,,,,,,,,,,
순번,사이트명,카테고리 진입과정,파일명,형태,년도,영상,사진,문서,기존 공공누리 유형,최종 공공누리 유형,계약서 유무,비고
1,한국영상자료원,HOME > 한국영화박물관 > 영화관 옆 박물관 > 기증된 영화유산,이렇게 된 이상 청와대로 간다,기증,2022,0,1,0,미부착,개방불가,없음,
2,한국영상자료원,HOME > 한국영화박물관 > 영화관 옆 박물관 > 기증된 영화유산,범죄도시2,기증,2022,0,1,0,미부착,개방불가,없음,
3,한국영상자료원,HOME > 한국영화박물관 > 영화관 옆 박물관 > 기증된 영화유산,헌트,기증,2022,0,1,0,미부착,개방불가,없음,
4,한국영상자료원,HOME > 한국영화박물관 > 영화관 옆 박물관 > 기증된 영화유산,한산:용의 출현,기증,2022,0,1,0,미부착,개방불가,없음,
5,한국영상자료원,HOME > 한국영화박물관 > 영화관 옆 박물관 > 기증된 영화유산,오징어 게임,기증,2022,0,1,0,미부착,개방불가,없음,
6,한국영상자료원,HOME > 한국영화박물관 > 영화관 옆 박물관 > 기증된 영화유산,일장춘몽,기증,2022,0,1,0,미부착,개방불가,없음,
7,한국영상자료원,HOME > 한국영화박물관 > 영화관 옆 박물관 > 기증된 영화유산,외계+인 1부,기증,2022,0,1,0,미부착,개방불가,없음,
8,한국영상자료원,HOME > 한국영화박물관 > 영화관 옆 박물관 > 기증된 영화유산,브로커,기증,2022,0,1,0,미부착,개방불가,없음,
9,한국영상자료원,HOME > 한국영화박물관 > 영화관 옆 박물관 > 기증된 영화유산,비상선언,기증,2022,0,1,0,미부착,개방불가,없음,
10,한국영상자료원,HOME > 한국영화박물관 > 영화관 옆 박물관 > 기증된 영화유산,약한영웅 class 1,기증,2022,0,1,0,미부착,개방불가,없음,
11,한국영상자료원,HOME > 한국영화박물관 > 영화관 옆 박물관 > 기증된 영화유산,남산의 부장들,기증,2021,0,1,0,미부착,개방불가,없음,
12,한국영상자료원,HOME > 한국영화박물관 > 영화관 옆 박물관 > 기증된 영화유산,자산어보,기증,2021,0,1,0,미부착,개방불가,없음,
13,한국영상자료원,HOME > 한국영화박물관 > 영화관 옆 박물관 > 기증된 영화유산,최선의 삶,기증,2021,0,1,0,미부착,개방불가,없음,
14,한국영상자료원,HOME > 한국영화박물관 > 영화관 옆 박물관 > 기증된 영화유산,야구소녀,기증,2020,0,1,0,미부착,개방불가,없음,
15,한국영상자료원,HOME > 한국영화박물관 > 영화관 옆 박물관 > 기증된 영화유산,정직한 후보,기증,2020,0,1,0,미부착,개방불가,없음,
16,한국영상자료원,HOME > 한국영화박물관 > 영화관 옆 박물관 > 기증된 영화유산,지푸라기라도 잡고 싶은 짐승들,기증,2020,0,1,0,미부착,개방불가,없음,
17,한국영상자료원,HOME > 한국영화박물관 > 영화관 옆 박물관 > 기증된 영화유산,삼진그룹 영어토익반,기증,2020,0,1,0,미부착,개방불가,없음,
18,한국영상자료원,HOME > 한국영화박물관 > 영화관 옆 박물관 > 기증된 영화유산,극한직업,기증,2019,0,1,0,미부착,개방불가,없음,
19,한국영상자료원,HOME > 한국영화박물관 > 영화관 옆 박물관 > 기증된 영화유산,기생충,기증,2019,0,1,0,미부착,개방불가,없음,
20,한국영상자료원,HOME > 한국영화박물관 > 영화관 옆 박물관 > 기증된 영화유산,독전,기증,2019,0,1,0,미부착,개방불가,없음,
21,한국영상자료원,HOME > 한국영화박물관 > 영화관 옆 박물관 > 기증된 영화유산,신과 함께,기증,2019,0,1,0,미부착,개방불가,없음,
22,한국영상자료원,HOME > 한국영화박물관 > 영화관 옆 박물관 > 기증된 영화유산,마약왕,기증,2019,0,1,0,미부착,개방불가,없음,
23,한국영상자료원,HOME > 한국영화박물관 > 영화관 옆 박물관 > 기증된 영화유산,봉오동 전투,기증,2019,0,1,0,미부착,개방불가,없음,
24,한국영상자료원,HOME > 한국영화박물관 > 영화관 옆 박물관 > 기증된 영화유산,엑시트,기증,2019,0,1,0,미부착,개방불가,없음,
25,한국영상자료원,HOME > 한국영화박물관 > 영화관 옆 박물관 > 기증된 영화유산,벌새,기증,2019,0,1,0,미부착,개방불가,없음,
26,한국영상자료원,HOME > 한국영화박물관 > 영화관 옆 박물관 > 기증된 영화유산,장사리,기증,2019,0,1,0,미부착,개방불가,없음,
27,한국영상자료원,HOME > 한국영화박물관 > 영화관 옆 박물관 > 기증된 영화유산,증인,기증,2019,0,1,0,미부착,개방불가,없음,
28,한국영상자료원,HOME > 한국영화박물관 > 영화관 옆 박물관 > 기증된 영화유산,공작,기증,2018,0,1,0,미부착,개방불가,없음,
29,한국영상자료원,HOME > 한국영화박물관 > 영화관 옆 박물관 > 기증된 영화유산,인랑,기증,2018,0,1,0,미부착,개방불가,없음,
30,한국영상자료원,HOME > 한국영화박물관 > 영화관 옆 박물관 > 기증된 영화유산,버닝,기증,2018,0,1,0,미부착,개방불가,없음,
31,한국영상자료원,HOME > 한국영화박물관 > 영화관 옆 박물관 > 기증된 영화유산,챔피언,기증,2018,0,1,0,미부착,개방불가,없음,
32,한국영상자료원,HOME > 한국영화박물관 > 영화관 옆 박물관 > 기증된 영화유산,소공녀,대여,2018,0,1,0,미부착,개방불가,없음,
33,한국영상자료원,HOME > 한국영화박물관 > 영화관 옆 박물관 > 기증된 영화유산,리틀 포레스트,기증/대여,2018,0,1,0,미부착,개방불가,없음,
34,한국영상자료원,HOME > 한국영화박물관 > 영화관 옆 박물관 > 기증된 영화유산,강철비,기증,2018,0,1,0,미부착,개방불가,없음,
35,한국영상자료원,HOME > 한국영화박물관 > 영화관 옆 박물관 > 기증된 영화유산,남한산성,대여,2018,0,1,0,미부착,개방불가,없음,
36,한국영상자료원,HOME > 한국영화박물관 > 영화관 옆 박물관 > 기증된 영화유산,범죄도시,기증,2018,0,1,0,미부착,개방불가,없음,
37,한국영상자료원,HOME > 한국영화박물관 > 영화관 옆 박물관 > 기증된 영화유산,옥자,기증,2018,0,1,0,미부착,개방불가,없음,
38,한국영상자료원,HOME > 한국영화박물관 > 영화관 옆 박물관 > 기증된 영화유산,군함도,기증,2017,0,1,0,미부착,개방불가,없음,
39,한국영상자료원,HOME > 한국영화박물관 > 영화관 옆 박물관 > 기증된 영화유산,악녀,기증,2017,0,1,0,미부착,개방불가,없음,
40,한국영상자료원,HOME > 한국영화박물관 > 영화관 옆 박물관 > 기증된 영화유산,박열,기증,2017,0,1,0,미부착,개방불가,없음,
41,한국영상자료원,HOME > 한국영화박물관 > 영화관 옆 박물관 > 기증된 영화유산,택시운전사,기증,2017,0,1,0,미부착,개방불가,없음,
42,한국영상자료원,HOME > 한국영화박물관 > 영화관 옆 박물관 > 기증된 영화유산,청년경찰,기증,2017,0,1,0,미부착,개방불가,없음,
43,한국영상자료원,HOME > 한국영화박물관 > 영화관 옆 박물관 > 기증된 영화유산,보안관,기증,2017,0,1,0,미부착,개방불가,없음,
44,한국영상자료원,HOME > 한국영화박물관 > 영화관 옆 박물관 > 기증된 영화유산,꿈의 제인,기증,2017,0,1,0,미부착,개방불가,없음,
45,한국영상자료원,HOME > 한국영화박물관 > 영화관 옆 박물관 > 기증된 영화유산,성실한 나라의 앨리스,기증,2016,0,1,0,미부착,개방불가,없음,
46,한국영상자료원,HOME > 한국영화박물관 > 영화관 옆 박물관 > 기증된 영화유산,오빠 생각,기증,2016,0,1,0,미부착,개방불가,없음,
47,한국영상자료원,HOME > 한국영화박물관 > 영화관 옆 박물관 > 기증된 영화유산,소셜포비아,기증,2016,0,1,0,미부착,개방불가,없음,
48,한국영상자료원,HOME > 한국영화박물관 > 영화관 옆 박물관 > 기증된 영화유산,날 보러와요,기증,2016,0,1,0,미부착,개방불가,없음,
49,한국영상자료원,HOME > 한국영화박물관 > 영화관 옆 박물관 > 기증된 영화유산,"사이비, 돼지의 왕",기증,2016,0,1,0,미부착,개방불가,없음,
50,한국영상자료원,HOME > 한국영화박물관 > 영화관 옆 박물관 > 기증된 영화유산,탐정 홍길동,기증,2016,0,1,0,미부착,개방불가,없음,
51,한국영상자료원,HOME > 한국영화박물관 > 영화관 옆 박물관 > 기증된 영화유산,귀향,기증,2016,0,1,0,미부착,개방불가,없음,
52,한국영상자료원,HOME > 한국영화박물관 > 영화관 옆 박물관 > 기증된 영화유산,무뢰한,기증/대여,2015,0,1,0,미부착,개방불가,없음,
53,한국영상자료원,HOME > 한국영화박물관 > 영화관 옆 박물관 > 기증된 영화유산,마돈나,기증,2015,0,1,0,미부착,개방불가,없음,
54,한국영상자료원,HOME > 한국영화박물관 > 영화관 옆 박물관 > 기증된 영화유산,김태형 콘티뉴이티 작가,기증/대여,2015,0,1,0,미부착,개방불가,없음,
55,한국영상자료원,HOME > 한국영화박물관 > 영화관 옆 박물관 > 기증된 영화유산,명량,대여,2015,0,1,0,미부착,개방불가,없음,
56,한국영상자료원,HOME > 한국영화박물관 > 영화관 옆 박물관 > 기증된 영화유산,기술자들,기증,2015,0,1,0,미부착,개방불가,없음,
57,한국영상자료원,HOME > 한국영화박물관 > 영화관 옆 박물관 > 기증된 영화유산,한공주,대여,2015,0,1,0,미부착,개방불가,없음,
58,한국영상자료원,HOME > 한국영화박물관 > 영화관 옆 박물관 > 기증된 영화유산,사도,기증,2015,0,1,0,미부착,개방불가,없음,
59,한국영상자료원,HOME > 한국영화박물관 > 영화관 옆 박물관 > 기증된 영화유산,똥파리,기증,2015,0,1,0,미부착,개방불가,없음,
60,한국영상자료원,HOME > 한국영화박물관 > 영화관 옆 박물관 > 기증된 영화유산,김유선 의상감독,기증,2015,0,1,0,미부착,개방불가,없음,
61,한국영상자료원,HOME > 한국영화박물관 > 영화관 옆 박물관 > 기증된 영화유산,군도,기증,2014,0,1,0,미부착,개방불가,없음,
62,한국영상자료원,HOME > 한국영화박물관 > 영화관 옆 박물관 > 기증된 영화유산,카트,기증,2014,0,1,0,미부착,개방불가,없음,
63,한국영상자료원,HOME > 한국영화박물관 > 영화관 옆 박물관 > 기증된 영화유산,집으로 가는 길,기증,2014,0,1,0,미부착,개방불가,없음,
64,한국영상자료원,HOME > 한국영화박물관 > 영화관 옆 박물관 > 기증된 영화유산,야간 비행,기증,2014,0,1,0,미부착,개방불가,없음,
65,한국영상자료원,HOME > 한국영화박물관 > 영화관 옆 박물관 > 기증된 영화유산,하늘의 황금 마차,기증,2014,0,1,0,미부착,개방불가,없음,
66,한국영상자료원,HOME > 한국영화박물관 > 영화관 옆 박물관 > 기증된 영화유산,설국열차,대여,2014,0,1,0,미부착,개방불가,없음,
67,한국영상자료원,HOME > 한국영화박물관 > 영화관 옆 박물관 > 기증품 전시,범죄도시2,기증,2022,0,1,0,미부착,개방불가,없음,
68,한국영상자료원,HOME > 한국영화박물관 > 영화관 옆 박물관 > 기증품 전시,오마주,기증/대여,2022,0,1,0,미부착,개방불가,없음,
69,한국영상자료원,HOME > 한국영화박물관 > 영화관 옆 박물관 > 기증품 전시,브로커,기증,2022,0,1,0,미부착,개방불가,없음,
70,한국영상자료원,HOME > 한국영화박물관 > 영화관 옆 박물관 > 기증품 전시,남산의 부장들,기증,2021,0,1,0,미부착,개방불가,없음,
71,한국영상자료원,HOME > 한국영화박물관 > 영화관 옆 박물관 > 기증품 전시,자산어보,기증,2021,0,1,0,미부착,개방불가,없음,
72,한국영상자료원,HOME > 한국영화박물관 > 영화관 옆 박물관 > 기증품 전시,정직한 후보,기증,2021,0,1,0,미부착,개방불가,없음,
73,한국영상자료원,HOME > 한국영화박물관 > 영화관 옆 박물관 > 기증품 전시,벌새,기증,2020,0,1,0,미부착,개방불가,없음,
74,한국영상자료원,HOME > 한국영화박물관 > 영화관 옆 박물관 > 기증품 전시,야구소녀,기증,2020,0,1,0,미부착,개방불가,없음,
75,한국영상자료원,HOME > 한국영화박물관 > 영화관 옆 박물관 > 기증품 전시,기생충,기증,2020,0,1,0,미부착,개방불가,없음,
76,한국영상자료원,HOME > 한국영화박물관 > 영화관 옆 박물관 > 기증품 전시,극한직업,기증,2019,0,1,0,미부착,개방불가,없음,
77,한국영상자료원,HOME > 한국영화박물관 > 영화관 옆 박물관 > 기증품 전시,독전,기증,2019,0,1,0,미부착,개방불가,없음,
78,한국영상자료원,HOME > 한국영화박물관 > 영화관 옆 박물관 > 기증품 전시,"신과 함께：죄와 벌, 신과 함께：인과 연",기증,2019,0,1,0,미부착,개방불가,없음,
79,한국영상자료원,HOME > 한국영화박물관 > 영화관 옆 박물관 > 기증품 전시,버닝,기증,2018,0,1,0,미부착,개방불가,없음,
80,한국영상자료원,HOME > 한국영화박물관 > 영화관 옆 박물관 > 기증품 전시,인랑,기증,2018,0,1,0,미부착,개방불가,없음,
81,한국영상자료원,HOME > 한국영화박물관 > 영화관 옆 박물관 > 기증품 전시,리틀 포레스트,기증,2018,0,1,0,미부착,개방불가,없음,
82,한국영상자료원,HOME > 한국영화박물관 > 영화관 옆 박물관 > 기증품 전시,범죄도시,기증,2018,0,1,0,미부착,개방불가,없음,
83,한국영상자료원,HOME > 한국영화박물관 > 영화관 옆 박물관 > 기증품 전시,불한당：나쁜 놈들의 세상,기증,2018,0,1,0,미부착,개방불가,없음,
84,한국영상자료원,HOME > 한국영화박물관 > 영화관 옆 박물관 > 기증품 전시,공작,기증,2018,0,1,0,미부착,개방불가,없음,
85,한국영상자료원,HOME > 한국영화박물관 > 영화관 옆 박물관 > 기증품 전시,인어공주,기증,2018,0,1,0,미부착,개방불가,없음,
86,한국영상자료원,HOME > 한국영화박물관 > 영화관 옆 박물관 > 기증품 전시,택시운전사,기증,2017,0,1,0,미부착,개방불가,없음,
87,한국영상자료원,HOME > 한국영화박물관 > 영화관 옆 박물관 > 기증품 전시,명량,대여,2015,0,1,0,미부착,개방불가,없음,
88,한국영상자료원,HOME > 한국영화박물관 > 영화관 옆 박물관 > 기증품 전시,군도：민란의 시대,기증,2014,0,1,0,미부착,개방불가,없음,
89,한국영상자료원,HOME > 한국영화박물관 > 영화관 옆 박물관 > 기증품 전시,아저씨,기증,2012,0,1,0,미부착,개방불가,없음,
90,한국영상자료원,HOME > 한국영화박물관 > 영화관 옆 박물관 > 기증품 전시,달콤한 인생,기증,2012,0,1,0,미부착,개방불가,없음,
91,한국영상자료원,HOME > 고객서비스 > 기증 > 기증자료관,<달려라 장미> 본편 35mm 프린트 필름,기증,2021-01-04 00:00:00,0,1,0,미부착,개방불가,없음,
92,한국영상자료원,HOME > 고객서비스 > 기증 > 기증자료관,<지구를 지켜라!> 등 국내개봉 영화 전단,기증,2021-01-04 00:00:00,0,1,0,미부착,개방불가,없음,
93,한국영상자료원,HOME > 고객서비스 > 기증 > 기증자료관,<동백아가씨> 김기 감독 사용 대본,기증,2021-01-22 00:00:00,0,1,0,미부착,개방불가,없음,
94,한국영상자료원,HOME > 고객서비스 > 기증 > 기증자료관,도서 『케이사운드 라이브러리 사운드 마스터 기록집 새김』,기증,2021-01-22 00:00:00,0,1,0,미부착,개방불가,없음,
95,한국영상자료원,HOME > 고객서비스 > 기증 > 기증자료관,"<만추>(이만희, 1966) 시나리오와 녹음대본",기증,2021-01-26 00:00:00,0,1,0,미부착,개방불가,없음,
96,한국영상자료원,HOME > 고객서비스 > 기증 > 기증자료관,<시> 오디션 DV 테이프,기증,2021-01-26 00:00:00,0,1,0,미부착,개방불가,없음,
97,한국영상자료원,HOME > 고객서비스 > 기증 > 기증자료관,<양귀례 할머니> 영화 필름 본편 16mm 오리지널 네가 필름,기증,2021-01-27 00:00:00,0,1,0,미부착,개방불가,없음,
98,한국영상자료원,HOME > 고객서비스 > 기증 > 기증자료관,<남산의 부장들> 김규평(이병현) 의상 정장세트,기증,2021-01-27 00:00:00,0,1,0,미부착,개방불가,없음,
99,한국영상자료원,HOME > 고객서비스 > 기증 > 기증자료관,<남산의 부장들> 뉴욕데일리 신문 소품,기증,2021-01-31 00:00:00,0,1,0,미부착,개방불가,없음,
100,한국영상자료원,HOME > 고객서비스 > 기증 > 기증자료관,<무뢰한> 혜경(전도연) 의상,기증,2021-02-01 00:00:00,0,1,0,미부착,개방불가,없음,
101,한국영상자료원,HOME > 고객서비스 > 기증 > 기증자료관,<한공주> 한공주(천우희) 캐리어,기증,2021-02-05 00:00:00,0,1,0,미부착,개방불가,없음,
102,한국영상자료원,HOME > 고객서비스 > 기증 > 기증자료관,TBC 라디오 <유쾌한 샐러리맨> 녹음 현장 사진,기증,2021-02-10 00:00:00,0,1,0,미부착,개방불가,없음,
103,한국영상자료원,HOME > 고객서비스 > 기증 > 기증자료관,『제19회 부천국제판타스틱영화제 페스티벌 가이드』 팸플릿 등,기증,2021-02-15 00:00:00,0,1,0,미부착,개방불가,없음,
104,한국영상자료원,HOME > 고객서비스 > 기증 > 기증자료관,<올드보이> 본편 35mm 프린트 필름,기증,2021-02-22 00:00:00,0,1,0,미부착,개방불가,없음,
105,한국영상자료원,HOME > 고객서비스 > 기증 > 기증자료관,"<소공녀> 미소(이솜) 글렌피딕 병, 잔",기증,2021-02-23 00:00:00,0,1,0,미부착,개방불가,없음,
106,한국영상자료원,HOME > 고객서비스 > 기증 > 기증자료관,<장사리 : 잊혀진 영웅들> 민호(최성필) 의상 세트,기증,2021-02-23 00:00:00,0,1,0,미부착,개방불가,없음,
107,한국영상자료원,HOME > 고객서비스 > 기증 > 기증자료관,<벽> 본편 16mm 프린트 필름,기증,2021-03-02 00:00:00,0,1,0,미부착,개방불가,없음,
108,한국영상자료원,HOME > 고객서비스 > 기증 > 기증자료관,애니메이터 강광신 싸인,기증,2021-03-03 00:00:00,0,1,0,미부착,개방불가,없음,
109,한국영상자료원,HOME > 고객서비스 > 기증 > 기증자료관,"<거경전>(방한준, 1944) 상영 전단",기증,2021-03-08 00:00:00,0,1,0,미부착,제1유형,저작권 보호기간 만료,
110,한국영상자료원,HOME > 고객서비스 > 기증 > 기증자료관,"SFCC AWARD 2008 ""Crossing"" 트로피",기증,2021-03-11 00:00:00,0,1,0,미부착,개방불가,없음,
111,한국영상자료원,HOME > 고객서비스 > 기증 > 기증자료관,"<설국열차>(봉준호, 2013) 개봉 기념 굿즈",기증,2021-03-12 00:00:00,0,1,0,미부착,개방불가,없음,
112,한국영상자료원,HOME > 고객서비스 > 기증 > 기증자료관,<로보트 태권브이>(김청기) 시리즈 콘티,기증,2021-03-15 00:00:00,0,1,0,미부착,개방불가,없음,
113,한국영상자료원,HOME > 고객서비스 > 기증 > 기증자료관,BOLEX 18-5L SUPER 8mm 영사기,기증,2021-03-15 00:00:00,0,1,0,미부착,개방불가,없음,
114,한국영상자료원,HOME > 고객서비스 > 기증 > 기증자료관,일본 무성영화 <霧隱才藏>(미상) 16mm 복원 필름,기증,2021-03-22 00:00:00,0,1,0,미부착,개방불가,없음,
115,한국영상자료원,HOME > 고객서비스 > 기증 > 기증자료관,<칠수와 만수> 작업일지 등 제작실무자료,기증,2021-03-22 00:00:00,0,1,0,미부착,개방불가,없음,
116,한국영상자료원,HOME > 고객서비스 > 기증 > 기증자료관,<카트> 동준(김강우) 의상,기증,2021-03-24 00:00:00,0,1,0,미부착,개방불가,없음,
117,한국영상자료원,HOME > 고객서비스 > 기증 > 기증자료관,<연애놀이> 원화작화지,기증,2021-03-24 00:00:00,0,1,0,미부착,개방불가,없음,
118,한국영상자료원,HOME > 고객서비스 > 기증 > 기증자료관,"<""독립영화 관객을 만나다""> 팸플릿",기증,2021-04-08 00:00:00,0,1,0,미부착,개방불가,없음,
119,한국영상자료원,HOME > 고객서비스 > 기증 > 기증자료관,<아리랑> 주제가 유성기 음반,기증,2021-04-16 00:00:00,0,1,0,미부착,개방불가,없음,
120,한국영상자료원,HOME > 고객서비스 > 기증 > 기증자료관,<친구> 디지털시네마,기증,2021-04-22 00:00:00,0,1,0,미부착,개방불가,없음,
121,한국영상자료원,HOME > 고객서비스 > 기증 > 기증자료관,<낙원의 밤> 시나리오북,기증,2021-04-23 00:00:00,0,1,0,미부착,개방불가,없음,
122,한국영상자료원,HOME > 고객서비스 > 기증 > 기증자료관,"연극 <부활>(1969) 배우 최은희, 최수민 사진",기증,2021-05-03 00:00:00,0,1,0,미부착,개방불가,없음,
123,한국영상자료원,HOME > 고객서비스 > 기증 > 기증자료관,<패싸움> VHS,기증,2021-05-13 00:00:00,0,1,0,미부착,개방불가,없음,
124,한국영상자료원,HOME > 고객서비스 > 기증 > 기증자료관,"영화 <유관순>(윤봉춘, 1959) 육필 시나리오",기증,2021-05-21 00:00:00,0,1,0,미부착,개방불가,없음,
125,한국영상자료원,HOME > 고객서비스 > 기증 > 기증자료관,<슈퍼 태권브이> 포스터,기증,2021-05-24 00:00:00,0,1,0,미부착,개방불가,없음,
126,한국영상자료원,HOME > 고객서비스 > 기증 > 기증자료관,<돌아오지 않은 밀사> 신상옥 감독 사진,기증,2021-05-24 00:00:00,0,1,0,미부착,개방불가,없음,
127,한국영상자료원,HOME > 고객서비스 > 기증 > 기증자료관,<안나 카레니나> 외화 전단지,기증,2021-05-26 00:00:00,0,1,0,미부착,개방불가,없음,
128,한국영상자료원,HOME > 고객서비스 > 기증 > 기증자료관,<우리집> 등 국내개봉 영화전단,기증,2021-06-04 00:00:00,0,1,0,미부착,개방불가,없음,
129,한국영상자료원,HOME > 고객서비스 > 기증 > 기증자료관,영화진흥위원회 소장 영화관련 스틸 디지털 스캔 파일,기증,2021-06-07 00:00:00,0,1,0,미부착,개방불가,없음,
130,한국영상자료원,HOME > 고객서비스 > 기증 > 기증자료관,<인무가인> 포스터,기증,2021-06-09 00:00:00,0,1,0,미부착,개방불가,없음,
131,한국영상자료원,HOME > 고객서비스 > 기증 > 기증자료관,미국영화 <명금 The Broken Coin>(1915) 기념 주화,기증,2021-06-11 00:00:00,0,1,0,미부착,개방불가,없음,
132,한국영상자료원,HOME > 고객서비스 > 기증 > 기증자료관,<천막도시> 16mm 프린트 필름,기증,2021-06-11 00:00:00,0,1,0,미부착,개방불가,없음,
133,한국영상자료원,HOME > 고객서비스 > 기증 > 기증자료관,제11회 부산국제영화제 메인 카탈로그,기증,2021-06-14 00:00:00,0,1,0,미부착,개방불가,없음,
134,한국영상자료원,HOME > 고객서비스 > 기증 > 기증자료관,<자산어보> 정약전(설경구) 한복 의상 세트,기증,2021-06-18 00:00:00,0,1,0,미부착,개방불가,없음,
135,한국영상자료원,HOME > 고객서비스 > 기증 > 기증자료관,<전쟁과 인간> 디지털 시네마,기증,2021-06-29 00:00:00,0,1,0,미부착,개방불가,없음,
136,한국영상자료원,HOME > 고객서비스 > 기증 > 기증자료관,1980년대 프랑스문화원 발간잡지 ≪Gazette du CINAMA≫,기증,2021-07-02 00:00:00,0,1,0,미부착,개방불가,없음,
137,한국영상자료원,HOME > 고객서비스 > 기증 > 기증자료관,<형사> 디지털시네마,기증,2021-07-21 00:00:00,0,1,0,미부착,개방불가,없음,
138,한국영상자료원,HOME > 고객서비스 > 기증 > 기증자료관,<오발탄> 배리어프리버전 디지털시네마,기증,2021-07-23 00:00:00,0,1,0,미부착,제1유형,저작권 보호기간 만료,
139,한국영상자료원,HOME > 고객서비스 > 기증 > 기증자료관,<비천괴수> 디지털시네마,기증,2021-08-02 00:00:00,0,1,0,미부착,개방불가,없음,
140,한국영상자료원,HOME > 고객서비스 > 기증 > 기증자료관,<성 베드로 The Big Fisherman> 70mm 프린트 필름과 하드케이스,기증,2021-08-03 00:00:00,0,1,0,미부착,제1유형,저작권 보호기간 만료,
141,한국영상자료원,HOME > 고객서비스 > 기증 > 기증자료관,<자산어보> 감독 사인본 시나리오북,기증,2021-08-04 00:00:00,0,1,0,미부착,개방불가,없음,
142,한국영상자료원,HOME > 고객서비스 > 기증 > 기증자료관,<늘샘천축국뎐> 포스터,기증,2021-08-24 00:00:00,0,1,0,미부착,개방불가,없음,
143,한국영상자료원,HOME > 고객서비스 > 기증 > 기증자료관,<용산337가지로 표현하기_매삼화> 디지털시네마,기증,2021-08-24 00:00:00,0,1,0,미부착,개방불가,없음,
144,한국영상자료원,HOME > 고객서비스 > 기증 > 기증자료관,1990~2000년대 국내 극장 영화 티켓,기증,2021-08-27 00:00:00,0,1,0,미부착,개방불가,없음,
145,한국영상자료원,HOME > 고객서비스 > 기증 > 기증자료관,<스와니-1989 아세아스와니 원정투쟁의 기록> 디지털 시네마,기증,2021-09-01 00:00:00,0,1,0,미부착,개방불가,없음,
146,한국영상자료원,HOME > 고객서비스 > 기증 > 기증자료관,<나이트 크롤러> 한정판 블루레이,기증,2021-09-02 00:00:00,0,1,0,미부착,개방불가,없음,
147,한국영상자료원,HOME > 고객서비스 > 기증 > 기증자료관,아마추어 영화평론 모임 <씨네 22> 간행물,기증,2021-09-02 00:00:00,0,1,0,미부착,개방불가,없음,
148,한국영상자료원,HOME > 고객서비스 > 기증 > 기증자료관,영화 관련 원서,기증,2021-09-07 00:00:00,0,1,0,미부착,개방불가,없음,
149,한국영상자료원,HOME > 고객서비스 > 기증 > 기증자료관,<마스라카> 오리지널 네가 및 사운드 필름과 시나리오,기증,2021-09-08 00:00:00,0,1,0,미부착,개방불가,없음,
150,한국영상자료원,HOME > 고객서비스 > 기증 > 기증자료관,<용사왕> 디지털 시네마,기증,2021-09-16 00:00:00,0,1,0,미부착,개방불가,없음,
151,한국영상자료원,HOME > 고객서비스 > 기증 > 기증자료관,1980년대 독일영화 연구를 위한 동인회 잡지 ≪동서문화회보≫,기증,2021-09-20 00:00:00,0,1,0,미부착,개방불가,없음,
152,한국영상자료원,HOME > 고객서비스 > 기증 > 기증자료관,<독도> 원동화지,기증,2021-09-24 00:00:00,0,1,0,미부착,개방불가,없음,
153,한국영상자료원,HOME > 고객서비스 > 기증 > 기증자료관,<시발> 등 영화 필름과 누에영화제 팸플릿,기증,2021-09-25 00:00:00,0,1,0,미부착,개방불가,없음,
154,한국영상자료원,HOME > 고객서비스 > 기증 > 기증자료관,<천년여우 여우비> 35mm 프린트 필름,기증,2021-09-26 00:00:00,0,1,0,미부착,개방불가,없음,
155,한국영상자료원,HOME > 고객서비스 > 기증 > 기증자료관,<취화선> 35mm 프린트 필름,기증,2021-09-27 00:00:00,0,1,0,미부착,개방불가,없음,
156,한국영상자료원,HOME > 고객서비스 > 기증 > 기증자료관,이용민 감독 디렉터스 체어,기증,2021-10-09 00:00:00,0,1,0,미부착,개방불가,없음,
157,한국영상자료원,HOME > 고객서비스 > 기증 > 기증자료관,한국영화제작자 다큐멘터리 촬영본 및 정리원고,기증,2021-10-26 00:00:00,0,1,0,미부착,개방불가,없음,
158,한국영상자료원,HOME > 고객서비스 > 기증 > 기증자료관,"박남옥 감독 친필 편지, <세친구> 스토리보드, <여섯개의 시선> 필름 등",기증,2021-10-28 00:00:00,0,1,0,미부착,개방불가,없음,
159,한국영상자료원,HOME > 고객서비스 > 기증 > 기증자료관,HDCAM 7점,기증,2021-11-01 00:00:00,0,1,0,미부착,개방불가,없음,
160,한국영상자료원,HOME > 고객서비스 > 기증 > 기증자료관,<황금의 무법자> 35mm 예고편 프린트 필름,기증,2021-11-08 00:00:00,0,1,0,미부착,개방불가,없음,
161,한국영상자료원,HOME > 고객서비스 > 기증 > 기증자료관,<단속평형> 35mm 오리지널 네가 필름,기증,2021-11-09 00:00:00,0,1,0,미부착,개방불가,없음,
162,한국영상자료원,HOME > 고객서비스 > 기증 > 기증자료관,<벌새> 일본판 팸플릿,기증,2021-12-07 00:00:00,0,1,0,미부착,개방불가,없음,
163,한국영상자료원,HOME > 고객서비스 > 기증 > 기증자료관,아리플렉스 35mm 카메라,기증,2022-01-03 00:00:00,0,1,0,미부착,개방불가,없음,
164,한국영상자료원,HOME > 고객서비스 > 기증 > 기증자료관,제37회 서울예술대학교 영화과 졸업영화제 출품작 모음 DVD,기증,2022-01-03 00:00:00,0,1,0,미부착,개방불가,없음,
165,한국영상자료원,HOME > 고객서비스 > 기증 > 기증자료관,1960년대 영화현장 김진규와 안건호,기증,2022-01-05 00:00:00,0,1,0,미부착,개방불가,없음,
166,한국영상자료원,HOME > 고객서비스 > 기증 > 기증자료관,<독룡>의 중국어 더빙 디지털 시네마,기증,2022-01-07 00:00:00,0,1,0,미부착,개방불가,없음,
167,한국영상자료원,HOME > 고객서비스 > 기증 > 기증자료관,<선유락> 콘티 및 개봉기념 굿즈,기증,2022-01-10 00:00:00,0,1,0,미부착,개방불가,없음,
168,한국영상자료원,HOME > 고객서비스 > 기증 > 기증자료관,<최선의 삶> 강이(방민아) 의상,기증,2022-01-17 00:00:00,0,1,0,미부착,개방불가,없음,
169,한국영상자료원,HOME > 고객서비스 > 기증 > 기증자료관,"국내 개봉 외화, 한국영화 전단",기증,2022-01-24 00:00:00,0,1,0,미부착,개방불가,없음,
170,한국영상자료원,HOME > 고객서비스 > 기증 > 기증자료관,<최선의 삶> 이우정 감독 소장 시나리오북,기증,2022-01-25 00:00:00,0,1,0,미부착,개방불가,없음,
171,한국영상자료원,HOME > 고객서비스 > 기증 > 기증자료관,아리플렉스 16mm 카메라,기증,2022-02-08 00:00:00,0,1,0,미부착,개방불가,없음,
172,한국영상자료원,HOME > 고객서비스 > 기증 > 기증자료관,<안도 타다오> 포스터 및 전단,기증,2022-02-10 00:00:00,0,1,0,미부착,개방불가,없음,
173,한국영상자료원,HOME > 고객서비스 > 기증 > 기증자료관,<낙동강> 본편 16mm RP 필름,기증,2022-02-11 00:00:00,0,1,0,미부착,개방불가,없음,
174,한국영상자료원,HOME > 고객서비스 > 기증 > 기증자료관,<걸스 온 탑> 의상 및 소품,기증,2022-02-11 00:00:00,0,1,0,미부착,개방불가,없음,
175,한국영상자료원,HOME > 고객서비스 > 기증 > 기증자료관,<살인의 추억> OST 음반자료,기증,2022-02-24 00:00:00,0,1,0,미부착,개방불가,없음,
176,한국영상자료원,HOME > 고객서비스 > 기증 > 기증자료관,"<돌아보면>,<가리베가스> 본편 및 O.T 16mm 필름",기증,2022-03-04 00:00:00,0,1,0,미부착,개방불가,없음,
177,한국영상자료원,HOME > 고객서비스 > 기증 > 기증자료관,영화잡지 ≪키네마 준보≫,기증,2022-03-11 00:00:00,0,1,0,미부착,개방불가,없음,
178,한국영상자료원,HOME > 고객서비스 > 기증 > 기증자료관,『조선영화전집』 시나리오집,기증,2022-03-23 00:00:00,0,1,0,미부착,개방불가,없음,
179,한국영상자료원,HOME > 고객서비스 > 기증 > 기증자료관,<세상의 끝> 본편 16mm 필름,기증,2022-03-24 00:00:00,0,1,0,미부착,개방불가,없음,
180,한국영상자료원,HOME > 고객서비스 > 기증 > 기증자료관,<양자강> 영화제작 현장사진,기증,2022-03-29 00:00:00,0,1,0,미부착,개방불가,없음,
181,한국영상자료원,HOME > 고객서비스 > 기증 > 기증자료관,<사이> 본편 35mm 필름,기증,2022-03-31 00:00:00,0,1,0,미부착,개방불가,없음,
182,한국영상자료원,HOME > 고객서비스 > 기증 > 기증자료관,국립대학극장 <베니스의 상인> 해설 및 출연자 명부 등,기증,2022-05-13 00:00:00,0,1,0,미부착,개방불가,없음,
183,한국영상자료원,HOME > 고객서비스 > 기증 > 기증자료관,<헌트> 의상,기증,2022-05-16 00:00:00,0,1,0,미부착,개방불가,없음,
184,한국영상자료원,HOME > 고객서비스 > 기증 > 기증자료관,<미워도 다시한번 2022> 35mm 프린트 필름,기증,2022-05-19 00:00:00,0,1,0,미부착,개방불가,없음,
185,한국영상자료원,HOME > 고객서비스 > 기증 > 기증자료관,제23회 전주국제영화제 기자회견 이창동:보이지 않는 것의 진실 스틸파일,기증,2022-05-24 00:00:00,0,1,0,미부착,개방불가,없음,
186,한국영상자료원,HOME > 고객서비스 > 기증 > 기증자료관,<어우동> 전단지,기증,2022-05-27 00:00:00,0,1,0,미부착,개방불가,없음,
187,한국영상자료원,HOME > 고객서비스 > 기증 > 기증자료관,<습도 0%> 등 독립영화 상영본 디지털 파일,기증,2022-06-02 00:00:00,0,1,0,미부착,개방불가,없음,
188,한국영상자료원,HOME > 고객서비스 > 기증 > 기증자료관,김홍준 감독 영화 활동 관련 사진 앨범,기증,2022-06-10 00:00:00,0,1,0,미부착,개방불가,없음,
189,한국영상자료원,HOME > 고객서비스 > 기증 > 기증자료관,<이렇게 된 이상 청와대로 간다> 의상,기증,2022-06-10 00:00:00,0,1,0,미부착,개방불가,없음,
190,한국영상자료원,HOME > 고객서비스 > 기증 > 기증자료관,<애프터 양> 영화홍보 카드,기증,2022-06-17 00:00:00,0,1,0,미부착,개방불가,없음,
191,한국영상자료원,HOME > 고객서비스 > 기증 > 기증자료관,"박광수 감독 얄라셩, 서울영화집단 활동 관련 사진 앨범",기증,2022-06-21 00:00:00,0,1,0,미부착,개방불가,없음,
192,한국영상자료원,HOME > 고객서비스 > 기증 > 기증자료관,"<부활의 노래> 항소이유서, 현장스틸 및 <백일몽> 등 필름자료",기증,2022-06-22 00:00:00,0,1,0,미부착,개방불가,없음,
193,한국영상자료원,HOME > 고객서비스 > 기증 > 기증자료관,<오마주> 주요 소품 자료,기증,2022-06-23 00:00:00,0,1,0,미부착,개방불가,없음,
194,한국영상자료원,HOME > 고객서비스 > 기증 > 기증자료관,<로보트 태권V> 디지털 시네마,기증,2022-06-23 00:00:00,0,1,0,미부착,개방불가,없음,
195,한국영상자료원,HOME > 고객서비스 > 기증 > 기증자료관,<승리의 전선> 기록영화 디지털 시네마,기증,2022-06-23 00:00:00,0,1,0,미부착,제1유형,저작권 보호기간 만료,
196,한국영상자료원,HOME > 고객서비스 > 기증 > 기증자료관,<민족혼이 숨 쉬는 독립기념관> VHS,기증,2022-06-29 00:00:00,0,1,0,미부착,개방불가,없음,
197,한국영상자료원,HOME > 고객서비스 > 기증 > 기증자료관,1977년 10월3일 서울대 학보 《대학신문》,기증,2022-07-01 00:00:00,0,1,0,미부착,개방불가,없음,
198,한국영상자료원,HOME > 고객서비스 > 기증 > 기증자료관,"스크린쿼터 관련 전단, 영화인회의 1999년 활동 관련 자료",기증,2022-07-01 00:00:00,0,1,0,미부착,개방불가,없음,
199,한국영상자료원,HOME > 고객서비스 > 기증 > 기증자료관,<브로커> 의상 및 소품,기증,2022-07-11 00:00:00,0,1,0,미부착,개방불가,없음,
200,한국영상자료원,HOME > 고객서비스 > 기증 > 기증자료관,"얄라셩, 서울영화집단 관련 활동 스틸 및 <결투> 등 현장 스틸",기증,2022-07-12 00:00:00,0,1,0,미부착,개방불가,없음,
201,한국영상자료원,HOME > 고객서비스 > 기증 > 기증자료관,"<정글스토리> OST, <달빛 길어올리기> 시나리오 등 문헌자료",기증,2022-07-13 00:00:00,0,1,0,미부착,개방불가,없음,
202,한국영상자료원,HOME > 고객서비스 > 기증 > 기증자료관,<잠이 오기 전에> 본편 35mm 필름,기증,2022-07-27 00:00:00,0,1,0,미부착,개방불가,없음,
203,한국영상자료원,HOME > 고객서비스 > 기증 > 기증자료관,미영화화 작품 시나리오 및 촬영 현장 스틸 등 홍기선 감독 관련 자료,기증,2022-07-27 00:00:00,0,1,0,미부착,개방불가,없음,
204,한국영상자료원,HOME > 고객서비스 > 기증 > 기증자료관,제16회 대종상 우수작품상 <집념> 트로피 등 박물류,기증,2022-07-27 00:00:00,0,1,0,미부착,개방불가,없음,
205,한국영상자료원,HOME > 고객서비스 > 기증 > 기증자료관,<살인의 추억> 35mm 프린트 필름,기증,2022-07-28 00:00:00,0,1,0,미부착,개방불가,없음,
206,한국영상자료원,HOME > 고객서비스 > 기증 > 기증자료관,<다정도 병이련가> 오리지널 시나리오,기증,2022-07-28 00:00:00,0,1,0,미부착,개방불가,없음,
207,한국영상자료원,HOME > 고객서비스 > 기증 > 기증자료관,<까치의 날개> 등 비디오테이프(VHS),기증,2022-07-29 00:00:00,0,1,0,미부착,개방불가,없음,
208,한국영상자료원,HOME > 고객서비스 > 기증 > 기증자료관,<헤어질 결심> 영화 홍보 엽서,기증,2022-08-05 00:00:00,0,1,0,미부착,개방불가,없음,
209,한국영상자료원,HOME > 고객서비스 > 기증 > 기증자료관,<범죄도시2> 의상,기증,2022-08-05 00:00:00,0,1,0,미부착,개방불가,없음,
210,한국영상자료원,HOME > 고객서비스 > 기증 > 기증자료관,"<방충망>, <상흔>, <그날이 오면> 필름 등 최정현 작가 관련 자료",기증,2022-08-09 00:00:00,0,1,0,미부착,개방불가,없음,
211,한국영상자료원,HOME > 고객서비스 > 기증 > 기증자료관,<로보트 태권 V> 포스터,기증,2022-08-22 00:00:00,0,1,0,미부착,개방불가,없음,
212,한국영상자료원,HOME > 고객서비스 > 기증 > 기증자료관,<비상선언> 의상,기증,2022-08-23 00:00:00,0,1,0,미부착,개방불가,없음,
213,한국영상자료원,HOME > 고객서비스 > 기증 > 기증자료관,"<터미널 지하다방>, <가변차선> 본편 16mm 필름",기증,2022-08-26 00:00:00,0,1,0,미부착,개방불가,없음,
214,한국영상자료원,HOME > 고객서비스 > 기증 > 기증자료관,서울대학교 인류학과 워크샵 작품 <네 멋대로 써라>('92) 파일,기증,2022-08-31 00:00:00,0,1,0,미부착,개방불가,없음,
215,한국영상자료원,HOME > 고객서비스 > 기증 > 기증자료관,<일장춘몽> 의상,기증,2022-08-31 00:00:00,0,1,0,미부착,개방불가,없음,
216,한국영상자료원,HOME > 고객서비스 > 기증 > 기증자료관,"1990-2000년대 초 영화 행사, 단체 관련 전단, 보도자료, 정기간행물",기증,2022-09-01 00:00:00,0,1,0,미부착,개방불가,없음,
217,한국영상자료원,HOME > 고객서비스 > 기증 > 기증자료관,<시인 구보씨의 하루> 본편 16mm 필름,기증,2022-09-01 00:00:00,0,1,0,미부착,개방불가,없음,
218,한국영상자료원,HOME > 고객서비스 > 기증 > 기증자료관,<인샬라> 로케이션 촬영장 스틸,기증,2022-09-13 00:00:00,0,1,0,미부착,개방불가,없음,
219,한국영상자료원,HOME > 고객서비스 > 기증 > 기증자료관,변장호 감독 시나리오 작업용 타자기,기증,2022-09-20 00:00:00,0,1,0,미부착,개방불가,없음,
220,한국영상자료원,HOME > 고객서비스 > 기증 > 기증자료관,변장호 감독 제작 시나리오,기증,2022-09-20 00:00:00,0,1,0,미부착,개방불가,없음,
221,한국영상자료원,HOME > 고객서비스 > 기증 > 기증자료관,홍익대학교 애니메이션 전공 졸업작품 전시회 DVD 자료,기증,2022-09-21 00:00:00,0,1,0,미부착,개방불가,없음,
222,한국영상자료원,HOME > 고객서비스 > 기증 > 기증자료관,<비명도시> 콘티북 스캔본,기증,2022-10-14 00:00:00,0,1,0,미부착,개방불가,없음,
223,한국영상자료원,HOME > 고객서비스 > 기증 > 기증자료관,<심장소리> 의상,기증,2022-10-25 00:00:00,0,1,0,미부착,개방불가,없음,
224,한국영상자료원,HOME > 고객서비스 > 기증 > 기증자료관,<성적표의 김민영> 박물류 굿즈,기증,2022-10-26 00:00:00,0,1,0,미부착,개방불가,없음,
225,한국영상자료원,HOME > 고객서비스 > 기증 > 기증자료관,"「92' 동유럽영화제 카탈로그북」 전단자료, 《영상과 현실》, 《젊은 영화》 창간호 등 정기간행물 자료",기증,2022-11-04 00:00:00,0,1,0,미부착,개방불가,없음,
226,한국영상자료원,HOME > 고객서비스 > 기증 > 기증자료관,"<암살> 안옥윤(전지현), 염석진(이정재) 의상",기증,2022-11-10 00:00:00,0,1,0,미부착,개방불가,없음,
227,한국영상자료원,HOME > 고객서비스 > 기증 > 기증자료관,제1회~제9회 부산국제영화제 행사 관련 스틸,기증,2022-11-15 00:00:00,0,1,0,미부착,개방불가,없음,
228,한국영상자료원,HOME > 고객서비스 > 기증 > 기증자료관,"<인형사> 구체관절 인형, 시나리오, 콘티북",기증,2022-11-17 00:00:00,0,1,0,미부착,개방불가,없음,
229,한국영상자료원,HOME > 고객서비스 > 기증 > 기증자료관,<러브스토리> 포스터,기증,2022-11-24 00:00:00,0,1,0,미부착,개방불가,없음,
230,한국영상자료원,HOME > 고객서비스 > 기증 > 기증자료관,<사랑이 메아리치면> 16mm 프린트,기증,2022-12-07 00:00:00,0,1,0,미부착,개방불가,없음,
231,한국영상자료원,HOME > 고객서비스 > 기증 > 기증자료관,<오징어 게임> 의상,기증,2022-12-15 00:00:00,0,1,0,미부착,개방불가,없음,
232,한국영상자료원,HOME > 고객서비스 > 기증 > 기증자료관,"<개벽> 보도자료 및 트리트먼트, <연산일기> 보도자료",기증,2022-12-27 00:00:00,0,1,0,미부착,개방불가,없음,
233,한국영상자료원,HOME > 고객서비스 > 기증 > 기증자료관,"<결혼교실>(정인엽, 1970) 포스터 복원판",기증,2023-01-03 00:00:00,0,1,0,미부착,개방불가,없음,
234,한국영상자료원,HOME > 고객서비스 > 기증 > 기증자료관,<새가 없는 도시> 본편 16mm 필름,기증,2023-01-06 00:00:00,0,1,0,미부착,개방불가,없음,
235,한국영상자료원,HOME > 고객서비스 > 기증 > 기증자료관,"1983-1984년 서울영화집단, 얄라셩 활동 관련 스틸",기증,2023-01-25 00:00:00,0,1,0,미부착,개방불가,없음,
236,한국영상자료원,HOME > 고객서비스 > 기증 > 기증자료관,2019-2020년 한국영화아카데미 제작/배급 단편영화 본편 디지털 파일,기증,2023-02-03 00:00:00,0,1,0,미부착,개방불가,없음,
237,한국영상자료원,HOME > 고객서비스 > 기증 > 기증자료관,<지금은 노크중> 본편 16mm 필름,기증,2023-02-20 00:00:00,0,1,0,미부착,개방불가,없음,
238,한국영상자료원,HOME > 고객서비스 > 기증 > 기증자료관,<성웅 이순신> 오리지널 시나리오,기증,2023-03-02 00:00:00,0,1,0,미부착,개방불가,없음,
239,한국영상자료원,HOME > 고객서비스 > 기증 > 기증자료관,키노(KINO) 97년~2002년 발간 간행물,기증,2023-03-10 00:00:00,0,1,0,미부착,개방불가,없음,
240,한국영상자료원,HOME > 고객서비스 > 기증 > 기증자료관,"《영화언어》, '1991년 영화의 날 우리영화 큰잔치 초대권' 등",기증,2023-03-16 00:00:00,0,1,0,미부착,개방불가,없음,
241,한국영상자료원,HOME > 고객서비스 > 기증 > 기증자료관,"<꽃다지(파업전야)> 압수수색 증거품 시나리오, 일일촬영계획표",기증,2023-03-21 00:00:00,0,1,0,미부착,개방불가,없음,
242,한국영상자료원,HOME > 고객서비스 > 기증 > 기증자료관,부산독립영화작가론(인디크리틱) Vol.1~19,기증,2023-03-23 00:00:00,0,1,0,미부착,개방불가,없음,
243,한국영상자료원,HOME > 고객서비스 > 기증 > 기증자료관,<장미빛 인생> O.T. 16mm 필름,기증,2023-05-03 00:00:00,0,1,0,미부착,개방불가,없음,
244,한국영상자료원,HOME > 고객서비스 > 기증 > 기증자료관,"<부속품> 본편 8mm 및 <‘무소의 뿔처럼 혼자서 가라’ 연극 삽입 영상물>(1994) 본편, O.T. 16mm 필름",기증,2023-06-07 00:00:00,0,1,0,미부착,개방불가,없음,
245,한국영상자료원,HOME > 고객서비스 > 기증 > 기증자료관,고려대학교 영화연구회 「돌빛」 창립 10주년 기념 심포지움 자료집 등 문서자료,기증,2023-06-16 00:00:00,0,1,0,미부착,개방불가,없음,
