한국스포츠정책과학원 권리처리 목록,,,,,,,,,,,,
순번,사이트명,카테고리,이름,설명,등록일,영상,사진,문서,기존 공공누리 유형,최종 공공누리 유형,계약서 유무,비고
1,한국스포츠정책과학원,기보유 데이터 아카이빙,100m start (1),육상_크라우칭 스타트 자세,,0,1,0,미부착,제1유형,동의서 작성,
2,한국스포츠정책과학원,기보유 데이터 아카이빙,100m start (2),육상_크라우칭 스타트 자세,,0,1,0,미부착,제1유형,동의서 작성,
3,한국스포츠정책과학원,기보유 데이터 아카이빙,100m start (3),육상_크라우칭 스타트 자세,,0,1,0,미부착,제1유형,동의서 작성,
4,한국스포츠정책과학원,기보유 데이터 아카이빙,100m start (4),육상_크라우칭 스타트 자세,,0,1,0,미부착,제1유형,동의서 작성,
5,한국스포츠정책과학원,기보유 데이터 아카이빙,100m start (5),육상_크라우칭 스타트 자세,,0,1,0,미부착,제1유형,동의서 작성,
6,한국스포츠정책과학원,기보유 데이터 아카이빙,100m start_static,육상_정적 자세,,0,1,0,미부착,제1유형,동의서 작성,
7,한국스포츠정책과학원,기보유 데이터 아카이빙,kendo_L (1),검도_오른쪽에서 왼쪽으로 휘두르는 자세,,0,1,0,미부착,제1유형,동의서 작성,
8,한국스포츠정책과학원,기보유 데이터 아카이빙,kendo_L (2),검도_오른쪽에서 왼쪽으로 휘두르는 자세,,0,1,0,미부착,제1유형,동의서 작성,
9,한국스포츠정책과학원,기보유 데이터 아카이빙,kendo_L (3),검도_오른쪽에서 왼쪽으로 휘두르는 자세,,0,1,0,미부착,제1유형,동의서 작성,
10,한국스포츠정책과학원,기보유 데이터 아카이빙,kendo_L (4),검도_오른쪽에서 왼쪽으로 휘두르는 자세,,0,1,0,미부착,제1유형,동의서 작성,
11,한국스포츠정책과학원,기보유 데이터 아카이빙,kendo_L (5),검도_오른쪽에서 왼쪽으로 휘두르는 자세,,0,1,0,미부착,제1유형,동의서 작성,
12,한국스포츠정책과학원,기보유 데이터 아카이빙,kendo_L (6),검도_오른쪽에서 왼쪽으로 휘두르는 자세,,0,1,0,미부착,제1유형,동의서 작성,
13,한국스포츠정책과학원,기보유 데이터 아카이빙,kendo_R (1),검도_왼쪽에서 오른쪽으로 휘두르는 자세,,0,1,0,미부착,제1유형,동의서 작성,
14,한국스포츠정책과학원,기보유 데이터 아카이빙,kendo_R (2),검도_왼쪽에서 오른쪽으로 휘두르는 자세,,0,1,0,미부착,제1유형,동의서 작성,
15,한국스포츠정책과학원,기보유 데이터 아카이빙,kendo_R (3),검도_왼쪽에서 오른쪽으로 휘두르는 자세,,0,1,0,미부착,제1유형,동의서 작성,
16,한국스포츠정책과학원,기보유 데이터 아카이빙,kendo_R (4),검도_왼쪽에서 오른쪽으로 휘두르는 자세,,0,1,0,미부착,제1유형,동의서 작성,
17,한국스포츠정책과학원,기보유 데이터 아카이빙,kendo_R (5),검도_왼쪽에서 오른쪽으로 휘두르는 자세,,0,1,0,미부착,제1유형,동의서 작성,
18,한국스포츠정책과학원,기보유 데이터 아카이빙,kendo_R (6),검도_왼쪽에서 오른쪽으로 휘두르는 자세,,0,1,0,미부착,제1유형,동의서 작성,
19,한국스포츠정책과학원,기보유 데이터 아카이빙,kendo_static (1),검도_정적 자세,,0,1,0,미부착,제1유형,동의서 작성,
20,한국스포츠정책과학원,기보유 데이터 아카이빙,kendo_static (2),검도_정적 자세,,0,1,0,미부착,제1유형,동의서 작성,
21,한국스포츠정책과학원,기보유 데이터 아카이빙,kendo_static (3),검도_정적 자세,,0,1,0,미부착,제1유형,동의서 작성,
22,한국스포츠정책과학원,기보유 데이터 아카이빙,kendo_static (4),검도_정적 자세,,0,1,0,미부착,제1유형,동의서 작성,
23,한국스포츠정책과학원,기보유 데이터 아카이빙,kendo_static (5),검도_정적 자세,,0,1,0,미부착,제1유형,동의서 작성,
24,한국스포츠정책과학원,기보유 데이터 아카이빙,kendo_static (6),검도_정적 자세,,0,1,0,미부착,제1유형,동의서 작성,
25,한국스포츠정책과학원,기보유 데이터 아카이빙,long jump_L (1),멀리뛰기_왼다리로 힘판 밟고 멀리뛰기,,0,1,0,미부착,제1유형,동의서 작성,
26,한국스포츠정책과학원,기보유 데이터 아카이빙,long jump_L (2),멀리뛰기_왼다리로 힘판 밟고 멀리뛰기,,0,1,0,미부착,제1유형,동의서 작성,
27,한국스포츠정책과학원,기보유 데이터 아카이빙,long jump_L (3),멀리뛰기_왼다리로 힘판 밟고 멀리뛰기,,0,1,0,미부착,제1유형,동의서 작성,
28,한국스포츠정책과학원,기보유 데이터 아카이빙,long jump_L (4),멀리뛰기_왼다리로 힘판 밟고 멀리뛰기,,0,1,0,미부착,제1유형,동의서 작성,
29,한국스포츠정책과학원,기보유 데이터 아카이빙,long jump_L (5),멀리뛰기_왼다리로 힘판 밟고 멀리뛰기,,0,1,0,미부착,제1유형,동의서 작성,
30,한국스포츠정책과학원,기보유 데이터 아카이빙,short track (1),쇼트트랙_라이딩,,0,1,0,미부착,제1유형,동의서 작성,
31,한국스포츠정책과학원,기보유 데이터 아카이빙,short track (2),쇼트트랙_라이딩,,0,1,0,미부착,제1유형,동의서 작성,
32,한국스포츠정책과학원,기보유 데이터 아카이빙,short track_static,쇼트트랙_정적 자세,,0,1,0,미부착,제1유형,동의서 작성,
33,한국스포츠정책과학원,기보유 데이터 아카이빙,TKD 1_RK 540,태권도_뒤돌려차기 540도,,0,1,0,미부착,제1유형,동의서 작성,
34,한국스포츠정책과학원,기보유 데이터 아카이빙,TKD 1_RK 720,태권도_돌려차기 720도,,0,1,0,미부착,제1유형,동의서 작성,
35,한국스포츠정책과학원,기보유 데이터 아카이빙,TKD 1_RK 900,태권도_뒤돌려차기 900도,,0,1,0,미부착,제1유형,동의서 작성,
36,한국스포츠정책과학원,기보유 데이터 아카이빙,TKD 1_RK static,태권도_정적 자세(TKD 1_RK 돌려차기),,0,1,0,미부착,제1유형,동의서 작성,
37,한국스포츠정책과학원,기보유 데이터 아카이빙,TKD 2_P (1),"태권도_뒷굽이, 손날몸통막기",,0,1,0,미부착,제1유형,동의서 작성,
38,한국스포츠정책과학원,기보유 데이터 아카이빙,TKD 2_P (2),태권도_뛰어앞차기,,0,1,0,미부착,제1유형,동의서 작성,
39,한국스포츠정책과학원,기보유 데이터 아카이빙,TKD 2_P (3),"태권도_앞굽이, 몸통바로지르기 1",,0,1,0,미부착,제1유형,동의서 작성,
40,한국스포츠정책과학원,기보유 데이터 아카이빙,TKD 2_P (4),"태권도_앞굽이, 몸통바로지르기 2",,0,1,0,미부착,제1유형,동의서 작성,
41,한국스포츠정책과학원,기보유 데이터 아카이빙,TKD 2_P (5),"태권도_앞서기, 아래막기",,0,1,0,미부착,제1유형,동의서 작성,
42,한국스포츠정책과학원,기보유 데이터 아카이빙,TKD 2_P (6),태권도_앞차고 몸돌아 옆차기,,0,1,0,미부착,제1유형,동의서 작성,
43,한국스포츠정책과학원,기보유 데이터 아카이빙,TKD 2_P (7),"태권도_주춤서기, 옆지르기",,0,1,0,미부착,제1유형,동의서 작성,
44,한국스포츠정책과학원,기보유 데이터 아카이빙,TKD 2_P (8),"태권도_학다리서기, 금강내려막기",,0,1,0,미부착,제1유형,동의서 작성,
45,한국스포츠정책과학원,기보유 데이터 아카이빙,gym 1_yang,체조_양학선 기술,,0,1,0,미부착,제1유형,동의서 작성,
46,한국스포츠정책과학원,기보유 데이터 아카이빙,TKD 3_P (1),태권도_ 900도 뒤돌려차기,,0,1,0,미부착,제1유형,동의서 작성,
47,한국스포츠정책과학원,기보유 데이터 아카이빙,TKD 3_P (2),태권도_ 900도 뒤돌려차기,,0,1,0,미부착,제1유형,동의서 작성,
48,한국스포츠정책과학원,기보유 데이터 아카이빙,TKD 3_P (3),태권도_ 900도 뒤돌려차기,,0,1,0,미부착,제1유형,동의서 작성,
49,한국스포츠정책과학원,기보유 데이터 아카이빙,TKD 3_P (4),태권도_ 900도 뒤돌려차기,,0,1,0,미부착,제1유형,동의서 작성,
50,한국스포츠정책과학원,기보유 데이터 아카이빙,TKD 3_P (5),태권도_ 900도 뒤돌려차기,,0,1,0,미부착,제1유형,동의서 작성,
51,한국스포츠정책과학원,기보유 데이터 아카이빙,TKD 3_P (6),태권도_ 900도 뒤돌려차기,,0,1,0,미부착,제1유형,동의서 작성,
52,한국스포츠정책과학원,기보유 데이터 아카이빙,TKD 3_P (7),태권도_ 900도 뒤돌려차기,,0,1,0,미부착,제1유형,동의서 작성,
53,한국스포츠정책과학원,기보유 데이터 아카이빙,TKD 3_P (8),태권도_ 900도 뒤돌려차기,,0,1,0,미부착,제1유형,동의서 작성,
54,한국스포츠정책과학원,기보유 데이터 아카이빙,TKD 3_P (9),태권도_ 900도 뒤돌려차기,,0,1,0,미부착,제1유형,동의서 작성,
55,한국스포츠정책과학원,기보유 데이터 아카이빙,TKD 3_P (10),태권도_ 900도 뒤돌려차기,,0,1,0,미부착,제1유형,동의서 작성,
56,한국스포츠정책과학원,기보유 데이터 아카이빙,TKD 3_P (11),태권도_ 900도 뒤돌려차기,,0,1,0,미부착,제1유형,동의서 작성,
57,한국스포츠정책과학원,기보유 데이터 아카이빙,TKD 3_P (12),태권도_ 900도 뒤돌려차기,,0,1,0,미부착,제1유형,동의서 작성,
58,한국스포츠정책과학원,기보유 데이터 아카이빙,TKD 3_P (13),태권도_ 900도 뒤돌려차기,,0,1,0,미부착,제1유형,동의서 작성,
59,한국스포츠정책과학원,기보유 데이터 아카이빙,TKD 3_P (14),태권도_ 900도 뒤돌려차기,,0,1,0,미부착,제1유형,동의서 작성,
60,한국스포츠정책과학원,기보유 데이터 아카이빙,TKD 3_P (15),태권도_ 900도 뒤돌려차기,,0,1,0,미부착,제1유형,동의서 작성,
61,한국스포츠정책과학원,기보유 데이터 아카이빙,TKD 3_P (16),태권도_ 900도 뒤돌려차기,,0,1,0,미부착,제1유형,동의서 작성,
62,한국스포츠정책과학원,기보유 데이터 아카이빙,TKD 3_P (17),태권도_ 900도 뒤돌려차기,,0,1,0,미부착,제1유형,동의서 작성,
63,한국스포츠정책과학원,기보유 데이터 아카이빙,TKD 4_static (1),"태권도_정적 자세(앞굽이, 바로지르기)",,0,1,0,미부착,제1유형,동의서 작성,
64,한국스포츠정책과학원,기보유 데이터 아카이빙,TKD 4_static (2),"태권도_정적 자세(앞굽이, 바로지르기)",,0,1,0,미부착,제1유형,동의서 작성,
65,한국스포츠정책과학원,기보유 데이터 아카이빙,TKD 4_static (3),"태권도_정적 자세(앞굽이, 바로지르기)",,0,1,0,미부착,제1유형,동의서 작성,
66,한국스포츠정책과학원,기보유 데이터 아카이빙,TKD 4_static (4),"태권도_정적 자세(앞굽이, 바로지르기)",,0,1,0,미부착,제1유형,동의서 작성,
67,한국스포츠정책과학원,기보유 데이터 아카이빙,TKD 4_static (5),"태권도_정적 자세(앞굽이, 바로지르기)",,0,1,0,미부착,제1유형,동의서 작성,
68,한국스포츠정책과학원,기보유 데이터 아카이빙,TKD 4_static (6),"태권도_정적 자세(앞굽이, 바로지르기)",,0,1,0,미부착,제1유형,동의서 작성,
69,한국스포츠정책과학원,기보유 데이터 아카이빙,TKD 4_static (7),"태권도_정적 자세(앞굽이, 바로지르기)",,0,1,0,미부착,제1유형,동의서 작성,
70,한국스포츠정책과학원,기보유 데이터 아카이빙,TKD 4_static (8),"태권도_정적 자세(앞굽이, 바로지르기)",,0,1,0,미부착,제1유형,동의서 작성,
71,한국스포츠정책과학원,기보유 데이터 아카이빙,TKD 4_static (9),"태권도_정적 자세(앞굽이, 바로지르기)",,0,1,0,미부착,제1유형,동의서 작성,
72,한국스포츠정책과학원,기보유 데이터 아카이빙,TKD 4_static (10),"태권도_정적 자세(앞굽이, 바로지르기)",,0,1,0,미부착,제1유형,동의서 작성,
73,한국스포츠정책과학원,기보유 데이터 아카이빙,TKD 4_static (11),"태권도_정적 자세(앞굽이, 바로지르기)",,0,1,0,미부착,제1유형,동의서 작성,
74,한국스포츠정책과학원,기보유 데이터 아카이빙,TKD 4_static (12),"태권도_정적 자세(앞굽이, 바로지르기)",,0,1,0,미부착,제1유형,동의서 작성,
75,한국스포츠정책과학원,기보유 데이터 아카이빙,TKD 4_static (13),"태권도_정적 자세(앞굽이, 바로지르기)",,0,1,0,미부착,제1유형,동의서 작성,
76,한국스포츠정책과학원,기보유 데이터 아카이빙,TKD 4_static (14),"태권도_정적 자세(앞굽이, 바로지르기)",,0,1,0,미부착,제1유형,동의서 작성,
77,한국스포츠정책과학원,기보유 데이터 아카이빙,TKD 4_static (15),"태권도_정적 자세(앞굽이, 바로지르기)",,0,1,0,미부착,제1유형,동의서 작성,
78,한국스포츠정책과학원,기보유 데이터 아카이빙,TKD 4_static (16),"태권도_정적 자세(앞굽이, 바로지르기)",,0,1,0,미부착,제1유형,동의서 작성,
79,한국스포츠정책과학원,기보유 데이터 아카이빙,TKD 4_static (17),"태권도_정적 자세(앞굽이, 바로지르기)",,0,1,0,미부착,제1유형,동의서 작성,
80,한국스포츠정책과학원,기보유 데이터 아카이빙,TKD 4_static (18),"태권도_정적 자세(앞굽이, 바로지르기)",,0,1,0,미부착,제1유형,동의서 작성,
81,한국스포츠정책과학원,기보유 데이터 아카이빙,TKD 4_static (19),"태권도_정적 자세(앞굽이, 바로지르기)",,0,1,0,미부착,제1유형,동의서 작성,
82,한국스포츠정책과학원,기보유 데이터 아카이빙,TKD 4_static (20),"태권도_정적 자세(앞굽이, 바로지르기)",,0,1,0,미부착,제1유형,동의서 작성,
83,한국스포츠정책과학원,기보유 데이터 아카이빙,TKD 4_P (1),"태권도_앞굽이, 바로지르기",,0,1,0,미부착,제1유형,동의서 작성,
84,한국스포츠정책과학원,기보유 데이터 아카이빙,TKD 4_P (3),"태권도_앞굽이, 바로지르기",,0,1,0,미부착,제1유형,동의서 작성,
85,한국스포츠정책과학원,기보유 데이터 아카이빙,TKD 4_P (6),"태권도_앞굽이, 바로지르기",,0,1,0,미부착,제1유형,동의서 작성,
86,한국스포츠정책과학원,기보유 데이터 아카이빙,TKD 4_P (8),"태권도_앞굽이, 바로지르기",,0,1,0,미부착,제1유형,동의서 작성,
87,한국스포츠정책과학원,기보유 데이터 아카이빙,TKD 4_P (11),"태권도_앞굽이, 바로지르기",,0,1,0,미부착,제1유형,동의서 작성,
88,한국스포츠정책과학원,기보유 데이터 아카이빙,TKD 4_P (13),"태권도_앞굽이, 바로지르기",,0,1,0,미부착,제1유형,동의서 작성,
89,한국스포츠정책과학원,기보유 데이터 아카이빙,TKD 4_P (14),"태권도_앞굽이, 바로지르기",,0,1,0,미부착,제1유형,동의서 작성,
90,한국스포츠정책과학원,기보유 데이터 아카이빙,TKD 4_P (16),"태권도_앞굽이, 바로지르기",,0,1,0,미부착,제1유형,동의서 작성,
91,한국스포츠정책과학원,기보유 데이터 아카이빙,TKD 4_P (17),"태권도_앞굽이, 바로지르기",,0,1,0,미부착,제1유형,동의서 작성,
92,한국스포츠정책과학원,기보유 데이터 아카이빙,TKD 4_P (18),"태권도_앞굽이, 바로지르기",,0,1,0,미부착,제1유형,동의서 작성,
93,한국스포츠정책과학원,기보유 데이터 아카이빙,TKD 4_P (19),"태권도_앞굽이, 바로지르기",,0,1,0,미부착,제1유형,동의서 작성,
94,한국스포츠정책과학원,기보유 데이터 아카이빙,TKD 4_P (20),"태권도_앞굽이, 바로지르기",,0,1,0,미부착,제1유형,동의서 작성,
95,한국스포츠정책과학원,기보유 데이터 아카이빙,TKD 5_P (2),"태권도_앞굽이, 바로지르기",,0,1,0,미부착,제1유형,동의서 작성,
96,한국스포츠정책과학원,기보유 데이터 아카이빙,TKD 5_P (4),"태권도_앞굽이, 바로지르기",,0,1,0,미부착,제1유형,동의서 작성,
97,한국스포츠정책과학원,기보유 데이터 아카이빙,TKD 5_P (5),"태권도_앞굽이, 바로지르기",,0,1,0,미부착,제1유형,동의서 작성,
98,한국스포츠정책과학원,기보유 데이터 아카이빙,TKD 5_P (6),"태권도_앞굽이, 바로지르기",,0,1,0,미부착,제1유형,동의서 작성,
99,한국스포츠정책과학원,기보유 데이터 아카이빙,TKD 5_P (8),"태권도_앞굽이, 바로지르기",,0,1,0,미부착,제1유형,동의서 작성,
100,한국스포츠정책과학원,기보유 데이터 아카이빙,TKD 5_P (9),"태권도_앞굽이, 바로지르기",,0,1,0,미부착,제1유형,동의서 작성,
101,한국스포츠정책과학원,기보유 데이터 아카이빙,TKD 5_P (10),"태권도_앞굽이, 바로지르기",,0,1,0,미부착,제1유형,동의서 작성,
102,한국스포츠정책과학원,기보유 데이터 아카이빙,TKD 5_P (11),"태권도_앞굽이, 바로지르기",,0,1,0,미부착,제1유형,동의서 작성,
103,한국스포츠정책과학원,기보유 데이터 아카이빙,TKD 5_P (12),"태권도_앞굽이, 바로지르기",,0,1,0,미부착,제1유형,동의서 작성,
104,한국스포츠정책과학원,기보유 데이터 아카이빙,TKD 5_P (13),"태권도_앞굽이, 바로지르기",,0,1,0,미부착,제1유형,동의서 작성,
105,한국스포츠정책과학원,기보유 데이터 아카이빙,TKD 5_P (14),"태권도_앞굽이, 바로지르기",,0,1,0,미부착,제1유형,동의서 작성,
106,한국스포츠정책과학원,기보유 데이터 아카이빙,TKD 5_P (15),"태권도_앞굽이, 바로지르기",,0,1,0,미부착,제1유형,동의서 작성,
107,한국스포츠정책과학원,기보유 데이터 아카이빙,TKD 5_P (16),"태권도_앞굽이, 바로지르기",,0,1,0,미부착,제1유형,동의서 작성,
108,한국스포츠정책과학원,기보유 데이터 아카이빙,TKD 5_P (17),"태권도_앞굽이, 바로지르기",,0,1,0,미부착,제1유형,동의서 작성,
109,한국스포츠정책과학원,기보유 데이터 아카이빙,TKD 5_P (18),"태권도_앞굽이, 바로지르기",,0,1,0,미부착,제1유형,동의서 작성,
110,한국스포츠정책과학원,기보유 데이터 아카이빙,TKD 5_P (19),"태권도_앞굽이, 바로지르기",,0,1,0,미부착,제1유형,동의서 작성,
111,한국스포츠정책과학원,기보유 데이터 아카이빙,TKD 5_P (20),"태권도_앞굽이, 바로지르기",,0,1,0,미부착,제1유형,동의서 작성,
112,한국스포츠정책과학원,기보유 데이터 아카이빙,TKD 5_P (21),"태권도_앞굽이, 바로지르기",,0,1,0,미부착,제1유형,동의서 작성,
113,한국스포츠정책과학원,기보유 데이터 아카이빙,TKD 5_static (1),"태권도_정적 자세(앞굽이, 바로지르기)",,0,1,0,미부착,제1유형,동의서 작성,
114,한국스포츠정책과학원,기보유 데이터 아카이빙,TKD 5_static (2),"태권도_정적 자세(앞굽이, 바로지르기)",,0,1,0,미부착,제1유형,동의서 작성,
115,한국스포츠정책과학원,기보유 데이터 아카이빙,gym 2_HS (1),체조_물구나무서기,,0,1,0,미부착,제1유형,동의서 작성,
116,한국스포츠정책과학원,기보유 데이터 아카이빙,gym 2_HS (2),체조_물구나무서기,,0,1,0,미부착,제1유형,동의서 작성,
117,한국스포츠정책과학원,기보유 데이터 아카이빙,gym 2_HS (3),체조_물구나무서기,,0,1,0,미부착,제1유형,동의서 작성,
118,한국스포츠정책과학원,기보유 데이터 아카이빙,gym 2_HS (4),체조_물구나무서기,,0,1,0,미부착,제1유형,동의서 작성,
119,한국스포츠정책과학원,기보유 데이터 아카이빙,gym 2_HS (5),체조_물구나무서기,,0,1,0,미부착,제1유형,동의서 작성,
120,한국스포츠정책과학원,기보유 데이터 아카이빙,gym 2_HS (6),체조_물구나무서기,,0,1,0,미부착,제1유형,동의서 작성,
121,한국스포츠정책과학원,기보유 데이터 아카이빙,gym 2_HS (7),체조_물구나무서기,,0,1,0,미부착,제1유형,동의서 작성,
122,한국스포츠정책과학원,기보유 데이터 아카이빙,gym 2_HS (8),체조_물구나무서기,,0,1,0,미부착,제1유형,동의서 작성,
123,한국스포츠정책과학원,기보유 데이터 아카이빙,gym 2_HS (9),체조_물구나무서기,,0,1,0,미부착,제1유형,동의서 작성,
124,한국스포츠정책과학원,기보유 데이터 아카이빙,gym 2_HS (10),체조_물구나무서기,,0,1,0,미부착,제1유형,동의서 작성,
125,한국스포츠정책과학원,기보유 데이터 아카이빙,gym 2_HS (11),체조_물구나무서기,,0,1,0,미부착,제1유형,동의서 작성,
126,한국스포츠정책과학원,기보유 데이터 아카이빙,gym 2_HS (12),체조_물구나무서기,,0,1,0,미부착,제1유형,동의서 작성,
127,한국스포츠정책과학원,기보유 데이터 아카이빙,gym 2_HS (13),체조_물구나무서기,,0,1,0,미부착,제1유형,동의서 작성,
128,한국스포츠정책과학원,기보유 데이터 아카이빙,gym 2_HS (14),체조_물구나무서기,,0,1,0,미부착,제1유형,동의서 작성,
129,한국스포츠정책과학원,기보유 데이터 아카이빙,gym 2_HS (15),체조_물구나무서기,,0,1,0,미부착,제1유형,동의서 작성,
130,한국스포츠정책과학원,기보유 데이터 아카이빙,gym 2_HS (17),체조_물구나무서기,,0,1,0,미부착,제1유형,동의서 작성,
131,한국스포츠정책과학원,기보유 데이터 아카이빙,gym 2_HS (18),체조_물구나무서기,,0,1,0,미부착,제1유형,동의서 작성,
132,한국스포츠정책과학원,기보유 데이터 아카이빙,gym 2_HS (19),체조_물구나무서기,,0,1,0,미부착,제1유형,동의서 작성,
133,한국스포츠정책과학원,기보유 데이터 아카이빙,gym 2_HS (20),체조_물구나무서기,,0,1,0,미부착,제1유형,동의서 작성,
134,한국스포츠정책과학원,기보유 데이터 아카이빙,gym 2_HS (21),체조_물구나무서기,,0,1,0,미부착,제1유형,동의서 작성,
135,한국스포츠정책과학원,기보유 데이터 아카이빙,gym 2_HS (23),체조_물구나무서기,,0,1,0,미부착,제1유형,동의서 작성,
136,한국스포츠정책과학원,기보유 데이터 아카이빙,gym 2_HS (24),체조_물구나무서기,,0,1,0,미부착,제1유형,동의서 작성,
137,한국스포츠정책과학원,기보유 데이터 아카이빙,gym 2_HS (26),체조_물구나무서기,,0,1,0,미부착,제1유형,동의서 작성,
138,한국스포츠정책과학원,기보유 데이터 아카이빙,gym 3_S (1),체조_안마 기술,,0,1,0,미부착,제1유형,동의서 작성,
139,한국스포츠정책과학원,기보유 데이터 아카이빙,gym 3_S (2),체조_안마 기술,,0,1,0,미부착,제1유형,동의서 작성,
140,한국스포츠정책과학원,기보유 데이터 아카이빙,gym 3_S (4),체조_안마 기술,,0,1,0,미부착,제1유형,동의서 작성,
141,한국스포츠정책과학원,기보유 데이터 아카이빙,gym 3_S (6),체조_안마 기술,,0,1,0,미부착,제1유형,동의서 작성,
142,한국스포츠정책과학원,기보유 데이터 아카이빙,gym 3_S (12),체조_안마 기술,,0,1,0,미부착,제1유형,동의서 작성,
143,한국스포츠정책과학원,기보유 데이터 아카이빙,gym 3_S (13),체조_안마 기술,,0,1,0,미부착,제1유형,동의서 작성,
144,한국스포츠정책과학원,기보유 데이터 아카이빙,gym 3_S (14),체조_안마 기술,,0,1,0,미부착,제1유형,동의서 작성,
145,한국스포츠정책과학원,기보유 데이터 아카이빙,gym 3_S (15),체조_안마 기술,,0,1,0,미부착,제1유형,동의서 작성,
146,한국스포츠정책과학원,기보유 데이터 아카이빙,gym 3_S (16),체조_안마 기술,,0,1,0,미부착,제1유형,동의서 작성,
147,한국스포츠정책과학원,기보유 데이터 아카이빙,gym 3_S (17),체조_안마 기술,,0,1,0,미부착,제1유형,동의서 작성,
148,한국스포츠정책과학원,기보유 데이터 아카이빙,gym 3_S (18),체조_안마 기술,,0,1,0,미부착,제1유형,동의서 작성,
149,한국스포츠정책과학원,기보유 데이터 아카이빙,gym 3_S (19),체조_안마 기술,,0,1,0,미부착,제1유형,동의서 작성,
150,한국스포츠정책과학원,기보유 데이터 아카이빙,gym 3_S (20),체조_안마 기술,,0,1,0,미부착,제1유형,동의서 작성,
151,한국스포츠정책과학원,기보유 데이터 아카이빙,gym 4_yang static,체조_정적 자세(양학선 기술),,0,1,0,미부착,제1유형,동의서 작성,
152,한국스포츠정책과학원,기보유 데이터 아카이빙,gym 4_yang (1),체조_양학선 기술,,0,1,0,미부착,제1유형,동의서 작성,
153,한국스포츠정책과학원,기보유 데이터 아카이빙,gym 4_yang (2),체조_양학선 기술,,0,1,0,미부착,제1유형,동의서 작성,
154,한국스포츠정책과학원,기보유 데이터 아카이빙,gym 4_yang (3),체조_양학선 기술,,0,1,0,미부착,제1유형,동의서 작성,
155,한국스포츠정책과학원,기보유 데이터 아카이빙,gym 4_yang (4),체조_양학선 기술,,0,1,0,미부착,제1유형,동의서 작성,
156,한국스포츠정책과학원,기보유 데이터 아카이빙,gym 4_yang (5),체조_양학선 기술,,0,1,0,미부착,제1유형,동의서 작성,
157,한국스포츠정책과학원,기보유 데이터 아카이빙,gym 4_yang (6),체조_양학선 기술,,0,1,0,미부착,제1유형,동의서 작성,
158,한국스포츠정책과학원,기보유 데이터 아카이빙,gym 4_yang (8),체조_양학선 기술,,0,1,0,미부착,제1유형,동의서 작성,
159,한국스포츠정책과학원,기보유 데이터 아카이빙,gym 4_yang (9),체조_양학선 기술,,0,1,0,미부착,제1유형,동의서 작성,
160,한국스포츠정책과학원,기보유 데이터 아카이빙,gym 4_yang (10),체조_양학선 기술,,0,1,0,미부착,제1유형,동의서 작성,
161,한국스포츠정책과학원,기보유 데이터 아카이빙,gym 4_yang (11),체조_양학선 기술,,0,1,0,미부착,제1유형,동의서 작성,
162,한국스포츠정책과학원,기보유 데이터 아카이빙,gym 4_yang (12),체조_양학선 기술,,0,1,0,미부착,제1유형,동의서 작성,
163,한국스포츠정책과학원,기보유 데이터 아카이빙,gym 4_yang (13),체조_양학선 기술,,0,1,0,미부착,제1유형,동의서 작성,
164,한국스포츠정책과학원,기보유 데이터 아카이빙,walk (1),걷기,,0,1,0,미부착,제1유형,동의서 작성,
165,한국스포츠정책과학원,기보유 데이터 아카이빙,walk (3),걷기,,0,1,0,미부착,제1유형,동의서 작성,
166,한국스포츠정책과학원,기보유 데이터 아카이빙,walk (9),걷기,,0,1,0,미부착,제1유형,동의서 작성,
167,한국스포츠정책과학원,기보유 데이터 아카이빙,walk (16),걷기,,0,1,0,미부착,제1유형,동의서 작성,
168,한국스포츠정책과학원,기보유 데이터 아카이빙,walk (19),걷기,,0,1,0,미부착,제1유형,동의서 작성,
169,한국스포츠정책과학원,기보유 데이터 아카이빙,walk (22),걷기,,0,1,0,미부착,제1유형,동의서 작성,
170,한국스포츠정책과학원,기보유 데이터 아카이빙,walk (23),걷기,,0,1,0,미부착,제1유형,동의서 작성,
171,한국스포츠정책과학원,기보유 데이터 아카이빙,walk (28),걷기,,0,1,0,미부착,제1유형,동의서 작성,
172,한국스포츠정책과학원,기보유 데이터 아카이빙,walk (30),걷기,,0,1,0,미부착,제1유형,동의서 작성,
173,한국스포츠정책과학원,기보유 데이터 아카이빙,walk (31),걷기,,0,1,0,미부착,제1유형,동의서 작성,
174,한국스포츠정책과학원,기보유 데이터 아카이빙,walk (32),걷기,,0,1,0,미부착,제1유형,동의서 작성,
175,한국스포츠정책과학원,기보유 데이터 아카이빙,TKD 6_P (1),"태권도_앞서기, 아래막기",,0,1,0,미부착,제1유형,동의서 작성,
176,한국스포츠정책과학원,기보유 데이터 아카이빙,TKD 6_P (2),"태권도_앞서기, 아래막기",,0,1,0,미부착,제1유형,동의서 작성,
177,한국스포츠정책과학원,기보유 데이터 아카이빙,TKD 6_P (3),"태권도_앞서기, 아래막기",,0,1,0,미부착,제1유형,동의서 작성,
178,한국스포츠정책과학원,기보유 데이터 아카이빙,TKD 6_P (4),"태권도_앞서기, 아래막기",,0,1,0,미부착,제1유형,동의서 작성,
179,한국스포츠정책과학원,기보유 데이터 아카이빙,TKD 6_P (5),"태권도_앞서기, 아래막기",,0,1,0,미부착,제1유형,동의서 작성,
180,한국스포츠정책과학원,기보유 데이터 아카이빙,TKD 6_P (6),"태권도_앞서기, 아래막기",,0,1,0,미부착,제1유형,동의서 작성,
181,한국스포츠정책과학원,기보유 데이터 아카이빙,TKD 6_P (7),"태권도_앞서기, 아래막기",,0,1,0,미부착,제1유형,동의서 작성,
182,한국스포츠정책과학원,기보유 데이터 아카이빙,TKD 6_P (8),"태권도_앞서기, 아래막기",,0,1,0,미부착,제1유형,동의서 작성,
183,한국스포츠정책과학원,기보유 데이터 아카이빙,TKD 6_P (9),"태권도_앞서기, 아래막기",,0,1,0,미부착,제1유형,동의서 작성,
184,한국스포츠정책과학원,기보유 데이터 아카이빙,TKD 6_P (10),"태권도_앞서기, 아래막기",,0,1,0,미부착,제1유형,동의서 작성,
185,한국스포츠정책과학원,기보유 데이터 아카이빙,TKD 6_P (12),"태권도_앞서기, 아래막기",,0,1,0,미부착,제1유형,동의서 작성,
186,한국스포츠정책과학원,기보유 데이터 아카이빙,TKD 6_P (13),"태권도_앞서기, 아래막기",,0,1,0,미부착,제1유형,동의서 작성,
187,한국스포츠정책과학원,기보유 데이터 아카이빙,TKD 6_P (14),"태권도_앞서기, 아래막기",,0,1,0,미부착,제1유형,동의서 작성,
188,한국스포츠정책과학원,기보유 데이터 아카이빙,TKD 6_P (15),"태권도_앞서기, 아래막기",,0,1,0,미부착,제1유형,동의서 작성,
189,한국스포츠정책과학원,기보유 데이터 아카이빙,TKD 6_P (16),"태권도_앞서기, 아래막기",,0,1,0,미부착,제1유형,동의서 작성,
190,한국스포츠정책과학원,기보유 데이터 아카이빙,TKD 6_P (17),"태권도_앞서기, 아래막기",,0,1,0,미부착,제1유형,동의서 작성,
191,한국스포츠정책과학원,기보유 데이터 아카이빙,TKD 6_P (18),"태권도_앞서기, 아래막기",,0,1,0,미부착,제1유형,동의서 작성,
192,한국스포츠정책과학원,기보유 데이터 아카이빙,TKD 6_P (19),"태권도_앞서기, 아래막기",,0,1,0,미부착,제1유형,동의서 작성,
193,한국스포츠정책과학원,기보유 데이터 아카이빙,TKD 6_P (20),"태권도_앞서기, 아래막기",,0,1,0,미부착,제1유형,동의서 작성,
194,한국스포츠정책과학원,기보유 데이터 아카이빙,TKD 7_P (1),"태권도_앞굽이, 바로지르기",,0,1,0,미부착,제1유형,동의서 작성,
195,한국스포츠정책과학원,기보유 데이터 아카이빙,TKD 7_P (2),"태권도_앞굽이, 바로지르기",,0,1,0,미부착,제1유형,동의서 작성,
196,한국스포츠정책과학원,기보유 데이터 아카이빙,TKD 7_P (3),"태권도_앞굽이, 바로지르기",,0,1,0,미부착,제1유형,동의서 작성,
197,한국스포츠정책과학원,기보유 데이터 아카이빙,TKD 7_P (4),"태권도_앞굽이, 바로지르기",,0,1,0,미부착,제1유형,동의서 작성,
198,한국스포츠정책과학원,기보유 데이터 아카이빙,TKD 7_P (5),"태권도_앞굽이, 바로지르기",,0,1,0,미부착,제1유형,동의서 작성,
199,한국스포츠정책과학원,기보유 데이터 아카이빙,TKD 7_P (6),"태권도_앞굽이, 바로지르기",,0,1,0,미부착,제1유형,동의서 작성,
200,한국스포츠정책과학원,기보유 데이터 아카이빙,TKD 7_P (8),"태권도_앞굽이, 바로지르기",,0,1,0,미부착,제1유형,동의서 작성,
201,한국스포츠정책과학원,기보유 데이터 아카이빙,TKD 7_P (11),"태권도_앞굽이, 바로지르기",,0,1,0,미부착,제1유형,동의서 작성,
202,한국스포츠정책과학원,기보유 데이터 아카이빙,TKD 7_P (12),"태권도_앞굽이, 바로지르기",,0,1,0,미부착,제1유형,동의서 작성,
203,한국스포츠정책과학원,기보유 데이터 아카이빙,TKD 7_P (13),"태권도_앞굽이, 바로지르기",,0,1,0,미부착,제1유형,동의서 작성,
204,한국스포츠정책과학원,기보유 데이터 아카이빙,TKD 7_P (14),"태권도_앞굽이, 바로지르기",,0,1,0,미부착,제1유형,동의서 작성,
205,한국스포츠정책과학원,기보유 데이터 아카이빙,TKD 7_P (15),"태권도_앞굽이, 바로지르기",,0,1,0,미부착,제1유형,동의서 작성,
206,한국스포츠정책과학원,기보유 데이터 아카이빙,TKD 7_P (16),"태권도_앞굽이, 바로지르기",,0,1,0,미부착,제1유형,동의서 작성,
207,한국스포츠정책과학원,기보유 데이터 아카이빙,TKD 7_P (17),"태권도_앞굽이, 바로지르기",,0,1,0,미부착,제1유형,동의서 작성,
208,한국스포츠정책과학원,기보유 데이터 아카이빙,TKD 7_P (18),"태권도_앞굽이, 바로지르기",,0,1,0,미부착,제1유형,동의서 작성,
209,한국스포츠정책과학원,기보유 데이터 아카이빙,TKD 7_P (19),"태권도_앞굽이, 바로지르기",,0,1,0,미부착,제1유형,동의서 작성,
210,한국스포츠정책과학원,기보유 데이터 아카이빙,TKD 7_P (20),"태권도_앞굽이, 바로지르기",,0,1,0,미부착,제1유형,동의서 작성,
211,한국스포츠정책과학원,기보유 데이터 아카이빙,TKD 7_P (21),"태권도_앞굽이, 바로지르기",,0,1,0,미부착,제1유형,동의서 작성,
212,한국스포츠정책과학원,기보유 데이터 아카이빙,TKD 7_P (22),"태권도_앞굽이, 바로지르기",,0,1,0,미부착,제1유형,동의서 작성,
213,한국스포츠정책과학원,기보유 데이터 아카이빙,TKD 7_P (23),"태권도_앞굽이, 바로지르기",,0,1,0,미부착,제1유형,동의서 작성,
214,한국스포츠정책과학원,기보유 데이터 아카이빙,TKD 7_P (24),"태권도_앞굽이, 바로지르기",,0,1,0,미부착,제1유형,동의서 작성,
215,한국스포츠정책과학원,기보유 데이터 아카이빙,TKD 7_P (25),"태권도_앞굽이, 바로지르기",,0,1,0,미부착,제1유형,동의서 작성,
216,한국스포츠정책과학원,기보유 데이터 아카이빙,TKD 7_P (26),"태권도_앞굽이, 바로지르기",,0,1,0,미부착,제1유형,동의서 작성,
217,한국스포츠정책과학원,기보유 데이터 아카이빙,TKD 7_P (28),"태권도_앞굽이, 바로지르기",,0,1,0,미부착,제1유형,동의서 작성,
218,한국스포츠정책과학원,기보유 데이터 아카이빙,TKD 7_P (30),"태권도_앞굽이, 바로지르기",,0,1,0,미부착,제1유형,동의서 작성,
219,한국스포츠정책과학원,기보유 데이터 아카이빙,TKD 7_P (31),"태권도_앞굽이, 바로지르기",,0,1,0,미부착,제1유형,동의서 작성,
220,한국스포츠정책과학원,기보유 데이터 아카이빙,TKD 7_P (32),"태권도_앞굽이, 바로지르기",,0,1,0,미부착,제1유형,동의서 작성,
221,한국스포츠정책과학원,기보유 데이터 아카이빙,TKD 7_P (33),"태권도_앞굽이, 바로지르기",,0,1,0,미부착,제1유형,동의서 작성,
222,한국스포츠정책과학원,기보유 데이터 아카이빙,TKD 7_P (34),"태권도_앞굽이, 바로지르기",,0,1,0,미부착,제1유형,동의서 작성,
223,한국스포츠정책과학원,기보유 데이터 아카이빙,TKD 7_P (35),"태권도_앞굽이, 바로지르기",,0,1,0,미부착,제1유형,동의서 작성,
224,한국스포츠정책과학원,기보유 데이터 아카이빙,TKD 7_P (36),"태권도_앞굽이, 바로지르기",,0,1,0,미부착,제1유형,동의서 작성,
225,한국스포츠정책과학원,기보유 데이터 아카이빙,TKD 7_P (37),"태권도_앞굽이, 바로지르기",,0,1,0,미부착,제1유형,동의서 작성,
226,한국스포츠정책과학원,기보유 데이터 아카이빙,TKD 7_P (40),"태권도_앞굽이, 바로지르기",,0,1,0,미부착,제1유형,동의서 작성,
227,한국스포츠정책과학원,기보유 데이터 아카이빙,TKD 7_P (41),"태권도_앞굽이, 바로지르기",,0,1,0,미부착,제1유형,동의서 작성,
228,한국스포츠정책과학원,기보유 데이터 아카이빙,TKD 7_P (42),"태권도_앞굽이, 바로지르기",,0,1,0,미부착,제1유형,동의서 작성,
229,한국스포츠정책과학원,기보유 데이터 아카이빙,TKD 7_P (43),"태권도_앞굽이, 바로지르기",,0,1,0,미부착,제1유형,동의서 작성,
230,한국스포츠정책과학원,기보유 데이터 아카이빙,TKD 7_P (46),"태권도_앞굽이, 바로지르기",,0,1,0,미부착,제1유형,동의서 작성,
231,한국스포츠정책과학원,기보유 데이터 아카이빙,TKD 7_P (47),"태권도_앞굽이, 바로지르기",,0,1,0,미부착,제1유형,동의서 작성,
232,한국스포츠정책과학원,기보유 데이터 아카이빙,TKD 7_P (48),"태권도_앞굽이, 바로지르기",,0,1,0,미부착,제1유형,동의서 작성,
233,한국스포츠정책과학원,기보유 데이터 아카이빙,TKD 7_P (49),"태권도_앞굽이, 바로지르기",,0,1,0,미부착,제1유형,동의서 작성,
234,한국스포츠정책과학원,기보유 데이터 아카이빙,TKD 7_P (50),"태권도_앞굽이, 바로지르기",,0,1,0,미부착,제1유형,동의서 작성,
235,한국스포츠정책과학원,기보유 데이터 아카이빙,TKD 7_P (51),"태권도_앞굽이, 바로지르기",,0,1,0,미부착,제1유형,동의서 작성,
236,한국스포츠정책과학원,기보유 데이터 아카이빙,TKD 7_P (52),"태권도_앞굽이, 바로지르기",,0,1,0,미부착,제1유형,동의서 작성,
237,한국스포츠정책과학원,기보유 데이터 아카이빙,TKD 7_P (53),"태권도_앞굽이, 바로지르기",,0,1,0,미부착,제1유형,동의서 작성,
238,한국스포츠정책과학원,기보유 데이터 아카이빙,TKD 7_P (54),"태권도_앞굽이, 바로지르기",,0,1,0,미부착,제1유형,동의서 작성,
239,한국스포츠정책과학원,기보유 데이터 아카이빙,TKD 7_P (55),"태권도_앞굽이, 바로지르기",,0,1,0,미부착,제1유형,동의서 작성,
240,한국스포츠정책과학원,기보유 데이터 아카이빙,TKD 7_P (56),"태권도_앞굽이, 바로지르기",,0,1,0,미부착,제1유형,동의서 작성,
241,한국스포츠정책과학원,기보유 데이터 아카이빙,TKD 7_P (57),"태권도_앞굽이, 바로지르기",,0,1,0,미부착,제1유형,동의서 작성,
242,한국스포츠정책과학원,기보유 데이터 아카이빙,TKD 7_P (58),"태권도_앞굽이, 바로지르기",,0,1,0,미부착,제1유형,동의서 작성,
243,한국스포츠정책과학원,기보유 데이터 아카이빙,TKD 7_P (59),"태권도_앞굽이, 바로지르기",,0,1,0,미부착,제1유형,동의서 작성,
244,한국스포츠정책과학원,기보유 데이터 아카이빙,TKD 7_P (60),"태권도_앞굽이, 바로지르기",,0,1,0,미부착,제1유형,동의서 작성,
245,한국스포츠정책과학원,기보유 데이터 아카이빙,TKD 8_static,"태권도_정적 자세(앞굽이, 바로지르기)",,0,1,0,미부착,제1유형,동의서 작성,
246,한국스포츠정책과학원,기보유 데이터 아카이빙,TKD 8_P,"태권도_앞굽이, 바로지르기",,0,1,0,미부착,제1유형,동의서 작성,
247,한국스포츠정책과학원,기보유 데이터 아카이빙,gym 5_static (1),체조_정적 자세(안마기술),,0,1,0,미부착,제1유형,동의서 작성,
248,한국스포츠정책과학원,기보유 데이터 아카이빙,gym 5_static (2),체조_정적 자세(안마기술),,0,1,0,미부착,제1유형,동의서 작성,
249,한국스포츠정책과학원,기보유 데이터 아카이빙,gym 5_static (3),체조_정적 자세(안마기술),,0,1,0,미부착,제1유형,동의서 작성,
250,한국스포츠정책과학원,기보유 데이터 아카이빙,gym 5_static (4),체조_정적 자세(안마기술),,0,1,0,미부착,제1유형,동의서 작성,
251,한국스포츠정책과학원,기보유 데이터 아카이빙,gym 5_static (5),체조_정적 자세(안마기술),,0,1,0,미부착,제1유형,동의서 작성,
252,한국스포츠정책과학원,기보유 데이터 아카이빙,gym 5_static (6),체조_정적 자세(안마기술),,0,1,0,미부착,제1유형,동의서 작성,
253,한국스포츠정책과학원,기보유 데이터 아카이빙,gym 5_static (7),체조_정적 자세(안마기술),,0,1,0,미부착,제1유형,동의서 작성,
254,한국스포츠정책과학원,기보유 데이터 아카이빙,gym 5_static (8),체조_정적 자세(안마기술),,0,1,0,미부착,제1유형,동의서 작성,
255,한국스포츠정책과학원,기보유 데이터 아카이빙,gym 5_static (9),체조_정적 자세(안마기술),,0,1,0,미부착,제1유형,동의서 작성,
256,한국스포츠정책과학원,기보유 데이터 아카이빙,gym 5_static (10),체조_정적 자세(안마기술),,0,1,0,미부착,제1유형,동의서 작성,
257,한국스포츠정책과학원,기보유 데이터 아카이빙,gym 5_static (11),체조_정적 자세(안마기술),,0,1,0,미부착,제1유형,동의서 작성,
258,한국스포츠정책과학원,기보유 데이터 아카이빙,gym 5_S (1),체조_안마 기술,,0,1,0,미부착,제1유형,동의서 작성,
259,한국스포츠정책과학원,기보유 데이터 아카이빙,gym 5_S (2),체조_안마 기술,,0,1,0,미부착,제1유형,동의서 작성,
260,한국스포츠정책과학원,기보유 데이터 아카이빙,gym 5_S (3),체조_안마 기술,,0,1,0,미부착,제1유형,동의서 작성,
261,한국스포츠정책과학원,기보유 데이터 아카이빙,gym 5_S (4),체조_안마 기술,,0,1,0,미부착,제1유형,동의서 작성,
262,한국스포츠정책과학원,기보유 데이터 아카이빙,gym 5_S (5),체조_안마 기술,,0,1,0,미부착,제1유형,동의서 작성,
263,한국스포츠정책과학원,기보유 데이터 아카이빙,gym 5_S (6),체조_안마 기술,,0,1,0,미부착,제1유형,동의서 작성,
264,한국스포츠정책과학원,기보유 데이터 아카이빙,gym 5_S (7),체조_안마 기술,,0,1,0,미부착,제1유형,동의서 작성,
265,한국스포츠정책과학원,기보유 데이터 아카이빙,gym 5_S (8),체조_안마 기술,,0,1,0,미부착,제1유형,동의서 작성,
266,한국스포츠정책과학원,기보유 데이터 아카이빙,gym 5_S (9),체조_안마 기술,,0,1,0,미부착,제1유형,동의서 작성,
267,한국스포츠정책과학원,기보유 데이터 아카이빙,gym 5_S (10),체조_안마 기술,,0,1,0,미부착,제1유형,동의서 작성,
268,한국스포츠정책과학원,기보유 데이터 아카이빙,gym 5_S (11),체조_안마 기술,,0,1,0,미부착,제1유형,동의서 작성,
269,한국스포츠정책과학원,기보유 데이터 아카이빙,gym 5_S (12),체조_안마 기술,,0,1,0,미부착,제1유형,동의서 작성,
270,한국스포츠정책과학원,기보유 데이터 아카이빙,gym 5_S (13),체조_안마 기술,,0,1,0,미부착,제1유형,동의서 작성,
271,한국스포츠정책과학원,기보유 데이터 아카이빙,gym 5_S (14),체조_안마 기술,,0,1,0,미부착,제1유형,동의서 작성,
272,한국스포츠정책과학원,기보유 데이터 아카이빙,gym 5_S (15),체조_안마 기술,,0,1,0,미부착,제1유형,동의서 작성,
273,한국스포츠정책과학원,기보유 데이터 아카이빙,gym 5_S (16),체조_안마 기술,,0,1,0,미부착,제1유형,동의서 작성,
274,한국스포츠정책과학원,기보유 데이터 아카이빙,gym 5_S (17),체조_안마 기술,,0,1,0,미부착,제1유형,동의서 작성,
275,한국스포츠정책과학원,기보유 데이터 아카이빙,gym 5_S (18),체조_안마 기술,,0,1,0,미부착,제1유형,동의서 작성,
276,한국스포츠정책과학원,기보유 데이터 아카이빙,gym 5_S (19),체조_안마 기술,,0,1,0,미부착,제1유형,동의서 작성,
277,한국스포츠정책과학원,기보유 데이터 아카이빙,gym 5_S (20),체조_안마 기술,,0,1,0,미부착,제1유형,동의서 작성,
278,한국스포츠정책과학원,기보유 데이터 아카이빙,gym 5_S (21),체조_안마 기술,,0,1,0,미부착,제1유형,동의서 작성,
279,한국스포츠정책과학원,기보유 데이터 아카이빙,gym 5_S (22),체조_안마 기술,,0,1,0,미부착,제1유형,동의서 작성,
280,한국스포츠정책과학원,기보유 데이터 아카이빙,gym 5_S (23),체조_안마 기술,,0,1,0,미부착,제1유형,동의서 작성,
281,한국스포츠정책과학원,기보유 데이터 아카이빙,gym 5_S (24),체조_안마 기술,,0,1,0,미부착,제1유형,동의서 작성,
282,한국스포츠정책과학원,기보유 데이터 아카이빙,gym 5_S (25),체조_안마 기술,,0,1,0,미부착,제1유형,동의서 작성,
283,한국스포츠정책과학원,기보유 데이터 아카이빙,gym 5_S (26),체조_안마 기술,,0,1,0,미부착,제1유형,동의서 작성,
284,한국스포츠정책과학원,기보유 데이터 아카이빙,gym 5_S (27),체조_안마 기술,,0,1,0,미부착,제1유형,동의서 작성,
285,한국스포츠정책과학원,기보유 데이터 아카이빙,gym 5_S (28),체조_안마 기술,,0,1,0,미부착,제1유형,동의서 작성,
286,한국스포츠정책과학원,기보유 데이터 아카이빙,gym 5_S (29),체조_안마 기술,,0,1,0,미부착,제1유형,동의서 작성,
287,한국스포츠정책과학원,기보유 데이터 아카이빙,gym 5_S (30),체조_안마 기술,,0,1,0,미부착,제1유형,동의서 작성,
288,한국스포츠정책과학원,기보유 데이터 아카이빙,gym 5_S (31),체조_안마 기술,,0,1,0,미부착,제1유형,동의서 작성,
289,한국스포츠정책과학원,기보유 데이터 아카이빙,gym 5_S (32),체조_안마 기술,,0,1,0,미부착,제1유형,동의서 작성,
290,한국스포츠정책과학원,기보유 데이터 아카이빙,gym 5_S (33),체조_안마 기술,,0,1,0,미부착,제1유형,동의서 작성,
291,한국스포츠정책과학원,기보유 데이터 아카이빙,gym 5_S (34),체조_안마 기술,,0,1,0,미부착,제1유형,동의서 작성,
292,한국스포츠정책과학원,기보유 데이터 아카이빙,TKD 9_P (1),태권도_앞차기,,0,1,0,미부착,제1유형,동의서 작성,
293,한국스포츠정책과학원,기보유 데이터 아카이빙,TKD 9_P (2),태권도_앞차기,,0,1,0,미부착,제1유형,동의서 작성,
294,한국스포츠정책과학원,기보유 데이터 아카이빙,TKD 9_P (3),태권도_앞차기,,0,1,0,미부착,제1유형,동의서 작성,
295,한국스포츠정책과학원,기보유 데이터 아카이빙,TKD 9_P (4),태권도_앞차기,,0,1,0,미부착,제1유형,동의서 작성,
296,한국스포츠정책과학원,기보유 데이터 아카이빙,TKD 9_P (5),태권도_앞차기,,0,1,0,미부착,제1유형,동의서 작성,
297,한국스포츠정책과학원,기보유 데이터 아카이빙,TKD 9_P (6),태권도_앞차기,,0,1,0,미부착,제1유형,동의서 작성,
298,한국스포츠정책과학원,기보유 데이터 아카이빙,TKD 9_P (7),태권도_앞차기,,0,1,0,미부착,제1유형,동의서 작성,
299,한국스포츠정책과학원,기보유 데이터 아카이빙,TKD 9_P (8),태권도_앞차기,,0,1,0,미부착,제1유형,동의서 작성,
300,한국스포츠정책과학원,기보유 데이터 아카이빙,TKD 9_P (9),태권도_앞차기,,0,1,0,미부착,제1유형,동의서 작성,
301,한국스포츠정책과학원,기보유 데이터 아카이빙,TKD 9_P (10),태권도_앞차기,,0,1,0,미부착,제1유형,동의서 작성,
302,한국스포츠정책과학원,기보유 데이터 아카이빙,TKD 9_P (11),태권도_앞차기,,0,1,0,미부착,제1유형,동의서 작성,
303,한국스포츠정책과학원,기보유 데이터 아카이빙,TKD 9_P (12),태권도_앞차기,,0,1,0,미부착,제1유형,동의서 작성,
304,한국스포츠정책과학원,기보유 데이터 아카이빙,TKD 9_P (13),태권도_앞차기,,0,1,0,미부착,제1유형,동의서 작성,
305,한국스포츠정책과학원,기보유 데이터 아카이빙,TKD 9_P (14),태권도_앞차기,,0,1,0,미부착,제1유형,동의서 작성,
306,한국스포츠정책과학원,기보유 데이터 아카이빙,TKD 9_P (15),태권도_앞차기,,0,1,0,미부착,제1유형,동의서 작성,
307,한국스포츠정책과학원,기보유 데이터 아카이빙,TKD 9_P (16),태권도_앞차기,,0,1,0,미부착,제1유형,동의서 작성,
308,한국스포츠정책과학원,기보유 데이터 아카이빙,TKD 9_P (17),태권도_앞차기,,0,1,0,미부착,제1유형,동의서 작성,
309,한국스포츠정책과학원,기보유 데이터 아카이빙,TKD 9_P (18),태권도_앞차기,,0,1,0,미부착,제1유형,동의서 작성,
310,한국스포츠정책과학원,기보유 데이터 아카이빙,TKD 9_P (19),태권도_앞차기,,0,1,0,미부착,제1유형,동의서 작성,
311,한국스포츠정책과학원,기보유 데이터 아카이빙,TKD 9_P (20),태권도_앞차기,,0,1,0,미부착,제1유형,동의서 작성,
312,한국스포츠정책과학원,기보유 데이터 아카이빙,TKD 9_P (21),태권도_앞차기,,0,1,0,미부착,제1유형,동의서 작성,
313,한국스포츠정책과학원,기보유 데이터 아카이빙,TKD 9_P (22),태권도_앞차기,,0,1,0,미부착,제1유형,동의서 작성,
314,한국스포츠정책과학원,기보유 데이터 아카이빙,TKD 9_P (23),태권도_앞차기,,0,1,0,미부착,제1유형,동의서 작성,
315,한국스포츠정책과학원,기보유 데이터 아카이빙,TKD 9_P (24),태권도_앞차기,,0,1,0,미부착,제1유형,동의서 작성,
316,한국스포츠정책과학원,기보유 데이터 아카이빙,TKD 9_P (25),태권도_앞차기,,0,1,0,미부착,제1유형,동의서 작성,
317,한국스포츠정책과학원,기보유 데이터 아카이빙,TKD 10_P (1),태권도_몸돌아옆차기,,0,1,0,미부착,제1유형,동의서 작성,
318,한국스포츠정책과학원,기보유 데이터 아카이빙,TKD 10_P (2),태권도_몸돌아옆차기,,0,1,0,미부착,제1유형,동의서 작성,
319,한국스포츠정책과학원,기보유 데이터 아카이빙,TKD 10_P (3),태권도_몸돌아옆차기,,0,1,0,미부착,제1유형,동의서 작성,
320,한국스포츠정책과학원,기보유 데이터 아카이빙,TKD 10_P (4),태권도_몸돌아옆차기,,0,1,0,미부착,제1유형,동의서 작성,
321,한국스포츠정책과학원,기보유 데이터 아카이빙,TKD 10_P (5),태권도_몸돌아옆차기,,0,1,0,미부착,제1유형,동의서 작성,
322,한국스포츠정책과학원,기보유 데이터 아카이빙,TKD 10_P (6),태권도_몸돌아옆차기,,0,1,0,미부착,제1유형,동의서 작성,
323,한국스포츠정책과학원,기보유 데이터 아카이빙,TKD 10_P (7),태권도_몸돌아옆차기,,0,1,0,미부착,제1유형,동의서 작성,
324,한국스포츠정책과학원,기보유 데이터 아카이빙,TKD 10_P (8),태권도_몸돌아옆차기,,0,1,0,미부착,제1유형,동의서 작성,
325,한국스포츠정책과학원,기보유 데이터 아카이빙,TKD 10_P (9),태권도_몸돌아옆차기,,0,1,0,미부착,제1유형,동의서 작성,
326,한국스포츠정책과학원,기보유 데이터 아카이빙,TKD 10_P (10),태권도_몸돌아옆차기,,0,1,0,미부착,제1유형,동의서 작성,
327,한국스포츠정책과학원,기보유 데이터 아카이빙,TKD 10_P (11),태권도_몸돌아옆차기,,0,1,0,미부착,제1유형,동의서 작성,
328,한국스포츠정책과학원,기보유 데이터 아카이빙,TKD 10_P (12),태권도_몸돌아옆차기,,0,1,0,미부착,제1유형,동의서 작성,
329,한국스포츠정책과학원,기보유 데이터 아카이빙,TKD 10_P (13),태권도_몸돌아옆차기,,0,1,0,미부착,제1유형,동의서 작성,
330,한국스포츠정책과학원,기보유 데이터 아카이빙,TKD 10_P (14),태권도_몸돌아옆차기,,0,1,0,미부착,제1유형,동의서 작성,
331,한국스포츠정책과학원,기보유 데이터 아카이빙,TKD 10_P (15),태권도_몸돌아옆차기,,0,1,0,미부착,제1유형,동의서 작성,
332,한국스포츠정책과학원,기보유 데이터 아카이빙,TKD 10_P (16),태권도_몸돌아옆차기,,0,1,0,미부착,제1유형,동의서 작성,
333,한국스포츠정책과학원,기보유 데이터 아카이빙,TKD 10_P (17),태권도_몸돌아옆차기,,0,1,0,미부착,제1유형,동의서 작성,
334,한국스포츠정책과학원,기보유 데이터 아카이빙,TKD 10_P (18),태권도_몸돌아옆차기,,0,1,0,미부착,제1유형,동의서 작성,
335,한국스포츠정책과학원,기보유 데이터 아카이빙,TKD 10_P (19),태권도_몸돌아옆차기,,0,1,0,미부착,제1유형,동의서 작성,
336,한국스포츠정책과학원,기보유 데이터 아카이빙,TKD 10_P (20),태권도_몸돌아옆차기,,0,1,0,미부착,제1유형,동의서 작성,
337,한국스포츠정책과학원,기보유 데이터 아카이빙,TKD 10_P (21),태권도_몸돌아옆차기,,0,1,0,미부착,제1유형,동의서 작성,
338,한국스포츠정책과학원,기보유 데이터 아카이빙,TKD 10_P (22),태권도_몸돌아옆차기,,0,1,0,미부착,제1유형,동의서 작성,
339,한국스포츠정책과학원,기보유 데이터 아카이빙,TKD 10_P (23),태권도_몸돌아옆차기,,0,1,0,미부착,제1유형,동의서 작성,
340,한국스포츠정책과학원,기보유 데이터 아카이빙,TKD 10_P (24),태권도_몸돌아옆차기,,0,1,0,미부착,제1유형,동의서 작성,
341,한국스포츠정책과학원,기보유 데이터 아카이빙,TKD 10_P (25),태권도_몸돌아옆차기,,0,1,0,미부착,제1유형,동의서 작성,
342,한국스포츠정책과학원,기보유 데이터 아카이빙,TKD 11_P (1),태권도_앞차고 몸돌아옆차기,,0,1,0,미부착,제1유형,동의서 작성,
343,한국스포츠정책과학원,기보유 데이터 아카이빙,TKD 11_P (2),태권도_앞차고 몸돌아옆차기,,0,1,0,미부착,제1유형,동의서 작성,
344,한국스포츠정책과학원,기보유 데이터 아카이빙,TKD 11_P (3),태권도_앞차고 몸돌아옆차기,,0,1,0,미부착,제1유형,동의서 작성,
345,한국스포츠정책과학원,기보유 데이터 아카이빙,TKD 11_P (4),태권도_앞차고 몸돌아옆차기,,0,1,0,미부착,제1유형,동의서 작성,
346,한국스포츠정책과학원,기보유 데이터 아카이빙,TKD 11_P (5),태권도_앞차고 몸돌아옆차기,,0,1,0,미부착,제1유형,동의서 작성,
347,한국스포츠정책과학원,기보유 데이터 아카이빙,TKD 11_P (6),태권도_앞차고 몸돌아옆차기,,0,1,0,미부착,제1유형,동의서 작성,
348,한국스포츠정책과학원,기보유 데이터 아카이빙,TKD 11_P (7),태권도_앞차고 몸돌아옆차기,,0,1,0,미부착,제1유형,동의서 작성,
349,한국스포츠정책과학원,기보유 데이터 아카이빙,TKD 11_P (8),태권도_앞차고 몸돌아옆차기,,0,1,0,미부착,제1유형,동의서 작성,
350,한국스포츠정책과학원,기보유 데이터 아카이빙,TKD 11_P (9),태권도_앞차고 몸돌아옆차기,,0,1,0,미부착,제1유형,동의서 작성,
351,한국스포츠정책과학원,기보유 데이터 아카이빙,TKD 11_P (10),태권도_앞차고 몸돌아옆차기,,0,1,0,미부착,제1유형,동의서 작성,
352,한국스포츠정책과학원,기보유 데이터 아카이빙,TKD 11_P (11),태권도_앞차고 몸돌아옆차기,,0,1,0,미부착,제1유형,동의서 작성,
353,한국스포츠정책과학원,기보유 데이터 아카이빙,TKD 11_P (12),태권도_앞차고 몸돌아옆차기,,0,1,0,미부착,제1유형,동의서 작성,
354,한국스포츠정책과학원,기보유 데이터 아카이빙,TKD 11_P (13),태권도_앞차고 몸돌아옆차기,,0,1,0,미부착,제1유형,동의서 작성,
355,한국스포츠정책과학원,기보유 데이터 아카이빙,TKD 11_P (14),태권도_앞차고 몸돌아옆차기,,0,1,0,미부착,제1유형,동의서 작성,
356,한국스포츠정책과학원,기보유 데이터 아카이빙,TKD 11_P (15),태권도_앞차고 몸돌아옆차기,,0,1,0,미부착,제1유형,동의서 작성,
357,한국스포츠정책과학원,기보유 데이터 아카이빙,TKD 11_P (16),태권도_앞차고 몸돌아옆차기,,0,1,0,미부착,제1유형,동의서 작성,
358,한국스포츠정책과학원,기보유 데이터 아카이빙,TKD 11_P (17),태권도_앞차고 몸돌아옆차기,,0,1,0,미부착,제1유형,동의서 작성,
359,한국스포츠정책과학원,기보유 데이터 아카이빙,TKD 11_P (18),태권도_앞차고 몸돌아옆차기,,0,1,0,미부착,제1유형,동의서 작성,
360,한국스포츠정책과학원,기보유 데이터 아카이빙,TKD 11_P (19),태권도_앞차고 몸돌아옆차기,,0,1,0,미부착,제1유형,동의서 작성,
361,한국스포츠정책과학원,기보유 데이터 아카이빙,TKD 11_P (20),태권도_앞차고 몸돌아옆차기,,0,1,0,미부착,제1유형,동의서 작성,
362,한국스포츠정책과학원,기보유 데이터 아카이빙,TKD 11_P (21),태권도_앞차고 몸돌아옆차기,,0,1,0,미부착,제1유형,동의서 작성,
363,한국스포츠정책과학원,기보유 데이터 아카이빙,TKD 11_P (22),태권도_앞차고 몸돌아옆차기,,0,1,0,미부착,제1유형,동의서 작성,
364,한국스포츠정책과학원,기보유 데이터 아카이빙,TKD 11_P (23),태권도_앞차고 몸돌아옆차기,,0,1,0,미부착,제1유형,동의서 작성,
365,한국스포츠정책과학원,기보유 데이터 아카이빙,TKD 11_P (24),태권도_앞차고 몸돌아옆차기,,0,1,0,미부착,제1유형,동의서 작성,
366,한국스포츠정책과학원,기보유 데이터 아카이빙,TKD 11_P (25),태권도_앞차고 몸돌아옆차기,,0,1,0,미부착,제1유형,동의서 작성,
367,한국스포츠정책과학원,기보유 데이터 아카이빙,TKD 12_P (1),태권도_앞차기,,0,1,0,미부착,제1유형,동의서 작성,
368,한국스포츠정책과학원,기보유 데이터 아카이빙,TKD 12_P (2),태권도_앞차기,,0,1,0,미부착,제1유형,동의서 작성,
369,한국스포츠정책과학원,기보유 데이터 아카이빙,TKD 12_P (3),태권도_앞차기,,0,1,0,미부착,제1유형,동의서 작성,
370,한국스포츠정책과학원,기보유 데이터 아카이빙,TKD 12_P (4),태권도_앞차기,,0,1,0,미부착,제1유형,동의서 작성,
371,한국스포츠정책과학원,기보유 데이터 아카이빙,TKD 12_P (5),태권도_앞차기,,0,1,0,미부착,제1유형,동의서 작성,
372,한국스포츠정책과학원,기보유 데이터 아카이빙,TKD 12_P (6),태권도_앞차기,,0,1,0,미부착,제1유형,동의서 작성,
373,한국스포츠정책과학원,기보유 데이터 아카이빙,TKD 12_P (7),태권도_앞차기,,0,1,0,미부착,제1유형,동의서 작성,
374,한국스포츠정책과학원,기보유 데이터 아카이빙,TKD 12_P (8),태권도_앞차기,,0,1,0,미부착,제1유형,동의서 작성,
375,한국스포츠정책과학원,기보유 데이터 아카이빙,TKD 12_P (9),태권도_앞차기,,0,1,0,미부착,제1유형,동의서 작성,
376,한국스포츠정책과학원,기보유 데이터 아카이빙,TKD 12_P (10),태권도_앞차기,,0,1,0,미부착,제1유형,동의서 작성,
377,한국스포츠정책과학원,기보유 데이터 아카이빙,TKD 12_P (11),태권도_앞차기,,0,1,0,미부착,제1유형,동의서 작성,
378,한국스포츠정책과학원,기보유 데이터 아카이빙,TKD 12_P (12),태권도_앞차기,,0,1,0,미부착,제1유형,동의서 작성,
379,한국스포츠정책과학원,기보유 데이터 아카이빙,TKD 12_P (13),태권도_앞차기,,0,1,0,미부착,제1유형,동의서 작성,
380,한국스포츠정책과학원,기보유 데이터 아카이빙,TKD 12_P (14),태권도_앞차기,,0,1,0,미부착,제1유형,동의서 작성,
381,한국스포츠정책과학원,기보유 데이터 아카이빙,TKD 12_P (15),태권도_앞차기,,0,1,0,미부착,제1유형,동의서 작성,
382,한국스포츠정책과학원,기보유 데이터 아카이빙,TKD 12_P (16),태권도_앞차기,,0,1,0,미부착,제1유형,동의서 작성,
383,한국스포츠정책과학원,기보유 데이터 아카이빙,TKD 12_P (17),태권도_앞차기,,0,1,0,미부착,제1유형,동의서 작성,
384,한국스포츠정책과학원,기보유 데이터 아카이빙,TKD 12_P (18),태권도_앞차기,,0,1,0,미부착,제1유형,동의서 작성,
385,한국스포츠정책과학원,기보유 데이터 아카이빙,TKD 12_P (19),태권도_앞차기,,0,1,0,미부착,제1유형,동의서 작성,
386,한국스포츠정책과학원,기보유 데이터 아카이빙,TKD 12_P (20),태권도_앞차기,,0,1,0,미부착,제1유형,동의서 작성,
387,한국스포츠정책과학원,기보유 데이터 아카이빙,TKD 12_P (21),태권도_앞차기,,0,1,0,미부착,제1유형,동의서 작성,
388,한국스포츠정책과학원,기보유 데이터 아카이빙,TKD 12_P (22),태권도_앞차기,,0,1,0,미부착,제1유형,동의서 작성,
389,한국스포츠정책과학원,기보유 데이터 아카이빙,TKD 12_P (23),태권도_앞차기,,0,1,0,미부착,제1유형,동의서 작성,
390,한국스포츠정책과학원,기보유 데이터 아카이빙,TKD 12_P (24),태권도_앞차기,,0,1,0,미부착,제1유형,동의서 작성,
391,한국스포츠정책과학원,기보유 데이터 아카이빙,TKD 12_P (25),태권도_앞차기,,0,1,0,미부착,제1유형,동의서 작성,
392,한국스포츠정책과학원,기보유 데이터 아카이빙,TKD 13_P (1),태권도_몸돌아옆차기,,0,1,0,미부착,제1유형,동의서 작성,
393,한국스포츠정책과학원,기보유 데이터 아카이빙,TKD 13_P (2),태권도_몸돌아옆차기,,0,1,0,미부착,제1유형,동의서 작성,
394,한국스포츠정책과학원,기보유 데이터 아카이빙,TKD 13_P (3),태권도_몸돌아옆차기,,0,1,0,미부착,제1유형,동의서 작성,
395,한국스포츠정책과학원,기보유 데이터 아카이빙,TKD 13_P (4),태권도_몸돌아옆차기,,0,1,0,미부착,제1유형,동의서 작성,
396,한국스포츠정책과학원,기보유 데이터 아카이빙,TKD 13_P (5),태권도_몸돌아옆차기,,0,1,0,미부착,제1유형,동의서 작성,
397,한국스포츠정책과학원,기보유 데이터 아카이빙,TKD 13_P (6),태권도_몸돌아옆차기,,0,1,0,미부착,제1유형,동의서 작성,
398,한국스포츠정책과학원,기보유 데이터 아카이빙,TKD 13_P (7),태권도_몸돌아옆차기,,0,1,0,미부착,제1유형,동의서 작성,
399,한국스포츠정책과학원,기보유 데이터 아카이빙,TKD 13_P (8),태권도_몸돌아옆차기,,0,1,0,미부착,제1유형,동의서 작성,
400,한국스포츠정책과학원,기보유 데이터 아카이빙,TKD 13_P (9),태권도_몸돌아옆차기,,0,1,0,미부착,제1유형,동의서 작성,
401,한국스포츠정책과학원,기보유 데이터 아카이빙,TKD 13_P (10),태권도_몸돌아옆차기,,0,1,0,미부착,제1유형,동의서 작성,
402,한국스포츠정책과학원,기보유 데이터 아카이빙,TKD 13_P (11),태권도_몸돌아옆차기,,0,1,0,미부착,제1유형,동의서 작성,
403,한국스포츠정책과학원,기보유 데이터 아카이빙,TKD 13_P (12),태권도_몸돌아옆차기,,0,1,0,미부착,제1유형,동의서 작성,
404,한국스포츠정책과학원,기보유 데이터 아카이빙,TKD 13_P (13),태권도_몸돌아옆차기,,0,1,0,미부착,제1유형,동의서 작성,
405,한국스포츠정책과학원,기보유 데이터 아카이빙,TKD 13_P (14),태권도_몸돌아옆차기,,0,1,0,미부착,제1유형,동의서 작성,
406,한국스포츠정책과학원,기보유 데이터 아카이빙,TKD 13_P (15),태권도_몸돌아옆차기,,0,1,0,미부착,제1유형,동의서 작성,
407,한국스포츠정책과학원,기보유 데이터 아카이빙,TKD 13_P (16),태권도_몸돌아옆차기,,0,1,0,미부착,제1유형,동의서 작성,
408,한국스포츠정책과학원,기보유 데이터 아카이빙,TKD 13_P (17),태권도_몸돌아옆차기,,0,1,0,미부착,제1유형,동의서 작성,
409,한국스포츠정책과학원,기보유 데이터 아카이빙,TKD 13_P (18),태권도_몸돌아옆차기,,0,1,0,미부착,제1유형,동의서 작성,
410,한국스포츠정책과학원,기보유 데이터 아카이빙,TKD 13_P (19),태권도_몸돌아옆차기,,0,1,0,미부착,제1유형,동의서 작성,
411,한국스포츠정책과학원,기보유 데이터 아카이빙,TKD 13_P (20),태권도_몸돌아옆차기,,0,1,0,미부착,제1유형,동의서 작성,
412,한국스포츠정책과학원,기보유 데이터 아카이빙,TKD 13_P (21),태권도_몸돌아옆차기,,0,1,0,미부착,제1유형,동의서 작성,
413,한국스포츠정책과학원,기보유 데이터 아카이빙,TKD 13_P (22),태권도_몸돌아옆차기,,0,1,0,미부착,제1유형,동의서 작성,
414,한국스포츠정책과학원,기보유 데이터 아카이빙,TKD 13_P (23),태권도_몸돌아옆차기,,0,1,0,미부착,제1유형,동의서 작성,
415,한국스포츠정책과학원,기보유 데이터 아카이빙,TKD 13_P (24),태권도_몸돌아옆차기,,0,1,0,미부착,제1유형,동의서 작성,
416,한국스포츠정책과학원,기보유 데이터 아카이빙,TKD 13_P (25),태권도_몸돌아옆차기,,0,1,0,미부착,제1유형,동의서 작성,
417,한국스포츠정책과학원,기보유 데이터 아카이빙,TKD 14_P (1),태권도_앞차고 몸돌아옆차기,,0,1,0,미부착,제1유형,동의서 작성,
418,한국스포츠정책과학원,기보유 데이터 아카이빙,TKD 14_P (2),태권도_앞차고 몸돌아옆차기,,0,1,0,미부착,제1유형,동의서 작성,
419,한국스포츠정책과학원,기보유 데이터 아카이빙,TKD 14_P (3),태권도_앞차고 몸돌아옆차기,,0,1,0,미부착,제1유형,동의서 작성,
420,한국스포츠정책과학원,기보유 데이터 아카이빙,TKD 14_P (4),태권도_앞차고 몸돌아옆차기,,0,1,0,미부착,제1유형,동의서 작성,
421,한국스포츠정책과학원,기보유 데이터 아카이빙,TKD 14_P (5),태권도_앞차고 몸돌아옆차기,,0,1,0,미부착,제1유형,동의서 작성,
422,한국스포츠정책과학원,기보유 데이터 아카이빙,TKD 14_P (6),태권도_앞차고 몸돌아옆차기,,0,1,0,미부착,제1유형,동의서 작성,
423,한국스포츠정책과학원,기보유 데이터 아카이빙,TKD 14_P (7),태권도_앞차고 몸돌아옆차기,,0,1,0,미부착,제1유형,동의서 작성,
424,한국스포츠정책과학원,기보유 데이터 아카이빙,TKD 14_P (8),태권도_앞차고 몸돌아옆차기,,0,1,0,미부착,제1유형,동의서 작성,
425,한국스포츠정책과학원,기보유 데이터 아카이빙,TKD 14_P (9),태권도_앞차고 몸돌아옆차기,,0,1,0,미부착,제1유형,동의서 작성,
426,한국스포츠정책과학원,기보유 데이터 아카이빙,TKD 14_P (10),태권도_앞차고 몸돌아옆차기,,0,1,0,미부착,제1유형,동의서 작성,
427,한국스포츠정책과학원,기보유 데이터 아카이빙,TKD 14_P (11),태권도_앞차고 몸돌아옆차기,,0,1,0,미부착,제1유형,동의서 작성,
428,한국스포츠정책과학원,기보유 데이터 아카이빙,TKD 14_P (12),태권도_앞차고 몸돌아옆차기,,0,1,0,미부착,제1유형,동의서 작성,
429,한국스포츠정책과학원,기보유 데이터 아카이빙,TKD 14_P (13),태권도_앞차고 몸돌아옆차기,,0,1,0,미부착,제1유형,동의서 작성,
430,한국스포츠정책과학원,기보유 데이터 아카이빙,TKD 14_P (14),태권도_앞차고 몸돌아옆차기,,0,1,0,미부착,제1유형,동의서 작성,
431,한국스포츠정책과학원,기보유 데이터 아카이빙,TKD 14_P (15),태권도_앞차고 몸돌아옆차기,,0,1,0,미부착,제1유형,동의서 작성,
432,한국스포츠정책과학원,기보유 데이터 아카이빙,TKD 14_P (16),태권도_앞차고 몸돌아옆차기,,0,1,0,미부착,제1유형,동의서 작성,
433,한국스포츠정책과학원,기보유 데이터 아카이빙,TKD 14_P (17),태권도_앞차고 몸돌아옆차기,,0,1,0,미부착,제1유형,동의서 작성,
434,한국스포츠정책과학원,기보유 데이터 아카이빙,TKD 14_P (18),태권도_앞차고 몸돌아옆차기,,0,1,0,미부착,제1유형,동의서 작성,
435,한국스포츠정책과학원,기보유 데이터 아카이빙,TKD 14_P (19),태권도_앞차고 몸돌아옆차기,,0,1,0,미부착,제1유형,동의서 작성,
436,한국스포츠정책과학원,기보유 데이터 아카이빙,TKD 14_P (20),태권도_앞차고 몸돌아옆차기,,0,1,0,미부착,제1유형,동의서 작성,
437,한국스포츠정책과학원,기보유 데이터 아카이빙,TKD 14_P (21),태권도_앞차고 몸돌아옆차기,,0,1,0,미부착,제1유형,동의서 작성,
438,한국스포츠정책과학원,기보유 데이터 아카이빙,TKD 14_P (22),태권도_앞차고 몸돌아옆차기,,0,1,0,미부착,제1유형,동의서 작성,
439,한국스포츠정책과학원,기보유 데이터 아카이빙,TKD 14_P (23),태권도_앞차고 몸돌아옆차기,,0,1,0,미부착,제1유형,동의서 작성,
440,한국스포츠정책과학원,기보유 데이터 아카이빙,TKD 14_P (24),태권도_앞차고 몸돌아옆차기,,0,1,0,미부착,제1유형,동의서 작성,
441,한국스포츠정책과학원,기보유 데이터 아카이빙,TKD 14_P (25),태권도_앞차고 몸돌아옆차기,,0,1,0,미부착,제1유형,동의서 작성,
442,한국스포츠정책과학원,기보유 데이터 아카이빙,TKD 15_P (1),태권도_앞차기,,0,1,0,미부착,제1유형,동의서 작성,
443,한국스포츠정책과학원,기보유 데이터 아카이빙,TKD 15_P (2),태권도_앞차기,,0,1,0,미부착,제1유형,동의서 작성,
444,한국스포츠정책과학원,기보유 데이터 아카이빙,TKD 15_P (3),태권도_앞차기,,0,1,0,미부착,제1유형,동의서 작성,
445,한국스포츠정책과학원,기보유 데이터 아카이빙,TKD 15_P (4),태권도_앞차기,,0,1,0,미부착,제1유형,동의서 작성,
446,한국스포츠정책과학원,기보유 데이터 아카이빙,TKD 15_P (5),태권도_앞차기,,0,1,0,미부착,제1유형,동의서 작성,
447,한국스포츠정책과학원,기보유 데이터 아카이빙,TKD 15_P (6),태권도_앞차기,,0,1,0,미부착,제1유형,동의서 작성,
448,한국스포츠정책과학원,기보유 데이터 아카이빙,TKD 15_P (7),태권도_앞차기,,0,1,0,미부착,제1유형,동의서 작성,
449,한국스포츠정책과학원,기보유 데이터 아카이빙,TKD 15_P (8),태권도_앞차기,,0,1,0,미부착,제1유형,동의서 작성,
450,한국스포츠정책과학원,기보유 데이터 아카이빙,TKD 15_P (9),태권도_앞차기,,0,1,0,미부착,제1유형,동의서 작성,
451,한국스포츠정책과학원,기보유 데이터 아카이빙,TKD 15_P (10),태권도_앞차기,,0,1,0,미부착,제1유형,동의서 작성,
452,한국스포츠정책과학원,기보유 데이터 아카이빙,TKD 15_P (11),태권도_앞차기,,0,1,0,미부착,제1유형,동의서 작성,
453,한국스포츠정책과학원,기보유 데이터 아카이빙,TKD 15_P (12),태권도_앞차기,,0,1,0,미부착,제1유형,동의서 작성,
454,한국스포츠정책과학원,기보유 데이터 아카이빙,TKD 15_P (13),태권도_앞차기,,0,1,0,미부착,제1유형,동의서 작성,
455,한국스포츠정책과학원,기보유 데이터 아카이빙,TKD 15_P (14),태권도_앞차기,,0,1,0,미부착,제1유형,동의서 작성,
456,한국스포츠정책과학원,기보유 데이터 아카이빙,TKD 15_P (15),태권도_앞차기,,0,1,0,미부착,제1유형,동의서 작성,
457,한국스포츠정책과학원,기보유 데이터 아카이빙,TKD 15_P (16),태권도_앞차기,,0,1,0,미부착,제1유형,동의서 작성,
458,한국스포츠정책과학원,기보유 데이터 아카이빙,TKD 15_P (17),태권도_앞차기,,0,1,0,미부착,제1유형,동의서 작성,
459,한국스포츠정책과학원,기보유 데이터 아카이빙,TKD 15_P (18),태권도_앞차기,,0,1,0,미부착,제1유형,동의서 작성,
460,한국스포츠정책과학원,기보유 데이터 아카이빙,TKD 15_P (19),태권도_앞차기,,0,1,0,미부착,제1유형,동의서 작성,
461,한국스포츠정책과학원,기보유 데이터 아카이빙,TKD 15_P (20),태권도_앞차기,,0,1,0,미부착,제1유형,동의서 작성,
462,한국스포츠정책과학원,기보유 데이터 아카이빙,TKD 15_P (21),태권도_앞차기,,0,1,0,미부착,제1유형,동의서 작성,
463,한국스포츠정책과학원,기보유 데이터 아카이빙,TKD 15_P (22),태권도_앞차기,,0,1,0,미부착,제1유형,동의서 작성,
464,한국스포츠정책과학원,기보유 데이터 아카이빙,TKD 15_P (23),태권도_앞차기,,0,1,0,미부착,제1유형,동의서 작성,
465,한국스포츠정책과학원,기보유 데이터 아카이빙,TKD 15_P (24),태권도_앞차기,,0,1,0,미부착,제1유형,동의서 작성,
466,한국스포츠정책과학원,기보유 데이터 아카이빙,TKD 15_P (25),태권도_앞차기,,0,1,0,미부착,제1유형,동의서 작성,
467,한국스포츠정책과학원,기보유 데이터 아카이빙,TKD 16_P (1),태권도_몸돌아옆차기,,0,1,0,미부착,제1유형,동의서 작성,
468,한국스포츠정책과학원,기보유 데이터 아카이빙,TKD 16_P (2),태권도_몸돌아옆차기,,0,1,0,미부착,제1유형,동의서 작성,
469,한국스포츠정책과학원,기보유 데이터 아카이빙,TKD 16_P (3),태권도_몸돌아옆차기,,0,1,0,미부착,제1유형,동의서 작성,
470,한국스포츠정책과학원,기보유 데이터 아카이빙,TKD 16_P (4),태권도_몸돌아옆차기,,0,1,0,미부착,제1유형,동의서 작성,
471,한국스포츠정책과학원,기보유 데이터 아카이빙,TKD 16_P (5),태권도_몸돌아옆차기,,0,1,0,미부착,제1유형,동의서 작성,
472,한국스포츠정책과학원,기보유 데이터 아카이빙,TKD 16_P (6),태권도_몸돌아옆차기,,0,1,0,미부착,제1유형,동의서 작성,
473,한국스포츠정책과학원,기보유 데이터 아카이빙,TKD 16_P (7),태권도_몸돌아옆차기,,0,1,0,미부착,제1유형,동의서 작성,
474,한국스포츠정책과학원,기보유 데이터 아카이빙,TKD 16_P (8),태권도_몸돌아옆차기,,0,1,0,미부착,제1유형,동의서 작성,
475,한국스포츠정책과학원,기보유 데이터 아카이빙,TKD 16_P (9),태권도_몸돌아옆차기,,0,1,0,미부착,제1유형,동의서 작성,
476,한국스포츠정책과학원,기보유 데이터 아카이빙,TKD 16_P (10),태권도_몸돌아옆차기,,0,1,0,미부착,제1유형,동의서 작성,
477,한국스포츠정책과학원,기보유 데이터 아카이빙,TKD 16_P (11),태권도_몸돌아옆차기,,0,1,0,미부착,제1유형,동의서 작성,
478,한국스포츠정책과학원,기보유 데이터 아카이빙,TKD 16_P (12),태권도_몸돌아옆차기,,0,1,0,미부착,제1유형,동의서 작성,
479,한국스포츠정책과학원,기보유 데이터 아카이빙,TKD 16_P (13),태권도_몸돌아옆차기,,0,1,0,미부착,제1유형,동의서 작성,
480,한국스포츠정책과학원,기보유 데이터 아카이빙,TKD 16_P (14),태권도_몸돌아옆차기,,0,1,0,미부착,제1유형,동의서 작성,
481,한국스포츠정책과학원,기보유 데이터 아카이빙,TKD 16_P (15),태권도_몸돌아옆차기,,0,1,0,미부착,제1유형,동의서 작성,
482,한국스포츠정책과학원,기보유 데이터 아카이빙,TKD 16_P (16),태권도_몸돌아옆차기,,0,1,0,미부착,제1유형,동의서 작성,
483,한국스포츠정책과학원,기보유 데이터 아카이빙,TKD 16_P (17),태권도_몸돌아옆차기,,0,1,0,미부착,제1유형,동의서 작성,
484,한국스포츠정책과학원,기보유 데이터 아카이빙,TKD 16_P (18),태권도_몸돌아옆차기,,0,1,0,미부착,제1유형,동의서 작성,
485,한국스포츠정책과학원,기보유 데이터 아카이빙,TKD 16_P (19),태권도_몸돌아옆차기,,0,1,0,미부착,제1유형,동의서 작성,
486,한국스포츠정책과학원,기보유 데이터 아카이빙,TKD 16_P (20),태권도_몸돌아옆차기,,0,1,0,미부착,제1유형,동의서 작성,
487,한국스포츠정책과학원,기보유 데이터 아카이빙,TKD 16_P (21),태권도_몸돌아옆차기,,0,1,0,미부착,제1유형,동의서 작성,
488,한국스포츠정책과학원,기보유 데이터 아카이빙,TKD 16_P (22),태권도_몸돌아옆차기,,0,1,0,미부착,제1유형,동의서 작성,
489,한국스포츠정책과학원,기보유 데이터 아카이빙,TKD 16_P (23),태권도_몸돌아옆차기,,0,1,0,미부착,제1유형,동의서 작성,
490,한국스포츠정책과학원,기보유 데이터 아카이빙,TKD 16_P (24),태권도_몸돌아옆차기,,0,1,0,미부착,제1유형,동의서 작성,
491,한국스포츠정책과학원,기보유 데이터 아카이빙,TKD 16_P (25),태권도_몸돌아옆차기,,0,1,0,미부착,제1유형,동의서 작성,
492,한국스포츠정책과학원,기보유 데이터 아카이빙,TKD 17_P (1),태권도_앞차고 몸돌아옆차기,,0,1,0,미부착,제1유형,동의서 작성,
493,한국스포츠정책과학원,기보유 데이터 아카이빙,TKD 17_P (2),태권도_앞차고 몸돌아옆차기,,0,1,0,미부착,제1유형,동의서 작성,
494,한국스포츠정책과학원,기보유 데이터 아카이빙,TKD 17_P (3),태권도_앞차고 몸돌아옆차기,,0,1,0,미부착,제1유형,동의서 작성,
495,한국스포츠정책과학원,기보유 데이터 아카이빙,TKD 17_P (4),태권도_앞차고 몸돌아옆차기,,0,1,0,미부착,제1유형,동의서 작성,
496,한국스포츠정책과학원,기보유 데이터 아카이빙,TKD 17_P (5),태권도_앞차고 몸돌아옆차기,,0,1,0,미부착,제1유형,동의서 작성,
497,한국스포츠정책과학원,기보유 데이터 아카이빙,TKD 17_P (6),태권도_앞차고 몸돌아옆차기,,0,1,0,미부착,제1유형,동의서 작성,
498,한국스포츠정책과학원,기보유 데이터 아카이빙,TKD 17_P (7),태권도_앞차고 몸돌아옆차기,,0,1,0,미부착,제1유형,동의서 작성,
499,한국스포츠정책과학원,기보유 데이터 아카이빙,TKD 17_P (8),태권도_앞차고 몸돌아옆차기,,0,1,0,미부착,제1유형,동의서 작성,
500,한국스포츠정책과학원,기보유 데이터 아카이빙,TKD 17_P (9),태권도_앞차고 몸돌아옆차기,,0,1,0,미부착,제1유형,동의서 작성,
501,한국스포츠정책과학원,기보유 데이터 아카이빙,TKD 17_P (10),태권도_앞차고 몸돌아옆차기,,0,1,0,미부착,제1유형,동의서 작성,
502,한국스포츠정책과학원,기보유 데이터 아카이빙,TKD 17_P (11),태권도_앞차고 몸돌아옆차기,,0,1,0,미부착,제1유형,동의서 작성,
503,한국스포츠정책과학원,기보유 데이터 아카이빙,TKD 17_P (12),태권도_앞차고 몸돌아옆차기,,0,1,0,미부착,제1유형,동의서 작성,
504,한국스포츠정책과학원,기보유 데이터 아카이빙,TKD 17_P (13),태권도_앞차고 몸돌아옆차기,,0,1,0,미부착,제1유형,동의서 작성,
505,한국스포츠정책과학원,기보유 데이터 아카이빙,TKD 17_P (14),태권도_앞차고 몸돌아옆차기,,0,1,0,미부착,제1유형,동의서 작성,
506,한국스포츠정책과학원,기보유 데이터 아카이빙,TKD 17_P (15),태권도_앞차고 몸돌아옆차기,,0,1,0,미부착,제1유형,동의서 작성,
507,한국스포츠정책과학원,기보유 데이터 아카이빙,TKD 17_P (16),태권도_앞차고 몸돌아옆차기,,0,1,0,미부착,제1유형,동의서 작성,
508,한국스포츠정책과학원,기보유 데이터 아카이빙,TKD 17_P (17),태권도_앞차고 몸돌아옆차기,,0,1,0,미부착,제1유형,동의서 작성,
509,한국스포츠정책과학원,기보유 데이터 아카이빙,TKD 17_P (18),태권도_앞차고 몸돌아옆차기,,0,1,0,미부착,제1유형,동의서 작성,
510,한국스포츠정책과학원,기보유 데이터 아카이빙,TKD 17_P (19),태권도_앞차고 몸돌아옆차기,,0,1,0,미부착,제1유형,동의서 작성,
511,한국스포츠정책과학원,기보유 데이터 아카이빙,TKD 17_P (20),태권도_앞차고 몸돌아옆차기,,0,1,0,미부착,제1유형,동의서 작성,
512,한국스포츠정책과학원,기보유 데이터 아카이빙,TKD 17_P (21),태권도_앞차고 몸돌아옆차기,,0,1,0,미부착,제1유형,동의서 작성,
513,한국스포츠정책과학원,기보유 데이터 아카이빙,TKD 17_P (22),태권도_앞차고 몸돌아옆차기,,0,1,0,미부착,제1유형,동의서 작성,
514,한국스포츠정책과학원,기보유 데이터 아카이빙,TKD 17_P (23),태권도_앞차고 몸돌아옆차기,,0,1,0,미부착,제1유형,동의서 작성,
515,한국스포츠정책과학원,기보유 데이터 아카이빙,TKD 17_P (24),태권도_앞차고 몸돌아옆차기,,0,1,0,미부착,제1유형,동의서 작성,
516,한국스포츠정책과학원,기보유 데이터 아카이빙,TKD 17_P (25),태권도_앞차고 몸돌아옆차기,,0,1,0,미부착,제1유형,동의서 작성,
517,한국스포츠정책과학원,기보유 데이터 아카이빙,TKD 18_P (1),태권도_앞차기,,0,1,0,미부착,제1유형,동의서 작성,
518,한국스포츠정책과학원,기보유 데이터 아카이빙,TKD 18_P (2),태권도_앞차기,,0,1,0,미부착,제1유형,동의서 작성,
519,한국스포츠정책과학원,기보유 데이터 아카이빙,TKD 18_P (3),태권도_앞차기,,0,1,0,미부착,제1유형,동의서 작성,
520,한국스포츠정책과학원,기보유 데이터 아카이빙,TKD 18_P (4),태권도_앞차기,,0,1,0,미부착,제1유형,동의서 작성,
521,한국스포츠정책과학원,기보유 데이터 아카이빙,TKD 18_P (5),태권도_앞차기,,0,1,0,미부착,제1유형,동의서 작성,
522,한국스포츠정책과학원,기보유 데이터 아카이빙,TKD 18_P (6),태권도_앞차기,,0,1,0,미부착,제1유형,동의서 작성,
523,한국스포츠정책과학원,기보유 데이터 아카이빙,TKD 18_P (7),태권도_앞차기,,0,1,0,미부착,제1유형,동의서 작성,
524,한국스포츠정책과학원,기보유 데이터 아카이빙,TKD 18_P (8),태권도_앞차기,,0,1,0,미부착,제1유형,동의서 작성,
525,한국스포츠정책과학원,기보유 데이터 아카이빙,TKD 18_P (9),태권도_앞차기,,0,1,0,미부착,제1유형,동의서 작성,
526,한국스포츠정책과학원,기보유 데이터 아카이빙,TKD 18_P (10),태권도_앞차기,,0,1,0,미부착,제1유형,동의서 작성,
527,한국스포츠정책과학원,기보유 데이터 아카이빙,TKD 18_P (11),태권도_앞차기,,0,1,0,미부착,제1유형,동의서 작성,
528,한국스포츠정책과학원,기보유 데이터 아카이빙,TKD 18_P (12),태권도_앞차기,,0,1,0,미부착,제1유형,동의서 작성,
529,한국스포츠정책과학원,기보유 데이터 아카이빙,TKD 18_P (13),태권도_앞차기,,0,1,0,미부착,제1유형,동의서 작성,
530,한국스포츠정책과학원,기보유 데이터 아카이빙,TKD 18_P (14),태권도_앞차기,,0,1,0,미부착,제1유형,동의서 작성,
531,한국스포츠정책과학원,기보유 데이터 아카이빙,TKD 18_P (15),태권도_앞차기,,0,1,0,미부착,제1유형,동의서 작성,
532,한국스포츠정책과학원,기보유 데이터 아카이빙,TKD 18_P (16),태권도_앞차기,,0,1,0,미부착,제1유형,동의서 작성,
533,한국스포츠정책과학원,기보유 데이터 아카이빙,TKD 18_P (17),태권도_앞차기,,0,1,0,미부착,제1유형,동의서 작성,
534,한국스포츠정책과학원,기보유 데이터 아카이빙,TKD 18_P (18),태권도_앞차기,,0,1,0,미부착,제1유형,동의서 작성,
535,한국스포츠정책과학원,기보유 데이터 아카이빙,TKD 18_P (19),태권도_앞차기,,0,1,0,미부착,제1유형,동의서 작성,
536,한국스포츠정책과학원,기보유 데이터 아카이빙,TKD 18_P (20),태권도_앞차기,,0,1,0,미부착,제1유형,동의서 작성,
537,한국스포츠정책과학원,기보유 데이터 아카이빙,TKD 18_P (21),태권도_앞차기,,0,1,0,미부착,제1유형,동의서 작성,
538,한국스포츠정책과학원,기보유 데이터 아카이빙,TKD 18_P (22),태권도_앞차기,,0,1,0,미부착,제1유형,동의서 작성,
539,한국스포츠정책과학원,기보유 데이터 아카이빙,TKD 18_P (23),태권도_앞차기,,0,1,0,미부착,제1유형,동의서 작성,
540,한국스포츠정책과학원,기보유 데이터 아카이빙,TKD 18_P (24),태권도_앞차기,,0,1,0,미부착,제1유형,동의서 작성,
541,한국스포츠정책과학원,기보유 데이터 아카이빙,TKD 18_P (25),태권도_앞차기,,0,1,0,미부착,제1유형,동의서 작성,
542,한국스포츠정책과학원,기보유 데이터 아카이빙,TKD 19_P (1),태권도_몸돌아옆차기,,0,1,0,미부착,제1유형,동의서 작성,
543,한국스포츠정책과학원,기보유 데이터 아카이빙,TKD 19_P (2),태권도_몸돌아옆차기,,0,1,0,미부착,제1유형,동의서 작성,
544,한국스포츠정책과학원,기보유 데이터 아카이빙,TKD 19_P (3),태권도_몸돌아옆차기,,0,1,0,미부착,제1유형,동의서 작성,
545,한국스포츠정책과학원,기보유 데이터 아카이빙,TKD 19_P (4),태권도_몸돌아옆차기,,0,1,0,미부착,제1유형,동의서 작성,
546,한국스포츠정책과학원,기보유 데이터 아카이빙,TKD 19_P (5),태권도_몸돌아옆차기,,0,1,0,미부착,제1유형,동의서 작성,
547,한국스포츠정책과학원,기보유 데이터 아카이빙,TKD 19_P (6),태권도_몸돌아옆차기,,0,1,0,미부착,제1유형,동의서 작성,
548,한국스포츠정책과학원,기보유 데이터 아카이빙,TKD 19_P (7),태권도_몸돌아옆차기,,0,1,0,미부착,제1유형,동의서 작성,
549,한국스포츠정책과학원,기보유 데이터 아카이빙,TKD 19_P (8),태권도_몸돌아옆차기,,0,1,0,미부착,제1유형,동의서 작성,
550,한국스포츠정책과학원,기보유 데이터 아카이빙,TKD 19_P (9),태권도_몸돌아옆차기,,0,1,0,미부착,제1유형,동의서 작성,
551,한국스포츠정책과학원,기보유 데이터 아카이빙,TKD 19_P (10),태권도_몸돌아옆차기,,0,1,0,미부착,제1유형,동의서 작성,
552,한국스포츠정책과학원,기보유 데이터 아카이빙,TKD 19_P (11),태권도_몸돌아옆차기,,0,1,0,미부착,제1유형,동의서 작성,
553,한국스포츠정책과학원,기보유 데이터 아카이빙,TKD 19_P (12),태권도_몸돌아옆차기,,0,1,0,미부착,제1유형,동의서 작성,
554,한국스포츠정책과학원,기보유 데이터 아카이빙,TKD 19_P (13),태권도_몸돌아옆차기,,0,1,0,미부착,제1유형,동의서 작성,
555,한국스포츠정책과학원,기보유 데이터 아카이빙,TKD 19_P (14),태권도_몸돌아옆차기,,0,1,0,미부착,제1유형,동의서 작성,
556,한국스포츠정책과학원,기보유 데이터 아카이빙,TKD 19_P (15),태권도_몸돌아옆차기,,0,1,0,미부착,제1유형,동의서 작성,
557,한국스포츠정책과학원,기보유 데이터 아카이빙,TKD 19_P (16),태권도_몸돌아옆차기,,0,1,0,미부착,제1유형,동의서 작성,
558,한국스포츠정책과학원,기보유 데이터 아카이빙,TKD 19_P (17),태권도_몸돌아옆차기,,0,1,0,미부착,제1유형,동의서 작성,
559,한국스포츠정책과학원,기보유 데이터 아카이빙,TKD 19_P (18),태권도_몸돌아옆차기,,0,1,0,미부착,제1유형,동의서 작성,
560,한국스포츠정책과학원,기보유 데이터 아카이빙,TKD 19_P (19),태권도_몸돌아옆차기,,0,1,0,미부착,제1유형,동의서 작성,
561,한국스포츠정책과학원,기보유 데이터 아카이빙,TKD 19_P (20),태권도_몸돌아옆차기,,0,1,0,미부착,제1유형,동의서 작성,
562,한국스포츠정책과학원,기보유 데이터 아카이빙,TKD 19_P (21),태권도_몸돌아옆차기,,0,1,0,미부착,제1유형,동의서 작성,
563,한국스포츠정책과학원,기보유 데이터 아카이빙,TKD 19_P (22),태권도_몸돌아옆차기,,0,1,0,미부착,제1유형,동의서 작성,
564,한국스포츠정책과학원,기보유 데이터 아카이빙,TKD 19_P (23),태권도_몸돌아옆차기,,0,1,0,미부착,제1유형,동의서 작성,
565,한국스포츠정책과학원,기보유 데이터 아카이빙,TKD 19_P (24),태권도_몸돌아옆차기,,0,1,0,미부착,제1유형,동의서 작성,
566,한국스포츠정책과학원,기보유 데이터 아카이빙,TKD 19_P (25),태권도_몸돌아옆차기,,0,1,0,미부착,제1유형,동의서 작성,
567,한국스포츠정책과학원,기보유 데이터 아카이빙,TKD 20_P (1),태권도_앞차고 몸돌아옆차기,,0,1,0,미부착,제1유형,동의서 작성,
568,한국스포츠정책과학원,기보유 데이터 아카이빙,TKD 20_P (2),태권도_앞차고 몸돌아옆차기,,0,1,0,미부착,제1유형,동의서 작성,
569,한국스포츠정책과학원,기보유 데이터 아카이빙,TKD 20_P (3),태권도_앞차고 몸돌아옆차기,,0,1,0,미부착,제1유형,동의서 작성,
570,한국스포츠정책과학원,기보유 데이터 아카이빙,TKD 20_P (4),태권도_앞차고 몸돌아옆차기,,0,1,0,미부착,제1유형,동의서 작성,
571,한국스포츠정책과학원,기보유 데이터 아카이빙,TKD 20_P (5),태권도_앞차고 몸돌아옆차기,,0,1,0,미부착,제1유형,동의서 작성,
572,한국스포츠정책과학원,기보유 데이터 아카이빙,TKD 20_P (6),태권도_앞차고 몸돌아옆차기,,0,1,0,미부착,제1유형,동의서 작성,
573,한국스포츠정책과학원,기보유 데이터 아카이빙,TKD 20_P (7),태권도_앞차고 몸돌아옆차기,,0,1,0,미부착,제1유형,동의서 작성,
574,한국스포츠정책과학원,기보유 데이터 아카이빙,TKD 20_P (8),태권도_앞차고 몸돌아옆차기,,0,1,0,미부착,제1유형,동의서 작성,
575,한국스포츠정책과학원,기보유 데이터 아카이빙,TKD 20_P (9),태권도_앞차고 몸돌아옆차기,,0,1,0,미부착,제1유형,동의서 작성,
576,한국스포츠정책과학원,기보유 데이터 아카이빙,TKD 20_P (10),태권도_앞차고 몸돌아옆차기,,0,1,0,미부착,제1유형,동의서 작성,
577,한국스포츠정책과학원,기보유 데이터 아카이빙,TKD 20_P (11),태권도_앞차고 몸돌아옆차기,,0,1,0,미부착,제1유형,동의서 작성,
578,한국스포츠정책과학원,기보유 데이터 아카이빙,TKD 20_P (12),태권도_앞차고 몸돌아옆차기,,0,1,0,미부착,제1유형,동의서 작성,
579,한국스포츠정책과학원,기보유 데이터 아카이빙,TKD 20_P (13),태권도_앞차고 몸돌아옆차기,,0,1,0,미부착,제1유형,동의서 작성,
580,한국스포츠정책과학원,기보유 데이터 아카이빙,TKD 20_P (14),태권도_앞차고 몸돌아옆차기,,0,1,0,미부착,제1유형,동의서 작성,
581,한국스포츠정책과학원,기보유 데이터 아카이빙,TKD 20_P (15),태권도_앞차고 몸돌아옆차기,,0,1,0,미부착,제1유형,동의서 작성,
582,한국스포츠정책과학원,기보유 데이터 아카이빙,TKD 20_P (16),태권도_앞차고 몸돌아옆차기,,0,1,0,미부착,제1유형,동의서 작성,
583,한국스포츠정책과학원,기보유 데이터 아카이빙,TKD 20_P (17),태권도_앞차고 몸돌아옆차기,,0,1,0,미부착,제1유형,동의서 작성,
584,한국스포츠정책과학원,기보유 데이터 아카이빙,TKD 20_P (18),태권도_앞차고 몸돌아옆차기,,0,1,0,미부착,제1유형,동의서 작성,
585,한국스포츠정책과학원,기보유 데이터 아카이빙,TKD 20_P (19),태권도_앞차고 몸돌아옆차기,,0,1,0,미부착,제1유형,동의서 작성,
586,한국스포츠정책과학원,기보유 데이터 아카이빙,TKD 20_P (20),태권도_앞차고 몸돌아옆차기,,0,1,0,미부착,제1유형,동의서 작성,
587,한국스포츠정책과학원,기보유 데이터 아카이빙,TKD 20_P (21),태권도_앞차고 몸돌아옆차기,,0,1,0,미부착,제1유형,동의서 작성,
588,한국스포츠정책과학원,기보유 데이터 아카이빙,TKD 20_P (22),태권도_앞차고 몸돌아옆차기,,0,1,0,미부착,제1유형,동의서 작성,
589,한국스포츠정책과학원,기보유 데이터 아카이빙,TKD 20_P (23),태권도_앞차고 몸돌아옆차기,,0,1,0,미부착,제1유형,동의서 작성,
590,한국스포츠정책과학원,기보유 데이터 아카이빙,TKD 20_P (24),태권도_앞차고 몸돌아옆차기,,0,1,0,미부착,제1유형,동의서 작성,
591,한국스포츠정책과학원,기보유 데이터 아카이빙,TKD 20_P (25),태권도_앞차고 몸돌아옆차기,,0,1,0,미부착,제1유형,동의서 작성,
592,한국스포츠정책과학원,기보유 데이터 아카이빙,TKD 26_P (1),"태권도_주춤서기, 산틀막기→ 학다리서기, 금강내려막기",,0,1,0,미부착,제1유형,동의서 작성,
593,한국스포츠정책과학원,기보유 데이터 아카이빙,TKD 26_P (2),"태권도_주춤서기, 산틀막기→ 학다리서기, 금강내려막기",,0,1,0,미부착,제1유형,동의서 작성,
594,한국스포츠정책과학원,기보유 데이터 아카이빙,TKD 26_P (3),"태권도_주춤서기, 산틀막기→ 학다리서기, 금강내려막기",,0,1,0,미부착,제1유형,동의서 작성,
595,한국스포츠정책과학원,기보유 데이터 아카이빙,TKD 26_P (4),"태권도_주춤서기, 산틀막기→ 학다리서기, 금강내려막기",,0,1,0,미부착,제1유형,동의서 작성,
596,한국스포츠정책과학원,기보유 데이터 아카이빙,TKD 26_P (5),"태권도_주춤서기, 산틀막기→ 학다리서기, 금강내려막기",,0,1,0,미부착,제1유형,동의서 작성,
597,한국스포츠정책과학원,기보유 데이터 아카이빙,TKD 26_P (6),"태권도_주춤서기, 산틀막기→ 학다리서기, 금강내려막기",,0,1,0,미부착,제1유형,동의서 작성,
598,한국스포츠정책과학원,기보유 데이터 아카이빙,TKD 26_P (7),"태권도_주춤서기, 산틀막기→ 학다리서기, 금강내려막기",,0,1,0,미부착,제1유형,동의서 작성,
599,한국스포츠정책과학원,기보유 데이터 아카이빙,TKD 26_P (8),"태권도_주춤서기, 산틀막기→ 학다리서기, 금강내려막기",,0,1,0,미부착,제1유형,동의서 작성,
600,한국스포츠정책과학원,기보유 데이터 아카이빙,TKD 26_P (9),"태권도_주춤서기, 산틀막기→ 학다리서기, 금강내려막기",,0,1,0,미부착,제1유형,동의서 작성,
601,한국스포츠정책과학원,기보유 데이터 아카이빙,TKD 26_P (10),"태권도_주춤서기, 산틀막기→ 학다리서기, 금강내려막기",,0,1,0,미부착,제1유형,동의서 작성,
602,한국스포츠정책과학원,기보유 데이터 아카이빙,TKD 26_P (11),"태권도_주춤서기, 산틀막기→ 학다리서기, 금강내려막기",,0,1,0,미부착,제1유형,동의서 작성,
603,한국스포츠정책과학원,기보유 데이터 아카이빙,TKD 26_P (12),"태권도_주춤서기, 산틀막기→ 학다리서기, 금강내려막기",,0,1,0,미부착,제1유형,동의서 작성,
604,한국스포츠정책과학원,기보유 데이터 아카이빙,TKD 26_P (13),"태권도_주춤서기, 산틀막기→ 학다리서기, 금강내려막기",,0,1,0,미부착,제1유형,동의서 작성,
605,한국스포츠정책과학원,기보유 데이터 아카이빙,TKD 26_P (14),"태권도_주춤서기, 산틀막기→ 학다리서기, 금강내려막기",,0,1,0,미부착,제1유형,동의서 작성,
606,한국스포츠정책과학원,기보유 데이터 아카이빙,TKD 26_P (15),"태권도_주춤서기, 산틀막기→ 학다리서기, 금강내려막기",,0,1,0,미부착,제1유형,동의서 작성,
607,한국스포츠정책과학원,기보유 데이터 아카이빙,TKD 26_P (16),"태권도_주춤서기, 산틀막기→ 학다리서기, 금강내려막기",,0,1,0,미부착,제1유형,동의서 작성,
608,한국스포츠정책과학원,기보유 데이터 아카이빙,TKD 26_P (17),"태권도_주춤서기, 산틀막기→ 학다리서기, 금강내려막기",,0,1,0,미부착,제1유형,동의서 작성,
609,한국스포츠정책과학원,기보유 데이터 아카이빙,TKD 26_P (18),"태권도_주춤서기, 산틀막기→ 학다리서기, 금강내려막기",,0,1,0,미부착,제1유형,동의서 작성,
610,한국스포츠정책과학원,기보유 데이터 아카이빙,TKD 26_P (19),"태권도_주춤서기, 산틀막기→ 학다리서기, 금강내려막기",,0,1,0,미부착,제1유형,동의서 작성,
611,한국스포츠정책과학원,기보유 데이터 아카이빙,TKD 26_P (20),"태권도_주춤서기, 산틀막기→ 학다리서기, 금강내려막기",,0,1,0,미부착,제1유형,동의서 작성,
612,한국스포츠정책과학원,기보유 데이터 아카이빙,TKD 26_P (21),"태권도_주춤서기, 산틀막기→ 학다리서기, 금강내려막기",,0,1,0,미부착,제1유형,동의서 작성,
613,한국스포츠정책과학원,기보유 데이터 아카이빙,TKD 26_P (22),"태권도_주춤서기, 산틀막기→ 학다리서기, 금강내려막기",,0,1,0,미부착,제1유형,동의서 작성,
614,한국스포츠정책과학원,기보유 데이터 아카이빙,TKD 26_P (23),"태권도_주춤서기, 산틀막기→ 학다리서기, 금강내려막기",,0,1,0,미부착,제1유형,동의서 작성,
615,한국스포츠정책과학원,기보유 데이터 아카이빙,TKD 26_P (24),"태권도_주춤서기, 산틀막기→ 학다리서기, 금강내려막기",,0,1,0,미부착,제1유형,동의서 작성,
616,한국스포츠정책과학원,기보유 데이터 아카이빙,TKD 26_P (25),"태권도_주춤서기, 산틀막기→ 학다리서기, 금강내려막기",,0,1,0,미부착,제1유형,동의서 작성,
617,한국스포츠정책과학원,기보유 데이터 아카이빙,TKD 26_P (26),"태권도_주춤서기, 산틀막기→ 학다리서기, 금강내려막기",,0,1,0,미부착,제1유형,동의서 작성,
618,한국스포츠정책과학원,기보유 데이터 아카이빙,TKD 26_P (27),"태권도_주춤서기, 산틀막기→ 학다리서기, 금강내려막기",,0,1,0,미부착,제1유형,동의서 작성,
619,한국스포츠정책과학원,기보유 데이터 아카이빙,TKD 26_P (28),"태권도_주춤서기, 산틀막기→ 학다리서기, 금강내려막기",,0,1,0,미부착,제1유형,동의서 작성,
620,한국스포츠정책과학원,기보유 데이터 아카이빙,TKD 26_P (29),"태권도_주춤서기, 산틀막기→ 학다리서기, 금강내려막기",,0,1,0,미부착,제1유형,동의서 작성,
621,한국스포츠정책과학원,기보유 데이터 아카이빙,TKD 26_P (30),"태권도_주춤서기, 산틀막기→ 학다리서기, 금강내려막기",,0,1,0,미부착,제1유형,동의서 작성,
622,한국스포츠정책과학원,기보유 데이터 아카이빙,TKD 26_P (31),"태권도_주춤서기, 산틀막기→ 학다리서기, 금강내려막기",,0,1,0,미부착,제1유형,동의서 작성,
623,한국스포츠정책과학원,기보유 데이터 아카이빙,TKD 26_P (32),"태권도_주춤서기, 산틀막기→ 학다리서기, 금강내려막기",,0,1,0,미부착,제1유형,동의서 작성,
624,한국스포츠정책과학원,기보유 데이터 아카이빙,TKD 26_P (33),"태권도_주춤서기, 산틀막기→ 학다리서기, 금강내려막기",,0,1,0,미부착,제1유형,동의서 작성,
625,한국스포츠정책과학원,기보유 데이터 아카이빙,TKD 26_P (34),"태권도_주춤서기, 산틀막기→ 학다리서기, 금강내려막기",,0,1,0,미부착,제1유형,동의서 작성,
626,한국스포츠정책과학원,기보유 데이터 아카이빙,TKD 26_P (35),"태권도_주춤서기, 산틀막기→ 학다리서기, 금강내려막기",,0,1,0,미부착,제1유형,동의서 작성,
627,한국스포츠정책과학원,기보유 데이터 아카이빙,TKD 26_P (36),"태권도_주춤서기, 산틀막기→ 학다리서기, 금강내려막기",,0,1,0,미부착,제1유형,동의서 작성,
628,한국스포츠정책과학원,기보유 데이터 아카이빙,TKD 26_P (37),"태권도_주춤서기, 산틀막기→ 학다리서기, 금강내려막기",,0,1,0,미부착,제1유형,동의서 작성,
629,한국스포츠정책과학원,기보유 데이터 아카이빙,TKD 26_P (38),"태권도_주춤서기, 산틀막기→ 학다리서기, 금강내려막기",,0,1,0,미부착,제1유형,동의서 작성,
630,한국스포츠정책과학원,기보유 데이터 아카이빙,TKD 26_P (39),"태권도_주춤서기, 산틀막기→ 학다리서기, 금강내려막기",,0,1,0,미부착,제1유형,동의서 작성,
631,한국스포츠정책과학원,기보유 데이터 아카이빙,TKD 26_P (40),"태권도_주춤서기, 산틀막기→ 학다리서기, 금강내려막기",,0,1,0,미부착,제1유형,동의서 작성,
632,한국스포츠정책과학원,기보유 데이터 아카이빙,TKD 26_P (41),"태권도_주춤서기, 산틀막기→ 학다리서기, 금강내려막기",,0,1,0,미부착,제1유형,동의서 작성,
633,한국스포츠정책과학원,기보유 데이터 아카이빙,TKD 26_P (42),"태권도_주춤서기, 산틀막기→ 학다리서기, 금강내려막기",,0,1,0,미부착,제1유형,동의서 작성,
634,한국스포츠정책과학원,기보유 데이터 아카이빙,TKD 26_P (43),"태권도_주춤서기, 산틀막기→ 학다리서기, 금강내려막기",,0,1,0,미부착,제1유형,동의서 작성,
635,한국스포츠정책과학원,기보유 데이터 아카이빙,TKD 26_P (44),"태권도_주춤서기, 산틀막기→ 학다리서기, 금강내려막기",,0,1,0,미부착,제1유형,동의서 작성,
636,한국스포츠정책과학원,기보유 데이터 아카이빙,TKD 26_P (45),"태권도_주춤서기, 산틀막기→ 학다리서기, 금강내려막기",,0,1,0,미부착,제1유형,동의서 작성,
637,한국스포츠정책과학원,기보유 데이터 아카이빙,TKD 26_P (46),"태권도_주춤서기, 산틀막기→ 학다리서기, 금강내려막기",,0,1,0,미부착,제1유형,동의서 작성,
638,한국스포츠정책과학원,기보유 데이터 아카이빙,TKD 26_P (47),"태권도_주춤서기, 산틀막기→ 학다리서기, 금강내려막기",,0,1,0,미부착,제1유형,동의서 작성,
639,한국스포츠정책과학원,기보유 데이터 아카이빙,TKD 26_P (48),"태권도_주춤서기, 산틀막기→ 학다리서기, 금강내려막기",,0,1,0,미부착,제1유형,동의서 작성,
640,한국스포츠정책과학원,기보유 데이터 아카이빙,TKD 26_P (49),"태권도_주춤서기, 산틀막기→ 학다리서기, 금강내려막기",,0,1,0,미부착,제1유형,동의서 작성,
641,한국스포츠정책과학원,기보유 데이터 아카이빙,TKD 26_P (50),"태권도_주춤서기, 산틀막기→ 학다리서기, 금강내려막기",,0,1,0,미부착,제1유형,동의서 작성,
642,한국스포츠정책과학원,기보유 데이터 아카이빙,TKD 26_P (51),"태권도_주춤서기, 산틀막기→ 학다리서기, 금강내려막기",,0,1,0,미부착,제1유형,동의서 작성,
643,한국스포츠정책과학원,기보유 데이터 아카이빙,TKD 26_P (52),"태권도_주춤서기, 산틀막기→ 학다리서기, 금강내려막기",,0,1,0,미부착,제1유형,동의서 작성,
644,한국스포츠정책과학원,기보유 데이터 아카이빙,TKD 26_P (53),"태권도_주춤서기, 산틀막기→ 학다리서기, 금강내려막기",,0,1,0,미부착,제1유형,동의서 작성,
645,한국스포츠정책과학원,기보유 데이터 아카이빙,TKD 26_P (54),"태권도_주춤서기, 산틀막기→ 학다리서기, 금강내려막기",,0,1,0,미부착,제1유형,동의서 작성,
646,한국스포츠정책과학원,기보유 데이터 아카이빙,TKD 26_P (55),"태권도_주춤서기, 산틀막기→ 학다리서기, 금강내려막기",,0,1,0,미부착,제1유형,동의서 작성,
647,한국스포츠정책과학원,기보유 데이터 아카이빙,TKD 26_P (56),"태권도_주춤서기, 산틀막기→ 학다리서기, 금강내려막기",,0,1,0,미부착,제1유형,동의서 작성,
648,한국스포츠정책과학원,기보유 데이터 아카이빙,TKD 26_P (57),"태권도_주춤서기, 산틀막기→ 학다리서기, 금강내려막기",,0,1,0,미부착,제1유형,동의서 작성,
649,한국스포츠정책과학원,기보유 데이터 아카이빙,TKD 26_P (58),"태권도_주춤서기, 산틀막기→ 학다리서기, 금강내려막기",,0,1,0,미부착,제1유형,동의서 작성,
650,한국스포츠정책과학원,기보유 데이터 아카이빙,TKD 26_P (59),"태권도_주춤서기, 산틀막기→ 학다리서기, 금강내려막기",,0,1,0,미부착,제1유형,동의서 작성,
651,한국스포츠정책과학원,기보유 데이터 아카이빙,TKD 26_P (60),"태권도_주춤서기, 산틀막기→ 학다리서기, 금강내려막기",,0,1,0,미부착,제1유형,동의서 작성,
652,한국스포츠정책과학원,기보유 데이터 아카이빙,TKD 26_P (61),"태권도_주춤서기, 산틀막기→ 학다리서기, 금강내려막기",,0,1,0,미부착,제1유형,동의서 작성,
653,한국스포츠정책과학원,기보유 데이터 아카이빙,TKD 26_P (62),"태권도_주춤서기, 산틀막기→ 학다리서기, 금강내려막기",,0,1,0,미부착,제1유형,동의서 작성,
654,한국스포츠정책과학원,기보유 데이터 아카이빙,TKD 26_P (63),"태권도_주춤서기, 산틀막기→ 학다리서기, 금강내려막기",,0,1,0,미부착,제1유형,동의서 작성,
655,한국스포츠정책과학원,기보유 데이터 아카이빙,TKD 26_P (64),"태권도_주춤서기, 산틀막기→ 학다리서기, 금강내려막기",,0,1,0,미부착,제1유형,동의서 작성,
656,한국스포츠정책과학원,기보유 데이터 아카이빙,TKD 26_P (65),"태권도_주춤서기, 산틀막기→ 학다리서기, 금강내려막기",,0,1,0,미부착,제1유형,동의서 작성,
657,한국스포츠정책과학원,기보유 데이터 아카이빙,TKD 26_P (66),"태권도_주춤서기, 산틀막기→ 학다리서기, 금강내려막기",,0,1,0,미부착,제1유형,동의서 작성,
658,한국스포츠정책과학원,기보유 데이터 아카이빙,TKD 26_P (67),"태권도_주춤서기, 산틀막기→ 학다리서기, 금강내려막기",,0,1,0,미부착,제1유형,동의서 작성,
659,한국스포츠정책과학원,기보유 데이터 아카이빙,TKD 26_P (68),"태권도_주춤서기, 산틀막기→ 학다리서기, 금강내려막기",,0,1,0,미부착,제1유형,동의서 작성,
660,한국스포츠정책과학원,기보유 데이터 아카이빙,TKD 26_P (69),"태권도_주춤서기, 산틀막기→ 학다리서기, 금강내려막기",,0,1,0,미부착,제1유형,동의서 작성,
661,한국스포츠정책과학원,기보유 데이터 아카이빙,TKD 26_P (70),"태권도_주춤서기, 산틀막기→ 학다리서기, 금강내려막기",,0,1,0,미부착,제1유형,동의서 작성,
662,한국스포츠정책과학원,기보유 데이터 아카이빙,TKD 26_P (71),"태권도_주춤서기, 산틀막기→ 학다리서기, 금강내려막기",,0,1,0,미부착,제1유형,동의서 작성,
663,한국스포츠정책과학원,기보유 데이터 아카이빙,TKD 26_P (72),"태권도_주춤서기, 산틀막기→ 학다리서기, 금강내려막기",,0,1,0,미부착,제1유형,동의서 작성,
664,한국스포츠정책과학원,기보유 데이터 아카이빙,TKD 26_P (73),"태권도_주춤서기, 산틀막기→ 학다리서기, 금강내려막기",,0,1,0,미부착,제1유형,동의서 작성,
665,한국스포츠정책과학원,기보유 데이터 아카이빙,TKD 26_P (74),"태권도_주춤서기, 산틀막기→ 학다리서기, 금강내려막기",,0,1,0,미부착,제1유형,동의서 작성,
666,한국스포츠정책과학원,기보유 데이터 아카이빙,TKD 26_P (75),"태권도_주춤서기, 산틀막기→ 학다리서기, 금강내려막기",,0,1,0,미부착,제1유형,동의서 작성,
667,한국스포츠정책과학원,기보유 데이터 아카이빙,TKD 26_P (76),"태권도_주춤서기, 산틀막기→ 학다리서기, 금강내려막기",,0,1,0,미부착,제1유형,동의서 작성,
668,한국스포츠정책과학원,기보유 데이터 아카이빙,TKD 26_P (77),"태권도_주춤서기, 산틀막기→ 학다리서기, 금강내려막기",,0,1,0,미부착,제1유형,동의서 작성,
669,한국스포츠정책과학원,기보유 데이터 아카이빙,TKD 26_P (78),"태권도_주춤서기, 산틀막기→ 학다리서기, 금강내려막기",,0,1,0,미부착,제1유형,동의서 작성,
670,한국스포츠정책과학원,기보유 데이터 아카이빙,TKD 26_P (79),"태권도_주춤서기, 산틀막기→ 학다리서기, 금강내려막기",,0,1,0,미부착,제1유형,동의서 작성,
671,한국스포츠정책과학원,기보유 데이터 아카이빙,TKD 26_P (80),"태권도_주춤서기, 산틀막기→ 학다리서기, 금강내려막기",,0,1,0,미부착,제1유형,동의서 작성,
672,한국스포츠정책과학원,기보유 데이터 아카이빙,TKD 26_P (81),"태권도_주춤서기, 산틀막기→ 학다리서기, 금강내려막기",,0,1,0,미부착,제1유형,동의서 작성,
673,한국스포츠정책과학원,기보유 데이터 아카이빙,TKD 26_P (82),"태권도_주춤서기, 산틀막기→ 학다리서기, 금강내려막기",,0,1,0,미부착,제1유형,동의서 작성,
674,한국스포츠정책과학원,기보유 데이터 아카이빙,TKD 26_P (83),"태권도_주춤서기, 산틀막기→ 학다리서기, 금강내려막기",,0,1,0,미부착,제1유형,동의서 작성,
675,한국스포츠정책과학원,기보유 데이터 아카이빙,TKD 26_P (84),"태권도_주춤서기, 산틀막기→ 학다리서기, 금강내려막기",,0,1,0,미부착,제1유형,동의서 작성,
676,한국스포츠정책과학원,기보유 데이터 아카이빙,TKD 26_P (85),"태권도_주춤서기, 산틀막기→ 학다리서기, 금강내려막기",,0,1,0,미부착,제1유형,동의서 작성,
677,한국스포츠정책과학원,기보유 데이터 아카이빙,TKD 26_P (86),"태권도_주춤서기, 산틀막기→ 학다리서기, 금강내려막기",,0,1,0,미부착,제1유형,동의서 작성,
678,한국스포츠정책과학원,기보유 데이터 아카이빙,TKD 26_P (87),"태권도_주춤서기, 산틀막기→ 학다리서기, 금강내려막기",,0,1,0,미부착,제1유형,동의서 작성,
679,한국스포츠정책과학원,기보유 데이터 아카이빙,TKD 26_P (88),"태권도_주춤서기, 산틀막기→ 학다리서기, 금강내려막기",,0,1,0,미부착,제1유형,동의서 작성,
680,한국스포츠정책과학원,기보유 데이터 아카이빙,TKD 26_P (89),"태권도_주춤서기, 산틀막기→ 학다리서기, 금강내려막기",,0,1,0,미부착,제1유형,동의서 작성,
681,한국스포츠정책과학원,기보유 데이터 아카이빙,TKD 26_P (90),"태권도_주춤서기, 산틀막기→ 학다리서기, 금강내려막기",,0,1,0,미부착,제1유형,동의서 작성,
682,한국스포츠정책과학원,기보유 데이터 아카이빙,TKD 26_P (91),"태권도_주춤서기, 산틀막기→ 학다리서기, 금강내려막기",,0,1,0,미부착,제1유형,동의서 작성,
683,한국스포츠정책과학원,기보유 데이터 아카이빙,TKD 26_P (92),"태권도_주춤서기, 산틀막기→ 학다리서기, 금강내려막기",,0,1,0,미부착,제1유형,동의서 작성,
684,한국스포츠정책과학원,기보유 데이터 아카이빙,TKD 26_P (93),"태권도_주춤서기, 산틀막기→ 학다리서기, 금강내려막기",,0,1,0,미부착,제1유형,동의서 작성,
685,한국스포츠정책과학원,기보유 데이터 아카이빙,TKD 26_P (94),"태권도_주춤서기, 산틀막기→ 학다리서기, 금강내려막기",,0,1,0,미부착,제1유형,동의서 작성,
686,한국스포츠정책과학원,기보유 데이터 아카이빙,TKD 26_P (95),"태권도_주춤서기, 산틀막기→ 학다리서기, 금강내려막기",,0,1,0,미부착,제1유형,동의서 작성,
687,한국스포츠정책과학원,기보유 데이터 아카이빙,TKD 26_P (96),"태권도_주춤서기, 산틀막기→ 학다리서기, 금강내려막기",,0,1,0,미부착,제1유형,동의서 작성,
688,한국스포츠정책과학원,기보유 데이터 아카이빙,TKD 26_P (97),"태권도_주춤서기, 산틀막기→ 학다리서기, 금강내려막기",,0,1,0,미부착,제1유형,동의서 작성,
689,한국스포츠정책과학원,기보유 데이터 아카이빙,TKD 26_P (98),"태권도_주춤서기, 산틀막기→ 학다리서기, 금강내려막기",,0,1,0,미부착,제1유형,동의서 작성,
690,한국스포츠정책과학원,기보유 데이터 아카이빙,TKD 26_P (99),"태권도_주춤서기, 산틀막기→ 학다리서기, 금강내려막기",,0,1,0,미부착,제1유형,동의서 작성,
691,한국스포츠정책과학원,기보유 데이터 아카이빙,TKD 26_P (100),"태권도_주춤서기, 산틀막기→ 학다리서기, 금강내려막기",,0,1,0,미부착,제1유형,동의서 작성,
692,한국스포츠정책과학원,기보유 데이터 아카이빙,TKD 26_P (101),"태권도_주춤서기, 산틀막기→ 학다리서기, 금강내려막기",,0,1,0,미부착,제1유형,동의서 작성,
693,한국스포츠정책과학원,기보유 데이터 아카이빙,TKD 26_P (102),"태권도_주춤서기, 산틀막기→ 학다리서기, 금강내려막기",,0,1,0,미부착,제1유형,동의서 작성,
694,한국스포츠정책과학원,기보유 데이터 아카이빙,TKD 26_P (103),"태권도_주춤서기, 산틀막기→ 학다리서기, 금강내려막기",,0,1,0,미부착,제1유형,동의서 작성,
695,한국스포츠정책과학원,기보유 데이터 아카이빙,TKD 26_P (104),"태권도_주춤서기, 산틀막기→ 학다리서기, 금강내려막기",,0,1,0,미부착,제1유형,동의서 작성,
696,한국스포츠정책과학원,기보유 데이터 아카이빙,TKD 26_P (105),"태권도_주춤서기, 산틀막기→ 학다리서기, 금강내려막기",,0,1,0,미부착,제1유형,동의서 작성,
697,한국스포츠정책과학원,기보유 데이터 아카이빙,TKD 26_P (106),"태권도_주춤서기, 산틀막기→ 학다리서기, 금강내려막기",,0,1,0,미부착,제1유형,동의서 작성,
698,한국스포츠정책과학원,기보유 데이터 아카이빙,TKD 26_P (107),"태권도_주춤서기, 산틀막기→ 학다리서기, 금강내려막기",,0,1,0,미부착,제1유형,동의서 작성,
699,한국스포츠정책과학원,기보유 데이터 아카이빙,TKD 26_P (108),"태권도_주춤서기, 산틀막기→ 학다리서기, 금강내려막기",,0,1,0,미부착,제1유형,동의서 작성,
700,한국스포츠정책과학원,기보유 데이터 아카이빙,TKD 26_P1 (1),"태권도_주춤서기, 산틀막기, 금강내려막기 예비동작",,0,1,0,미부착,제1유형,동의서 작성,
701,한국스포츠정책과학원,기보유 데이터 아카이빙,TKD 26_P1 (2),"태권도_주춤서기, 산틀막기, 금강내려막기 예비동작",,0,1,0,미부착,제1유형,동의서 작성,
702,한국스포츠정책과학원,기보유 데이터 아카이빙,TKD 26_P1 (3),"태권도_주춤서기, 산틀막기, 금강내려막기 예비동작",,0,1,0,미부착,제1유형,동의서 작성,
703,한국스포츠정책과학원,기보유 데이터 아카이빙,TKD 26_P1 (4),"태권도_주춤서기, 산틀막기, 금강내려막기 예비동작",,0,1,0,미부착,제1유형,동의서 작성,
704,한국스포츠정책과학원,기보유 데이터 아카이빙,TKD 26_P1 (5),"태권도_주춤서기, 산틀막기, 금강내려막기 예비동작",,0,1,0,미부착,제1유형,동의서 작성,
705,한국스포츠정책과학원,기보유 데이터 아카이빙,TKD 26_P1 (6),"태권도_주춤서기, 산틀막기, 금강내려막기 예비동작",,0,1,0,미부착,제1유형,동의서 작성,
706,한국스포츠정책과학원,기보유 데이터 아카이빙,TKD 26_P1 (7),"태권도_주춤서기, 산틀막기, 금강내려막기 예비동작",,0,1,0,미부착,제1유형,동의서 작성,
707,한국스포츠정책과학원,기보유 데이터 아카이빙,TKD 26_P1 (8),"태권도_주춤서기, 산틀막기, 금강내려막기 예비동작",,0,1,0,미부착,제1유형,동의서 작성,
708,한국스포츠정책과학원,기보유 데이터 아카이빙,TKD 26_P1 (9),"태권도_주춤서기, 산틀막기, 금강내려막기 예비동작",,0,1,0,미부착,제1유형,동의서 작성,
709,한국스포츠정책과학원,기보유 데이터 아카이빙,TKD 26_P1 (10),"태권도_주춤서기, 산틀막기, 금강내려막기 예비동작",,0,1,0,미부착,제1유형,동의서 작성,
710,한국스포츠정책과학원,기보유 데이터 아카이빙,TKD 26_P1 (11),"태권도_주춤서기, 산틀막기, 금강내려막기 예비동작",,0,1,0,미부착,제1유형,동의서 작성,
711,한국스포츠정책과학원,기보유 데이터 아카이빙,TKD 26_P1 (12),"태권도_주춤서기, 산틀막기, 금강내려막기 예비동작",,0,1,0,미부착,제1유형,동의서 작성,
712,한국스포츠정책과학원,기보유 데이터 아카이빙,TKD 26_P1 (13),"태권도_주춤서기, 산틀막기, 금강내려막기 예비동작",,0,1,0,미부착,제1유형,동의서 작성,
713,한국스포츠정책과학원,기보유 데이터 아카이빙,TKD 26_P1 (14),"태권도_주춤서기, 산틀막기, 금강내려막기 예비동작",,0,1,0,미부착,제1유형,동의서 작성,
714,한국스포츠정책과학원,기보유 데이터 아카이빙,TKD 26_P1 (15),"태권도_주춤서기, 산틀막기, 금강내려막기 예비동작",,0,1,0,미부착,제1유형,동의서 작성,
715,한국스포츠정책과학원,기보유 데이터 아카이빙,TKD 26_P1 (16),"태권도_주춤서기, 산틀막기, 금강내려막기 예비동작",,0,1,0,미부착,제1유형,동의서 작성,
716,한국스포츠정책과학원,기보유 데이터 아카이빙,TKD 26_P1 (17),"태권도_주춤서기, 산틀막기, 금강내려막기 예비동작",,0,1,0,미부착,제1유형,동의서 작성,
717,한국스포츠정책과학원,기보유 데이터 아카이빙,TKD 26_P1 (18),"태권도_주춤서기, 산틀막기, 금강내려막기 예비동작",,0,1,0,미부착,제1유형,동의서 작성,
718,한국스포츠정책과학원,기보유 데이터 아카이빙,TKD 26_P1 (19),"태권도_주춤서기, 산틀막기, 금강내려막기 예비동작",,0,1,0,미부착,제1유형,동의서 작성,
719,한국스포츠정책과학원,기보유 데이터 아카이빙,TKD 26_P1 (20),"태권도_주춤서기, 산틀막기, 금강내려막기 예비동작",,0,1,0,미부착,제1유형,동의서 작성,
720,한국스포츠정책과학원,기보유 데이터 아카이빙,TKD 26_P1 (21),"태권도_주춤서기, 산틀막기, 금강내려막기 예비동작",,0,1,0,미부착,제1유형,동의서 작성,
721,한국스포츠정책과학원,기보유 데이터 아카이빙,TKD 26_P1 (22),"태권도_주춤서기, 산틀막기, 금강내려막기 예비동작",,0,1,0,미부착,제1유형,동의서 작성,
722,한국스포츠정책과학원,기보유 데이터 아카이빙,TKD 26_P1 (23),"태권도_주춤서기, 산틀막기, 금강내려막기 예비동작",,0,1,0,미부착,제1유형,동의서 작성,
723,한국스포츠정책과학원,기보유 데이터 아카이빙,TKD 26_P1 (24),"태권도_주춤서기, 산틀막기, 금강내려막기 예비동작",,0,1,0,미부착,제1유형,동의서 작성,
724,한국스포츠정책과학원,기보유 데이터 아카이빙,TKD 26_P1 (25),"태권도_주춤서기, 산틀막기, 금강내려막기 예비동작",,0,1,0,미부착,제1유형,동의서 작성,
725,한국스포츠정책과학원,기보유 데이터 아카이빙,TKD 26_P1 (26),"태권도_주춤서기, 산틀막기, 금강내려막기 예비동작",,0,1,0,미부착,제1유형,동의서 작성,
726,한국스포츠정책과학원,기보유 데이터 아카이빙,TKD 26_P1 (27),"태권도_주춤서기, 산틀막기, 금강내려막기 예비동작",,0,1,0,미부착,제1유형,동의서 작성,
727,한국스포츠정책과학원,기보유 데이터 아카이빙,TKD 26_P1 (28),"태권도_주춤서기, 산틀막기, 금강내려막기 예비동작",,0,1,0,미부착,제1유형,동의서 작성,
728,한국스포츠정책과학원,기보유 데이터 아카이빙,TKD 26_P1 (29),"태권도_주춤서기, 산틀막기, 금강내려막기 예비동작",,0,1,0,미부착,제1유형,동의서 작성,
729,한국스포츠정책과학원,기보유 데이터 아카이빙,TKD 26_P1 (30),"태권도_주춤서기, 산틀막기, 금강내려막기 예비동작",,0,1,0,미부착,제1유형,동의서 작성,
730,한국스포츠정책과학원,기보유 데이터 아카이빙,TKD 26_P1 (31),"태권도_주춤서기, 산틀막기, 금강내려막기 예비동작",,0,1,0,미부착,제1유형,동의서 작성,
731,한국스포츠정책과학원,기보유 데이터 아카이빙,TKD 26_P1 (32),"태권도_주춤서기, 산틀막기, 금강내려막기 예비동작",,0,1,0,미부착,제1유형,동의서 작성,
732,한국스포츠정책과학원,기보유 데이터 아카이빙,TKD 26_P1 (33),"태권도_주춤서기, 산틀막기, 금강내려막기 예비동작",,0,1,0,미부착,제1유형,동의서 작성,
733,한국스포츠정책과학원,기보유 데이터 아카이빙,TKD 26_P1 (34),"태권도_주춤서기, 산틀막기, 금강내려막기 예비동작",,0,1,0,미부착,제1유형,동의서 작성,
734,한국스포츠정책과학원,기보유 데이터 아카이빙,TKD 26_P1 (35),"태권도_주춤서기, 산틀막기, 금강내려막기 예비동작",,0,1,0,미부착,제1유형,동의서 작성,
735,한국스포츠정책과학원,기보유 데이터 아카이빙,TKD 26_P1 (36),"태권도_주춤서기, 산틀막기, 금강내려막기 예비동작",,0,1,0,미부착,제1유형,동의서 작성,
736,한국스포츠정책과학원,기보유 데이터 아카이빙,TKD 26_P1 (37),"태권도_주춤서기, 산틀막기, 금강내려막기 예비동작",,0,1,0,미부착,제1유형,동의서 작성,
737,한국스포츠정책과학원,기보유 데이터 아카이빙,TKD 26_P1 (38),"태권도_주춤서기, 산틀막기, 금강내려막기 예비동작",,0,1,0,미부착,제1유형,동의서 작성,
738,한국스포츠정책과학원,기보유 데이터 아카이빙,TKD 26_P1 (39),"태권도_주춤서기, 산틀막기, 금강내려막기 예비동작",,0,1,0,미부착,제1유형,동의서 작성,
739,한국스포츠정책과학원,기보유 데이터 아카이빙,TKD 26_P1 (40),"태권도_주춤서기, 산틀막기, 금강내려막기 예비동작",,0,1,0,미부착,제1유형,동의서 작성,
740,한국스포츠정책과학원,기보유 데이터 아카이빙,TKD 26_P1 (41),"태권도_주춤서기, 산틀막기, 금강내려막기 예비동작",,0,1,0,미부착,제1유형,동의서 작성,
741,한국스포츠정책과학원,기보유 데이터 아카이빙,TKD 26_P1 (42),"태권도_주춤서기, 산틀막기, 금강내려막기 예비동작",,0,1,0,미부착,제1유형,동의서 작성,
742,한국스포츠정책과학원,기보유 데이터 아카이빙,TKD 26_P1 (43),"태권도_주춤서기, 산틀막기, 금강내려막기 예비동작",,0,1,0,미부착,제1유형,동의서 작성,
743,한국스포츠정책과학원,기보유 데이터 아카이빙,TKD 26_P1 (44),"태권도_주춤서기, 산틀막기, 금강내려막기 예비동작",,0,1,0,미부착,제1유형,동의서 작성,
744,한국스포츠정책과학원,기보유 데이터 아카이빙,TKD 26_P1 (45),"태권도_주춤서기, 산틀막기, 금강내려막기 예비동작",,0,1,0,미부착,제1유형,동의서 작성,
745,한국스포츠정책과학원,기보유 데이터 아카이빙,TKD 26_P1 (46),"태권도_주춤서기, 산틀막기, 금강내려막기 예비동작",,0,1,0,미부착,제1유형,동의서 작성,
746,한국스포츠정책과학원,기보유 데이터 아카이빙,TKD 26_P1 (47),"태권도_주춤서기, 산틀막기, 금강내려막기 예비동작",,0,1,0,미부착,제1유형,동의서 작성,
747,한국스포츠정책과학원,기보유 데이터 아카이빙,TKD 26_P1 (48),"태권도_주춤서기, 산틀막기, 금강내려막기 예비동작",,0,1,0,미부착,제1유형,동의서 작성,
748,한국스포츠정책과학원,기보유 데이터 아카이빙,TKD 26_P1 (49),"태권도_주춤서기, 산틀막기, 금강내려막기 예비동작",,0,1,0,미부착,제1유형,동의서 작성,
749,한국스포츠정책과학원,기보유 데이터 아카이빙,TKD 26_P1 (50),"태권도_주춤서기, 산틀막기, 금강내려막기 예비동작",,0,1,0,미부착,제1유형,동의서 작성,
750,한국스포츠정책과학원,기보유 데이터 아카이빙,TKD 26_P1 (51),"태권도_주춤서기, 산틀막기, 금강내려막기 예비동작",,0,1,0,미부착,제1유형,동의서 작성,
751,한국스포츠정책과학원,기보유 데이터 아카이빙,TKD 26_P1 (52),"태권도_주춤서기, 산틀막기, 금강내려막기 예비동작",,0,1,0,미부착,제1유형,동의서 작성,
752,한국스포츠정책과학원,기보유 데이터 아카이빙,TKD 26_P1 (53),"태권도_주춤서기, 산틀막기, 금강내려막기 예비동작",,0,1,0,미부착,제1유형,동의서 작성,
753,한국스포츠정책과학원,기보유 데이터 아카이빙,TKD 26_P1 (54),"태권도_주춤서기, 산틀막기, 금강내려막기 예비동작",,0,1,0,미부착,제1유형,동의서 작성,
754,한국스포츠정책과학원,기보유 데이터 아카이빙,TKD 26_P1 (55),"태권도_주춤서기, 산틀막기, 금강내려막기 예비동작",,0,1,0,미부착,제1유형,동의서 작성,
755,한국스포츠정책과학원,기보유 데이터 아카이빙,TKD 26_P1 (56),"태권도_주춤서기, 산틀막기, 금강내려막기 예비동작",,0,1,0,미부착,제1유형,동의서 작성,
756,한국스포츠정책과학원,기보유 데이터 아카이빙,TKD 26_P1 (57),"태권도_주춤서기, 산틀막기, 금강내려막기 예비동작",,0,1,0,미부착,제1유형,동의서 작성,
757,한국스포츠정책과학원,기보유 데이터 아카이빙,TKD 26_P1 (58),"태권도_주춤서기, 산틀막기, 금강내려막기 예비동작",,0,1,0,미부착,제1유형,동의서 작성,
758,한국스포츠정책과학원,기보유 데이터 아카이빙,TKD 26_P1 (59),"태권도_주춤서기, 산틀막기, 금강내려막기 예비동작",,0,1,0,미부착,제1유형,동의서 작성,
759,한국스포츠정책과학원,기보유 데이터 아카이빙,TKD 26_P1 (60),"태권도_주춤서기, 산틀막기, 금강내려막기 예비동작",,0,1,0,미부착,제1유형,동의서 작성,
760,한국스포츠정책과학원,기보유 데이터 아카이빙,TKD 26_P1 (61),"태권도_주춤서기, 산틀막기, 금강내려막기 예비동작",,0,1,0,미부착,제1유형,동의서 작성,
761,한국스포츠정책과학원,기보유 데이터 아카이빙,TKD 26_P1 (62),"태권도_주춤서기, 산틀막기, 금강내려막기 예비동작",,0,1,0,미부착,제1유형,동의서 작성,
762,한국스포츠정책과학원,기보유 데이터 아카이빙,TKD 26_P1 (63),"태권도_주춤서기, 산틀막기, 금강내려막기 예비동작",,0,1,0,미부착,제1유형,동의서 작성,
763,한국스포츠정책과학원,기보유 데이터 아카이빙,TKD 26_P1 (64),"태권도_주춤서기, 산틀막기, 금강내려막기 예비동작",,0,1,0,미부착,제1유형,동의서 작성,
764,한국스포츠정책과학원,기보유 데이터 아카이빙,TKD 26_P1 (65),"태권도_주춤서기, 산틀막기, 금강내려막기 예비동작",,0,1,0,미부착,제1유형,동의서 작성,
765,한국스포츠정책과학원,기보유 데이터 아카이빙,TKD 26_P1 (66),"태권도_주춤서기, 산틀막기, 금강내려막기 예비동작",,0,1,0,미부착,제1유형,동의서 작성,
766,한국스포츠정책과학원,기보유 데이터 아카이빙,TKD 26_P1 (67),"태권도_주춤서기, 산틀막기, 금강내려막기 예비동작",,0,1,0,미부착,제1유형,동의서 작성,
767,한국스포츠정책과학원,기보유 데이터 아카이빙,TKD 26_P1 (68),"태권도_주춤서기, 산틀막기, 금강내려막기 예비동작",,0,1,0,미부착,제1유형,동의서 작성,
768,한국스포츠정책과학원,기보유 데이터 아카이빙,TKD 26_P1 (69),"태권도_주춤서기, 산틀막기, 금강내려막기 예비동작",,0,1,0,미부착,제1유형,동의서 작성,
769,한국스포츠정책과학원,기보유 데이터 아카이빙,TKD 26_P1 (70),"태권도_주춤서기, 산틀막기, 금강내려막기 예비동작",,0,1,0,미부착,제1유형,동의서 작성,
770,한국스포츠정책과학원,기보유 데이터 아카이빙,TKD 26_P1 (71),"태권도_주춤서기, 산틀막기, 금강내려막기 예비동작",,0,1,0,미부착,제1유형,동의서 작성,
771,한국스포츠정책과학원,기보유 데이터 아카이빙,TKD 26_P1 (72),"태권도_주춤서기, 산틀막기, 금강내려막기 예비동작",,0,1,0,미부착,제1유형,동의서 작성,
772,한국스포츠정책과학원,기보유 데이터 아카이빙,TKD 26_P1 (73),"태권도_주춤서기, 산틀막기, 금강내려막기 예비동작",,0,1,0,미부착,제1유형,동의서 작성,
773,한국스포츠정책과학원,기보유 데이터 아카이빙,TKD 26_P1 (74),"태권도_주춤서기, 산틀막기, 금강내려막기 예비동작",,0,1,0,미부착,제1유형,동의서 작성,
774,한국스포츠정책과학원,기보유 데이터 아카이빙,TKD 26_P1 (75),"태권도_주춤서기, 산틀막기, 금강내려막기 예비동작",,0,1,0,미부착,제1유형,동의서 작성,
775,한국스포츠정책과학원,기보유 데이터 아카이빙,TKD 26_P1 (76),"태권도_주춤서기, 산틀막기, 금강내려막기 예비동작",,0,1,0,미부착,제1유형,동의서 작성,
776,한국스포츠정책과학원,기보유 데이터 아카이빙,TKD 26_P1 (77),"태권도_주춤서기, 산틀막기, 금강내려막기 예비동작",,0,1,0,미부착,제1유형,동의서 작성,
777,한국스포츠정책과학원,기보유 데이터 아카이빙,TKD 26_P1 (78),"태권도_주춤서기, 산틀막기, 금강내려막기 예비동작",,0,1,0,미부착,제1유형,동의서 작성,
778,한국스포츠정책과학원,기보유 데이터 아카이빙,TKD 26_P1 (79),"태권도_주춤서기, 산틀막기, 금강내려막기 예비동작",,0,1,0,미부착,제1유형,동의서 작성,
779,한국스포츠정책과학원,기보유 데이터 아카이빙,TKD 26_P1 (80),"태권도_주춤서기, 산틀막기, 금강내려막기 예비동작",,0,1,0,미부착,제1유형,동의서 작성,
780,한국스포츠정책과학원,기보유 데이터 아카이빙,TKD 26_P1 (81),"태권도_주춤서기, 산틀막기, 금강내려막기 예비동작",,0,1,0,미부착,제1유형,동의서 작성,
781,한국스포츠정책과학원,기보유 데이터 아카이빙,TKD 26_P1 (82),"태권도_주춤서기, 산틀막기, 금강내려막기 예비동작",,0,1,0,미부착,제1유형,동의서 작성,
782,한국스포츠정책과학원,기보유 데이터 아카이빙,TKD 26_P1 (83),"태권도_주춤서기, 산틀막기, 금강내려막기 예비동작",,0,1,0,미부착,제1유형,동의서 작성,
783,한국스포츠정책과학원,기보유 데이터 아카이빙,TKD 26_P1 (84),"태권도_주춤서기, 산틀막기, 금강내려막기 예비동작",,0,1,0,미부착,제1유형,동의서 작성,
784,한국스포츠정책과학원,기보유 데이터 아카이빙,TKD 26_P1 (85),"태권도_주춤서기, 산틀막기, 금강내려막기 예비동작",,0,1,0,미부착,제1유형,동의서 작성,
785,한국스포츠정책과학원,기보유 데이터 아카이빙,TKD 26_P1 (86),"태권도_주춤서기, 산틀막기, 금강내려막기 예비동작",,0,1,0,미부착,제1유형,동의서 작성,
786,한국스포츠정책과학원,기보유 데이터 아카이빙,TKD 26_P1 (87),"태권도_주춤서기, 산틀막기, 금강내려막기 예비동작",,0,1,0,미부착,제1유형,동의서 작성,
787,한국스포츠정책과학원,기보유 데이터 아카이빙,TKD 26_P1 (88),"태권도_주춤서기, 산틀막기, 금강내려막기 예비동작",,0,1,0,미부착,제1유형,동의서 작성,
788,한국스포츠정책과학원,기보유 데이터 아카이빙,TKD 26_P1 (89),"태권도_주춤서기, 산틀막기, 금강내려막기 예비동작",,0,1,0,미부착,제1유형,동의서 작성,
789,한국스포츠정책과학원,기보유 데이터 아카이빙,TKD 26_P1 (90),"태권도_주춤서기, 산틀막기, 금강내려막기 예비동작",,0,1,0,미부착,제1유형,동의서 작성,
790,한국스포츠정책과학원,기보유 데이터 아카이빙,TKD 26_P1 (91),"태권도_주춤서기, 산틀막기, 금강내려막기 예비동작",,0,1,0,미부착,제1유형,동의서 작성,
791,한국스포츠정책과학원,기보유 데이터 아카이빙,TKD 26_P1 (92),"태권도_주춤서기, 산틀막기, 금강내려막기 예비동작",,0,1,0,미부착,제1유형,동의서 작성,
792,한국스포츠정책과학원,기보유 데이터 아카이빙,TKD 26_P1 (93),"태권도_주춤서기, 산틀막기, 금강내려막기 예비동작",,0,1,0,미부착,제1유형,동의서 작성,
793,한국스포츠정책과학원,기보유 데이터 아카이빙,TKD 26_P1 (94),"태권도_주춤서기, 산틀막기, 금강내려막기 예비동작",,0,1,0,미부착,제1유형,동의서 작성,
794,한국스포츠정책과학원,기보유 데이터 아카이빙,TKD 26_P1 (95),"태권도_주춤서기, 산틀막기, 금강내려막기 예비동작",,0,1,0,미부착,제1유형,동의서 작성,
795,한국스포츠정책과학원,기보유 데이터 아카이빙,TKD 26_P1 (96),"태권도_주춤서기, 산틀막기, 금강내려막기 예비동작",,0,1,0,미부착,제1유형,동의서 작성,
796,한국스포츠정책과학원,기보유 데이터 아카이빙,TKD 26_P1 (97),"태권도_주춤서기, 산틀막기, 금강내려막기 예비동작",,0,1,0,미부착,제1유형,동의서 작성,
797,한국스포츠정책과학원,기보유 데이터 아카이빙,TKD 26_P1 (98),"태권도_주춤서기, 산틀막기, 금강내려막기 예비동작",,0,1,0,미부착,제1유형,동의서 작성,
798,한국스포츠정책과학원,기보유 데이터 아카이빙,TKD 26_P1 (99),"태권도_주춤서기, 산틀막기, 금강내려막기 예비동작",,0,1,0,미부착,제1유형,동의서 작성,
799,한국스포츠정책과학원,기보유 데이터 아카이빙,TKD 26_P1 (100),"태권도_주춤서기, 산틀막기, 금강내려막기 예비동작",,0,1,0,미부착,제1유형,동의서 작성,
800,한국스포츠정책과학원,기보유 데이터 아카이빙,TKD 26_P2 (1),태권도_학다리서기,,0,1,0,미부착,제1유형,동의서 작성,
801,한국스포츠정책과학원,기보유 데이터 아카이빙,TKD 26_P2 (2),태권도_학다리서기,,0,1,0,미부착,제1유형,동의서 작성,
802,한국스포츠정책과학원,기보유 데이터 아카이빙,TKD 26_P2 (3),태권도_학다리서기,,0,1,0,미부착,제1유형,동의서 작성,
803,한국스포츠정책과학원,기보유 데이터 아카이빙,TKD 26_P2 (4),태권도_학다리서기,,0,1,0,미부착,제1유형,동의서 작성,
804,한국스포츠정책과학원,기보유 데이터 아카이빙,TKD 26_P2 (5),태권도_학다리서기,,0,1,0,미부착,제1유형,동의서 작성,
805,한국스포츠정책과학원,기보유 데이터 아카이빙,TKD 26_P2 (6),태권도_학다리서기,,0,1,0,미부착,제1유형,동의서 작성,
806,한국스포츠정책과학원,기보유 데이터 아카이빙,TKD 26_P2 (7),태권도_학다리서기,,0,1,0,미부착,제1유형,동의서 작성,
807,한국스포츠정책과학원,기보유 데이터 아카이빙,TKD 26_P2 (8),태권도_학다리서기,,0,1,0,미부착,제1유형,동의서 작성,
808,한국스포츠정책과학원,기보유 데이터 아카이빙,TKD 26_P2 (9),태권도_학다리서기,,0,1,0,미부착,제1유형,동의서 작성,
809,한국스포츠정책과학원,기보유 데이터 아카이빙,TKD 26_P2 (10),태권도_학다리서기,,0,1,0,미부착,제1유형,동의서 작성,
810,한국스포츠정책과학원,기보유 데이터 아카이빙,TKD 26_P2 (11),태권도_학다리서기,,0,1,0,미부착,제1유형,동의서 작성,
811,한국스포츠정책과학원,기보유 데이터 아카이빙,TKD 26_P2 (12),태권도_학다리서기,,0,1,0,미부착,제1유형,동의서 작성,
812,한국스포츠정책과학원,기보유 데이터 아카이빙,TKD 26_P2 (13),태권도_학다리서기,,0,1,0,미부착,제1유형,동의서 작성,
813,한국스포츠정책과학원,기보유 데이터 아카이빙,TKD 26_P2 (14),태권도_학다리서기,,0,1,0,미부착,제1유형,동의서 작성,
814,한국스포츠정책과학원,기보유 데이터 아카이빙,TKD 26_P2 (15),태권도_학다리서기,,0,1,0,미부착,제1유형,동의서 작성,
815,한국스포츠정책과학원,기보유 데이터 아카이빙,TKD 26_P2 (16),태권도_학다리서기,,0,1,0,미부착,제1유형,동의서 작성,
816,한국스포츠정책과학원,기보유 데이터 아카이빙,TKD 26_P2 (17),태권도_학다리서기,,0,1,0,미부착,제1유형,동의서 작성,
817,한국스포츠정책과학원,기보유 데이터 아카이빙,TKD 26_P2 (18),태권도_학다리서기,,0,1,0,미부착,제1유형,동의서 작성,
818,한국스포츠정책과학원,기보유 데이터 아카이빙,TKD 26_P2 (19),태권도_학다리서기,,0,1,0,미부착,제1유형,동의서 작성,
819,한국스포츠정책과학원,기보유 데이터 아카이빙,TKD 26_P2 (20),태권도_학다리서기,,0,1,0,미부착,제1유형,동의서 작성,
820,한국스포츠정책과학원,기보유 데이터 아카이빙,TKD 26_P2 (21),태권도_학다리서기,,0,1,0,미부착,제1유형,동의서 작성,
821,한국스포츠정책과학원,기보유 데이터 아카이빙,TKD 26_P2 (22),태권도_학다리서기,,0,1,0,미부착,제1유형,동의서 작성,
822,한국스포츠정책과학원,기보유 데이터 아카이빙,TKD 26_P2 (23),태권도_학다리서기,,0,1,0,미부착,제1유형,동의서 작성,
823,한국스포츠정책과학원,기보유 데이터 아카이빙,TKD 26_P2 (24),태권도_학다리서기,,0,1,0,미부착,제1유형,동의서 작성,
824,한국스포츠정책과학원,기보유 데이터 아카이빙,TKD 26_P2 (25),태권도_학다리서기,,0,1,0,미부착,제1유형,동의서 작성,
825,한국스포츠정책과학원,기보유 데이터 아카이빙,TKD 26_P2 (26),태권도_학다리서기,,0,1,0,미부착,제1유형,동의서 작성,
826,한국스포츠정책과학원,기보유 데이터 아카이빙,TKD 26_P2 (27),태권도_학다리서기,,0,1,0,미부착,제1유형,동의서 작성,
827,한국스포츠정책과학원,기보유 데이터 아카이빙,TKD 26_P2 (28),태권도_학다리서기,,0,1,0,미부착,제1유형,동의서 작성,
828,한국스포츠정책과학원,기보유 데이터 아카이빙,TKD 26_P2 (29),태권도_학다리서기,,0,1,0,미부착,제1유형,동의서 작성,
829,한국스포츠정책과학원,기보유 데이터 아카이빙,TKD 26_P2 (30),태권도_학다리서기,,0,1,0,미부착,제1유형,동의서 작성,
830,한국스포츠정책과학원,기보유 데이터 아카이빙,TKD 26_P2 (31),태권도_학다리서기,,0,1,0,미부착,제1유형,동의서 작성,
831,한국스포츠정책과학원,기보유 데이터 아카이빙,TKD 26_P2 (32),태권도_학다리서기,,0,1,0,미부착,제1유형,동의서 작성,
832,한국스포츠정책과학원,기보유 데이터 아카이빙,TKD 26_P2 (33),태권도_학다리서기,,0,1,0,미부착,제1유형,동의서 작성,
833,한국스포츠정책과학원,기보유 데이터 아카이빙,TKD 26_P2 (34),태권도_학다리서기,,0,1,0,미부착,제1유형,동의서 작성,
834,한국스포츠정책과학원,기보유 데이터 아카이빙,TKD 26_P2 (35),태권도_학다리서기,,0,1,0,미부착,제1유형,동의서 작성,
835,한국스포츠정책과학원,기보유 데이터 아카이빙,TKD 26_P2 (36),태권도_학다리서기,,0,1,0,미부착,제1유형,동의서 작성,
836,한국스포츠정책과학원,기보유 데이터 아카이빙,TKD 26_P2 (37),태권도_학다리서기,,0,1,0,미부착,제1유형,동의서 작성,
837,한국스포츠정책과학원,기보유 데이터 아카이빙,TKD 26_P2 (38),태권도_학다리서기,,0,1,0,미부착,제1유형,동의서 작성,
838,한국스포츠정책과학원,기보유 데이터 아카이빙,TKD 26_P2 (39),태권도_학다리서기,,0,1,0,미부착,제1유형,동의서 작성,
839,한국스포츠정책과학원,기보유 데이터 아카이빙,TKD 26_P2 (40),태권도_학다리서기,,0,1,0,미부착,제1유형,동의서 작성,
840,한국스포츠정책과학원,기보유 데이터 아카이빙,TKD 26_P2 (41),태권도_학다리서기,,0,1,0,미부착,제1유형,동의서 작성,
841,한국스포츠정책과학원,기보유 데이터 아카이빙,TKD 26_P2 (42),태권도_학다리서기,,0,1,0,미부착,제1유형,동의서 작성,
842,한국스포츠정책과학원,기보유 데이터 아카이빙,TKD 26_P2 (43),태권도_학다리서기,,0,1,0,미부착,제1유형,동의서 작성,
843,한국스포츠정책과학원,기보유 데이터 아카이빙,TKD 26_P2 (44),태권도_학다리서기,,0,1,0,미부착,제1유형,동의서 작성,
844,한국스포츠정책과학원,기보유 데이터 아카이빙,TKD 26_P2 (45),태권도_학다리서기,,0,1,0,미부착,제1유형,동의서 작성,
845,한국스포츠정책과학원,기보유 데이터 아카이빙,TKD 26_P2 (46),태권도_학다리서기,,0,1,0,미부착,제1유형,동의서 작성,
846,한국스포츠정책과학원,기보유 데이터 아카이빙,TKD 26_P2 (47),태권도_학다리서기,,0,1,0,미부착,제1유형,동의서 작성,
847,한국스포츠정책과학원,기보유 데이터 아카이빙,TKD 26_P2 (48),태권도_학다리서기,,0,1,0,미부착,제1유형,동의서 작성,
848,한국스포츠정책과학원,기보유 데이터 아카이빙,TKD 26_P2 (49),태권도_학다리서기,,0,1,0,미부착,제1유형,동의서 작성,
849,한국스포츠정책과학원,기보유 데이터 아카이빙,TKD 26_P2 (50),태권도_학다리서기,,0,1,0,미부착,제1유형,동의서 작성,
850,한국스포츠정책과학원,기보유 데이터 아카이빙,TKD 26_P2 (51),태권도_학다리서기,,0,1,0,미부착,제1유형,동의서 작성,
851,한국스포츠정책과학원,기보유 데이터 아카이빙,TKD 26_P2 (52),태권도_학다리서기,,0,1,0,미부착,제1유형,동의서 작성,
852,한국스포츠정책과학원,기보유 데이터 아카이빙,TKD 26_P2 (53),태권도_학다리서기,,0,1,0,미부착,제1유형,동의서 작성,
853,한국스포츠정책과학원,기보유 데이터 아카이빙,TKD 26_P2 (54),태권도_학다리서기,,0,1,0,미부착,제1유형,동의서 작성,
854,한국스포츠정책과학원,기보유 데이터 아카이빙,TKD 26_P2 (55),태권도_학다리서기,,0,1,0,미부착,제1유형,동의서 작성,
855,한국스포츠정책과학원,기보유 데이터 아카이빙,TKD 26_P2 (56),태권도_학다리서기,,0,1,0,미부착,제1유형,동의서 작성,
856,한국스포츠정책과학원,기보유 데이터 아카이빙,TKD 26_P2 (57),태권도_학다리서기,,0,1,0,미부착,제1유형,동의서 작성,
857,한국스포츠정책과학원,기보유 데이터 아카이빙,TKD 26_P2 (58),태권도_학다리서기,,0,1,0,미부착,제1유형,동의서 작성,
858,한국스포츠정책과학원,기보유 데이터 아카이빙,TKD 26_P2 (59),태권도_학다리서기,,0,1,0,미부착,제1유형,동의서 작성,
859,한국스포츠정책과학원,기보유 데이터 아카이빙,TKD 26_P2 (60),태권도_학다리서기,,0,1,0,미부착,제1유형,동의서 작성,
860,한국스포츠정책과학원,기보유 데이터 아카이빙,TKD 26_P2 (61),태권도_학다리서기,,0,1,0,미부착,제1유형,동의서 작성,
861,한국스포츠정책과학원,기보유 데이터 아카이빙,TKD 26_P2 (62),태권도_학다리서기,,0,1,0,미부착,제1유형,동의서 작성,
862,한국스포츠정책과학원,기보유 데이터 아카이빙,TKD 26_P2 (63),태권도_학다리서기,,0,1,0,미부착,제1유형,동의서 작성,
863,한국스포츠정책과학원,기보유 데이터 아카이빙,TKD 26_P2 (64),태권도_학다리서기,,0,1,0,미부착,제1유형,동의서 작성,
864,한국스포츠정책과학원,기보유 데이터 아카이빙,TKD 26_P2 (65),태권도_학다리서기,,0,1,0,미부착,제1유형,동의서 작성,
865,한국스포츠정책과학원,기보유 데이터 아카이빙,TKD 26_P2 (66),태권도_학다리서기,,0,1,0,미부착,제1유형,동의서 작성,
866,한국스포츠정책과학원,기보유 데이터 아카이빙,TKD 26_P2 (67),태권도_학다리서기,,0,1,0,미부착,제1유형,동의서 작성,
867,한국스포츠정책과학원,기보유 데이터 아카이빙,TKD 26_P2 (68),태권도_학다리서기,,0,1,0,미부착,제1유형,동의서 작성,
868,한국스포츠정책과학원,기보유 데이터 아카이빙,TKD 26_P2 (69),태권도_학다리서기,,0,1,0,미부착,제1유형,동의서 작성,
869,한국스포츠정책과학원,기보유 데이터 아카이빙,TKD 26_P2 (70),태권도_학다리서기,,0,1,0,미부착,제1유형,동의서 작성,
870,한국스포츠정책과학원,기보유 데이터 아카이빙,TKD 26_P2 (71),태권도_학다리서기,,0,1,0,미부착,제1유형,동의서 작성,
871,한국스포츠정책과학원,기보유 데이터 아카이빙,TKD 26_P2 (72),태권도_학다리서기,,0,1,0,미부착,제1유형,동의서 작성,
872,한국스포츠정책과학원,기보유 데이터 아카이빙,TKD 26_P2 (73),태권도_학다리서기,,0,1,0,미부착,제1유형,동의서 작성,
873,한국스포츠정책과학원,기보유 데이터 아카이빙,TKD 26_P2 (74),태권도_학다리서기,,0,1,0,미부착,제1유형,동의서 작성,
874,한국스포츠정책과학원,기보유 데이터 아카이빙,TKD 26_P2 (75),태권도_학다리서기,,0,1,0,미부착,제1유형,동의서 작성,
875,한국스포츠정책과학원,기보유 데이터 아카이빙,TKD 26_P2 (76),태권도_학다리서기,,0,1,0,미부착,제1유형,동의서 작성,
876,한국스포츠정책과학원,기보유 데이터 아카이빙,TKD 26_P2 (77),태권도_학다리서기,,0,1,0,미부착,제1유형,동의서 작성,
877,한국스포츠정책과학원,기보유 데이터 아카이빙,TKD 26_P2 (78),태권도_학다리서기,,0,1,0,미부착,제1유형,동의서 작성,
878,한국스포츠정책과학원,기보유 데이터 아카이빙,TKD 26_P2 (79),태권도_학다리서기,,0,1,0,미부착,제1유형,동의서 작성,
879,한국스포츠정책과학원,기보유 데이터 아카이빙,TKD 26_P2 (80),태권도_학다리서기,,0,1,0,미부착,제1유형,동의서 작성,
880,한국스포츠정책과학원,기보유 데이터 아카이빙,TKD 26_P2 (81),태권도_학다리서기,,0,1,0,미부착,제1유형,동의서 작성,
881,한국스포츠정책과학원,기보유 데이터 아카이빙,TKD 26_P2 (82),태권도_학다리서기,,0,1,0,미부착,제1유형,동의서 작성,
882,한국스포츠정책과학원,기보유 데이터 아카이빙,TKD 26_P2 (83),태권도_학다리서기,,0,1,0,미부착,제1유형,동의서 작성,
883,한국스포츠정책과학원,기보유 데이터 아카이빙,TKD 26_P2 (84),태권도_학다리서기,,0,1,0,미부착,제1유형,동의서 작성,
884,한국스포츠정책과학원,기보유 데이터 아카이빙,TKD 26_P2 (85),태권도_학다리서기,,0,1,0,미부착,제1유형,동의서 작성,
885,한국스포츠정책과학원,기보유 데이터 아카이빙,TKD 26_P2 (86),태권도_학다리서기,,0,1,0,미부착,제1유형,동의서 작성,
886,한국스포츠정책과학원,기보유 데이터 아카이빙,TKD 26_P2 (87),태권도_학다리서기,,0,1,0,미부착,제1유형,동의서 작성,
887,한국스포츠정책과학원,기보유 데이터 아카이빙,TKD 26_P2 (88),태권도_학다리서기,,0,1,0,미부착,제1유형,동의서 작성,
888,한국스포츠정책과학원,기보유 데이터 아카이빙,TKD 26_P2 (89),태권도_학다리서기,,0,1,0,미부착,제1유형,동의서 작성,
889,한국스포츠정책과학원,기보유 데이터 아카이빙,TKD 26_P2 (90),태권도_학다리서기,,0,1,0,미부착,제1유형,동의서 작성,
890,한국스포츠정책과학원,기보유 데이터 아카이빙,TKD 26_P2 (91),태권도_학다리서기,,0,1,0,미부착,제1유형,동의서 작성,
891,한국스포츠정책과학원,기보유 데이터 아카이빙,TKD 26_P2 (92),태권도_학다리서기,,0,1,0,미부착,제1유형,동의서 작성,
892,한국스포츠정책과학원,기보유 데이터 아카이빙,TKD 26_P2 (93),태권도_학다리서기,,0,1,0,미부착,제1유형,동의서 작성,
893,한국스포츠정책과학원,기보유 데이터 아카이빙,TKD 26_P2 (94),태권도_학다리서기,,0,1,0,미부착,제1유형,동의서 작성,
894,한국스포츠정책과학원,기보유 데이터 아카이빙,TKD 26_P2 (95),태권도_학다리서기,,0,1,0,미부착,제1유형,동의서 작성,
895,한국스포츠정책과학원,기보유 데이터 아카이빙,TKD 26_P2 (96),태권도_학다리서기,,0,1,0,미부착,제1유형,동의서 작성,
896,한국스포츠정책과학원,기보유 데이터 아카이빙,TKD 26_P2 (97),태권도_학다리서기,,0,1,0,미부착,제1유형,동의서 작성,
897,한국스포츠정책과학원,기보유 데이터 아카이빙,TKD 26_P2 (98),태권도_학다리서기,,0,1,0,미부착,제1유형,동의서 작성,
898,한국스포츠정책과학원,기보유 데이터 아카이빙,TKD 26_P2 (99),태권도_학다리서기,,0,1,0,미부착,제1유형,동의서 작성,
899,한국스포츠정책과학원,기보유 데이터 아카이빙,TKD 26_P2 (100),태권도_학다리서기,,0,1,0,미부착,제1유형,동의서 작성,
900,한국스포츠정책과학원,기보유 데이터 아카이빙,TKD 26_P2 (101),태권도_학다리서기,,0,1,0,미부착,제1유형,동의서 작성,
901,한국스포츠정책과학원,기보유 데이터 아카이빙,TKD 26_P2 (102),태권도_학다리서기,,0,1,0,미부착,제1유형,동의서 작성,
902,한국스포츠정책과학원,기보유 데이터 아카이빙,TKD 26_P3 (1),"태권도_학다리서기, 금강내려막기",,0,1,0,미부착,제1유형,동의서 작성,
903,한국스포츠정책과학원,기보유 데이터 아카이빙,TKD 26_P3 (2),"태권도_학다리서기, 금강내려막기",,0,1,0,미부착,제1유형,동의서 작성,
904,한국스포츠정책과학원,기보유 데이터 아카이빙,TKD 26_P3 (3),"태권도_학다리서기, 금강내려막기",,0,1,0,미부착,제1유형,동의서 작성,
905,한국스포츠정책과학원,기보유 데이터 아카이빙,TKD 26_P3 (4),"태권도_학다리서기, 금강내려막기",,0,1,0,미부착,제1유형,동의서 작성,
906,한국스포츠정책과학원,기보유 데이터 아카이빙,TKD 26_P3 (5),"태권도_학다리서기, 금강내려막기",,0,1,0,미부착,제1유형,동의서 작성,
907,한국스포츠정책과학원,기보유 데이터 아카이빙,TKD 26_P3 (6),"태권도_학다리서기, 금강내려막기",,0,1,0,미부착,제1유형,동의서 작성,
908,한국스포츠정책과학원,기보유 데이터 아카이빙,TKD 26_P3 (7),"태권도_학다리서기, 금강내려막기",,0,1,0,미부착,제1유형,동의서 작성,
909,한국스포츠정책과학원,기보유 데이터 아카이빙,TKD 26_P3 (8),"태권도_학다리서기, 금강내려막기",,0,1,0,미부착,제1유형,동의서 작성,
910,한국스포츠정책과학원,기보유 데이터 아카이빙,TKD 26_P3 (9),"태권도_학다리서기, 금강내려막기",,0,1,0,미부착,제1유형,동의서 작성,
911,한국스포츠정책과학원,기보유 데이터 아카이빙,TKD 26_P3 (10),"태권도_학다리서기, 금강내려막기",,0,1,0,미부착,제1유형,동의서 작성,
912,한국스포츠정책과학원,기보유 데이터 아카이빙,TKD 26_P3 (11),"태권도_학다리서기, 금강내려막기",,0,1,0,미부착,제1유형,동의서 작성,
913,한국스포츠정책과학원,기보유 데이터 아카이빙,TKD 26_P3 (12),"태권도_학다리서기, 금강내려막기",,0,1,0,미부착,제1유형,동의서 작성,
914,한국스포츠정책과학원,기보유 데이터 아카이빙,TKD 26_P3 (13),"태권도_학다리서기, 금강내려막기",,0,1,0,미부착,제1유형,동의서 작성,
915,한국스포츠정책과학원,기보유 데이터 아카이빙,TKD 26_P3 (14),"태권도_학다리서기, 금강내려막기",,0,1,0,미부착,제1유형,동의서 작성,
916,한국스포츠정책과학원,기보유 데이터 아카이빙,TKD 26_P3 (15),"태권도_학다리서기, 금강내려막기",,0,1,0,미부착,제1유형,동의서 작성,
917,한국스포츠정책과학원,기보유 데이터 아카이빙,TKD 26_P3 (16),"태권도_학다리서기, 금강내려막기",,0,1,0,미부착,제1유형,동의서 작성,
918,한국스포츠정책과학원,기보유 데이터 아카이빙,TKD 26_P3 (17),"태권도_학다리서기, 금강내려막기",,0,1,0,미부착,제1유형,동의서 작성,
919,한국스포츠정책과학원,기보유 데이터 아카이빙,TKD 26_P3 (18),"태권도_학다리서기, 금강내려막기",,0,1,0,미부착,제1유형,동의서 작성,
920,한국스포츠정책과학원,기보유 데이터 아카이빙,TKD 26_P3 (19),"태권도_학다리서기, 금강내려막기",,0,1,0,미부착,제1유형,동의서 작성,
921,한국스포츠정책과학원,기보유 데이터 아카이빙,TKD 26_P3 (20),"태권도_학다리서기, 금강내려막기",,0,1,0,미부착,제1유형,동의서 작성,
922,한국스포츠정책과학원,기보유 데이터 아카이빙,TKD 26_P3 (21),"태권도_학다리서기, 금강내려막기",,0,1,0,미부착,제1유형,동의서 작성,
923,한국스포츠정책과학원,기보유 데이터 아카이빙,TKD 26_P3 (22),"태권도_학다리서기, 금강내려막기",,0,1,0,미부착,제1유형,동의서 작성,
924,한국스포츠정책과학원,기보유 데이터 아카이빙,TKD 26_P3 (23),"태권도_학다리서기, 금강내려막기",,0,1,0,미부착,제1유형,동의서 작성,
925,한국스포츠정책과학원,기보유 데이터 아카이빙,TKD 26_P3 (24),"태권도_학다리서기, 금강내려막기",,0,1,0,미부착,제1유형,동의서 작성,
926,한국스포츠정책과학원,기보유 데이터 아카이빙,TKD 26_P3 (25),"태권도_학다리서기, 금강내려막기",,0,1,0,미부착,제1유형,동의서 작성,
927,한국스포츠정책과학원,기보유 데이터 아카이빙,TKD 26_P3 (26),"태권도_학다리서기, 금강내려막기",,0,1,0,미부착,제1유형,동의서 작성,
928,한국스포츠정책과학원,기보유 데이터 아카이빙,TKD 26_P3 (27),"태권도_학다리서기, 금강내려막기",,0,1,0,미부착,제1유형,동의서 작성,
929,한국스포츠정책과학원,기보유 데이터 아카이빙,TKD 26_P3 (28),"태권도_학다리서기, 금강내려막기",,0,1,0,미부착,제1유형,동의서 작성,
930,한국스포츠정책과학원,기보유 데이터 아카이빙,TKD 26_P3 (29),"태권도_학다리서기, 금강내려막기",,0,1,0,미부착,제1유형,동의서 작성,
931,한국스포츠정책과학원,기보유 데이터 아카이빙,TKD 26_P3 (30),"태권도_학다리서기, 금강내려막기",,0,1,0,미부착,제1유형,동의서 작성,
932,한국스포츠정책과학원,기보유 데이터 아카이빙,TKD 26_P3 (31),"태권도_학다리서기, 금강내려막기",,0,1,0,미부착,제1유형,동의서 작성,
933,한국스포츠정책과학원,기보유 데이터 아카이빙,TKD 26_P3 (32),"태권도_학다리서기, 금강내려막기",,0,1,0,미부착,제1유형,동의서 작성,
934,한국스포츠정책과학원,기보유 데이터 아카이빙,TKD 26_P3 (33),"태권도_학다리서기, 금강내려막기",,0,1,0,미부착,제1유형,동의서 작성,
935,한국스포츠정책과학원,기보유 데이터 아카이빙,TKD 26_P3 (34),"태권도_학다리서기, 금강내려막기",,0,1,0,미부착,제1유형,동의서 작성,
936,한국스포츠정책과학원,기보유 데이터 아카이빙,TKD 26_P3 (35),"태권도_학다리서기, 금강내려막기",,0,1,0,미부착,제1유형,동의서 작성,
937,한국스포츠정책과학원,기보유 데이터 아카이빙,TKD 26_P3 (36),"태권도_학다리서기, 금강내려막기",,0,1,0,미부착,제1유형,동의서 작성,
938,한국스포츠정책과학원,기보유 데이터 아카이빙,TKD 26_P3 (37),"태권도_학다리서기, 금강내려막기",,0,1,0,미부착,제1유형,동의서 작성,
939,한국스포츠정책과학원,기보유 데이터 아카이빙,TKD 26_P3 (38),"태권도_학다리서기, 금강내려막기",,0,1,0,미부착,제1유형,동의서 작성,
940,한국스포츠정책과학원,기보유 데이터 아카이빙,TKD 26_P3 (39),"태권도_학다리서기, 금강내려막기",,0,1,0,미부착,제1유형,동의서 작성,
941,한국스포츠정책과학원,기보유 데이터 아카이빙,TKD 26_P3 (40),"태권도_학다리서기, 금강내려막기",,0,1,0,미부착,제1유형,동의서 작성,
942,한국스포츠정책과학원,기보유 데이터 아카이빙,TKD 26_P3 (41),"태권도_학다리서기, 금강내려막기",,0,1,0,미부착,제1유형,동의서 작성,
943,한국스포츠정책과학원,기보유 데이터 아카이빙,TKD 26_P3 (42),"태권도_학다리서기, 금강내려막기",,0,1,0,미부착,제1유형,동의서 작성,
944,한국스포츠정책과학원,기보유 데이터 아카이빙,TKD 26_P3 (43),"태권도_학다리서기, 금강내려막기",,0,1,0,미부착,제1유형,동의서 작성,
945,한국스포츠정책과학원,기보유 데이터 아카이빙,TKD 26_P3 (44),"태권도_학다리서기, 금강내려막기",,0,1,0,미부착,제1유형,동의서 작성,
946,한국스포츠정책과학원,기보유 데이터 아카이빙,TKD 26_P3 (45),"태권도_학다리서기, 금강내려막기",,0,1,0,미부착,제1유형,동의서 작성,
947,한국스포츠정책과학원,기보유 데이터 아카이빙,TKD 26_P3 (46),"태권도_학다리서기, 금강내려막기",,0,1,0,미부착,제1유형,동의서 작성,
948,한국스포츠정책과학원,기보유 데이터 아카이빙,TKD 26_P3 (47),"태권도_학다리서기, 금강내려막기",,0,1,0,미부착,제1유형,동의서 작성,
949,한국스포츠정책과학원,기보유 데이터 아카이빙,TKD 26_P3 (48),"태권도_학다리서기, 금강내려막기",,0,1,0,미부착,제1유형,동의서 작성,
950,한국스포츠정책과학원,기보유 데이터 아카이빙,TKD 26_P3 (49),"태권도_학다리서기, 금강내려막기",,0,1,0,미부착,제1유형,동의서 작성,
951,한국스포츠정책과학원,기보유 데이터 아카이빙,TKD 26_P3 (50),"태권도_학다리서기, 금강내려막기",,0,1,0,미부착,제1유형,동의서 작성,
952,한국스포츠정책과학원,기보유 데이터 아카이빙,TKD 26_P3 (51),"태권도_학다리서기, 금강내려막기",,0,1,0,미부착,제1유형,동의서 작성,
953,한국스포츠정책과학원,기보유 데이터 아카이빙,TKD 26_P3 (52),"태권도_학다리서기, 금강내려막기",,0,1,0,미부착,제1유형,동의서 작성,
954,한국스포츠정책과학원,기보유 데이터 아카이빙,TKD 26_P3 (53),"태권도_학다리서기, 금강내려막기",,0,1,0,미부착,제1유형,동의서 작성,
955,한국스포츠정책과학원,기보유 데이터 아카이빙,TKD 26_P3 (54),"태권도_학다리서기, 금강내려막기",,0,1,0,미부착,제1유형,동의서 작성,
956,한국스포츠정책과학원,기보유 데이터 아카이빙,TKD 26_P3 (55),"태권도_학다리서기, 금강내려막기",,0,1,0,미부착,제1유형,동의서 작성,
957,한국스포츠정책과학원,기보유 데이터 아카이빙,TKD 26_P3 (56),"태권도_학다리서기, 금강내려막기",,0,1,0,미부착,제1유형,동의서 작성,
958,한국스포츠정책과학원,기보유 데이터 아카이빙,TKD 26_P3 (57),"태권도_학다리서기, 금강내려막기",,0,1,0,미부착,제1유형,동의서 작성,
959,한국스포츠정책과학원,기보유 데이터 아카이빙,TKD 26_P3 (58),"태권도_학다리서기, 금강내려막기",,0,1,0,미부착,제1유형,동의서 작성,
960,한국스포츠정책과학원,기보유 데이터 아카이빙,TKD 26_P3 (59),"태권도_학다리서기, 금강내려막기",,0,1,0,미부착,제1유형,동의서 작성,
961,한국스포츠정책과학원,기보유 데이터 아카이빙,TKD 26_P3 (60),"태권도_학다리서기, 금강내려막기",,0,1,0,미부착,제1유형,동의서 작성,
962,한국스포츠정책과학원,기보유 데이터 아카이빙,TKD 26_P3 (61),"태권도_학다리서기, 금강내려막기",,0,1,0,미부착,제1유형,동의서 작성,
963,한국스포츠정책과학원,기보유 데이터 아카이빙,TKD 26_P3 (62),"태권도_학다리서기, 금강내려막기",,0,1,0,미부착,제1유형,동의서 작성,
964,한국스포츠정책과학원,기보유 데이터 아카이빙,TKD 26_P3 (63),"태권도_학다리서기, 금강내려막기",,0,1,0,미부착,제1유형,동의서 작성,
965,한국스포츠정책과학원,기보유 데이터 아카이빙,TKD 26_P3 (64),"태권도_학다리서기, 금강내려막기",,0,1,0,미부착,제1유형,동의서 작성,
966,한국스포츠정책과학원,기보유 데이터 아카이빙,TKD 26_P3 (65),"태권도_학다리서기, 금강내려막기",,0,1,0,미부착,제1유형,동의서 작성,
967,한국스포츠정책과학원,기보유 데이터 아카이빙,TKD 26_P3 (66),"태권도_학다리서기, 금강내려막기",,0,1,0,미부착,제1유형,동의서 작성,
968,한국스포츠정책과학원,기보유 데이터 아카이빙,TKD 26_P3 (67),"태권도_학다리서기, 금강내려막기",,0,1,0,미부착,제1유형,동의서 작성,
969,한국스포츠정책과학원,기보유 데이터 아카이빙,TKD 26_P3 (68),"태권도_학다리서기, 금강내려막기",,0,1,0,미부착,제1유형,동의서 작성,
970,한국스포츠정책과학원,기보유 데이터 아카이빙,TKD 26_P3 (69),"태권도_학다리서기, 금강내려막기",,0,1,0,미부착,제1유형,동의서 작성,
971,한국스포츠정책과학원,기보유 데이터 아카이빙,TKD 26_P3 (70),"태권도_학다리서기, 금강내려막기",,0,1,0,미부착,제1유형,동의서 작성,
972,한국스포츠정책과학원,기보유 데이터 아카이빙,TKD 26_P3 (71),"태권도_학다리서기, 금강내려막기",,0,1,0,미부착,제1유형,동의서 작성,
973,한국스포츠정책과학원,기보유 데이터 아카이빙,TKD 26_P3 (72),"태권도_학다리서기, 금강내려막기",,0,1,0,미부착,제1유형,동의서 작성,
974,한국스포츠정책과학원,기보유 데이터 아카이빙,TKD 26_P3 (73),"태권도_학다리서기, 금강내려막기",,0,1,0,미부착,제1유형,동의서 작성,
975,한국스포츠정책과학원,기보유 데이터 아카이빙,TKD 26_P3 (74),"태권도_학다리서기, 금강내려막기",,0,1,0,미부착,제1유형,동의서 작성,
976,한국스포츠정책과학원,기보유 데이터 아카이빙,TKD 26_P3 (75),"태권도_학다리서기, 금강내려막기",,0,1,0,미부착,제1유형,동의서 작성,
977,한국스포츠정책과학원,기보유 데이터 아카이빙,TKD 26_P3 (76),"태권도_학다리서기, 금강내려막기",,0,1,0,미부착,제1유형,동의서 작성,
978,한국스포츠정책과학원,기보유 데이터 아카이빙,TKD 26_P3 (77),"태권도_학다리서기, 금강내려막기",,0,1,0,미부착,제1유형,동의서 작성,
979,한국스포츠정책과학원,기보유 데이터 아카이빙,TKD 26_P3 (78),"태권도_학다리서기, 금강내려막기",,0,1,0,미부착,제1유형,동의서 작성,
980,한국스포츠정책과학원,기보유 데이터 아카이빙,TKD 26_P3 (79),"태권도_학다리서기, 금강내려막기",,0,1,0,미부착,제1유형,동의서 작성,
981,한국스포츠정책과학원,기보유 데이터 아카이빙,TKD 26_P3 (80),"태권도_학다리서기, 금강내려막기",,0,1,0,미부착,제1유형,동의서 작성,
982,한국스포츠정책과학원,기보유 데이터 아카이빙,TKD 26_P3 (81),"태권도_학다리서기, 금강내려막기",,0,1,0,미부착,제1유형,동의서 작성,
983,한국스포츠정책과학원,기보유 데이터 아카이빙,TKD 26_P3 (82),"태권도_학다리서기, 금강내려막기",,0,1,0,미부착,제1유형,동의서 작성,
984,한국스포츠정책과학원,기보유 데이터 아카이빙,TKD 26_P3 (83),"태권도_학다리서기, 금강내려막기",,0,1,0,미부착,제1유형,동의서 작성,
985,한국스포츠정책과학원,기보유 데이터 아카이빙,TKD 26_P3 (84),"태권도_학다리서기, 금강내려막기",,0,1,0,미부착,제1유형,동의서 작성,
986,한국스포츠정책과학원,기보유 데이터 아카이빙,TKD 26_P3 (85),"태권도_학다리서기, 금강내려막기",,0,1,0,미부착,제1유형,동의서 작성,
987,한국스포츠정책과학원,기보유 데이터 아카이빙,TKD 26_P3 (86),"태권도_학다리서기, 금강내려막기",,0,1,0,미부착,제1유형,동의서 작성,
988,한국스포츠정책과학원,기보유 데이터 아카이빙,TKD 26_P3 (87),"태권도_학다리서기, 금강내려막기",,0,1,0,미부착,제1유형,동의서 작성,
989,한국스포츠정책과학원,기보유 데이터 아카이빙,TKD 26_P3 (88),"태권도_학다리서기, 금강내려막기",,0,1,0,미부착,제1유형,동의서 작성,
990,한국스포츠정책과학원,기보유 데이터 아카이빙,TKD 26_P3 (89),"태권도_학다리서기, 금강내려막기",,0,1,0,미부착,제1유형,동의서 작성,
991,한국스포츠정책과학원,기보유 데이터 아카이빙,TKD 26_P3 (90),"태권도_학다리서기, 금강내려막기",,0,1,0,미부착,제1유형,동의서 작성,
992,한국스포츠정책과학원,기보유 데이터 아카이빙,TKD 26_P3 (91),"태권도_학다리서기, 금강내려막기",,0,1,0,미부착,제1유형,동의서 작성,
993,한국스포츠정책과학원,기보유 데이터 아카이빙,TKD 26_P3 (92),"태권도_학다리서기, 금강내려막기",,0,1,0,미부착,제1유형,동의서 작성,
994,한국스포츠정책과학원,기보유 데이터 아카이빙,TKD 26_P3 (93),"태권도_학다리서기, 금강내려막기",,0,1,0,미부착,제1유형,동의서 작성,
995,한국스포츠정책과학원,기보유 데이터 아카이빙,TKD 26_P3 (94),"태권도_학다리서기, 금강내려막기",,0,1,0,미부착,제1유형,동의서 작성,
996,한국스포츠정책과학원,기보유 데이터 아카이빙,TKD 26_P3 (95),"태권도_학다리서기, 금강내려막기",,0,1,0,미부착,제1유형,동의서 작성,
997,한국스포츠정책과학원,기보유 데이터 아카이빙,TKD 26_P3 (96),"태권도_학다리서기, 금강내려막기",,0,1,0,미부착,제1유형,동의서 작성,
998,한국스포츠정책과학원,기보유 데이터 아카이빙,TKD 26_P3 (97),"태권도_학다리서기, 금강내려막기",,0,1,0,미부착,제1유형,동의서 작성,
999,한국스포츠정책과학원,기보유 데이터 아카이빙,TKD 26_P3 (98),"태권도_학다리서기, 금강내려막기",,0,1,0,미부착,제1유형,동의서 작성,
1000,한국스포츠정책과학원,기보유 데이터 아카이빙,TKD 26_P3 (99),"태권도_학다리서기, 금강내려막기",,0,1,0,미부착,제1유형,동의서 작성,
1001,한국스포츠정책과학원,기보유 데이터 아카이빙,TKD 26_P3 (100),"태권도_학다리서기, 금강내려막기",,0,1,0,미부착,제1유형,동의서 작성,
1002,한국스포츠정책과학원,기보유 데이터 아카이빙,TKD 21_RK 360 (2),태권도_돌려차기 360도,,0,1,0,미부착,제1유형,동의서 작성,
1003,한국스포츠정책과학원,기보유 데이터 아카이빙,TKD 21_RK 360 (3),태권도_돌려차기 360도,,0,1,0,미부착,제1유형,동의서 작성,
1004,한국스포츠정책과학원,기보유 데이터 아카이빙,TKD 21_RK 360 (5),태권도_돌려차기 360도,,0,1,0,미부착,제1유형,동의서 작성,
1005,한국스포츠정책과학원,기보유 데이터 아카이빙,TKD 21_RK 540 (1),태권도_뒤돌려차기 540도,,0,1,0,미부착,제1유형,동의서 작성,
1006,한국스포츠정책과학원,기보유 데이터 아카이빙,TKD 21_RK 540 (2),태권도_뒤돌려차기 540도,,0,1,0,미부착,제1유형,동의서 작성,
1007,한국스포츠정책과학원,기보유 데이터 아카이빙,TKD 21_RK 540 (3),태권도_뒤돌려차기 540도,,0,1,0,미부착,제1유형,동의서 작성,
1008,한국스포츠정책과학원,기보유 데이터 아카이빙,TKD 21_RK 540 (4),태권도_뒤돌려차기 540도,,0,1,0,미부착,제1유형,동의서 작성,
1009,한국스포츠정책과학원,기보유 데이터 아카이빙,TKD 21_RK 540 (5),태권도_뒤돌려차기 540도,,0,1,0,미부착,제1유형,동의서 작성,
1010,한국스포츠정책과학원,기보유 데이터 아카이빙,TKD 21_RK 720 (2),태권도_돌려차기 720도,,0,1,0,미부착,제1유형,동의서 작성,
1011,한국스포츠정책과학원,기보유 데이터 아카이빙,TKD 21_RK 720 (3),태권도_돌려차기 720도,,0,1,0,미부착,제1유형,동의서 작성,
1012,한국스포츠정책과학원,기보유 데이터 아카이빙,TKD 21_RK 720 (4),태권도_돌려차기 720도,,0,1,0,미부착,제1유형,동의서 작성,
1013,한국스포츠정책과학원,기보유 데이터 아카이빙,TKD 21_RK 720 (5),태권도_돌려차기 720도,,0,1,0,미부착,제1유형,동의서 작성,
1014,한국스포츠정책과학원,기보유 데이터 아카이빙,TKD 21_RK 900 (1),태권도_뒤돌려차기 900도,,0,1,0,미부착,제1유형,동의서 작성,
1015,한국스포츠정책과학원,기보유 데이터 아카이빙,TKD 21_RK 900 (4),태권도_뒤돌려차기 900도,,0,1,0,미부착,제1유형,동의서 작성,
1016,한국스포츠정책과학원,기보유 데이터 아카이빙,TKD 21_RK 900 (5),태권도_뒤돌려차기 900도,,0,1,0,미부착,제1유형,동의서 작성,
1017,한국스포츠정책과학원,기보유 데이터 아카이빙,TKD 21_RK 900 (7),태권도_뒤돌려차기 900도,,0,1,0,미부착,제1유형,동의서 작성,
1018,한국스포츠정책과학원,기보유 데이터 아카이빙,TKD 21_RK static (1),태권도_정적 자세( TKD 21_RK 돌려차기),,0,1,0,미부착,제1유형,동의서 작성,
1019,한국스포츠정책과학원,기보유 데이터 아카이빙,TKD 21_RK static (2),태권도_정적 자세( TKD 21_RK 돌려차기),,0,1,0,미부착,제1유형,동의서 작성,
1020,한국스포츠정책과학원,기보유 데이터 아카이빙,TKD 21_RK static (3),태권도_정적 자세( TKD 21_RK 돌려차기),,0,1,0,미부착,제1유형,동의서 작성,
1021,한국스포츠정책과학원,기보유 데이터 아카이빙,TKD 21_RK static (4),태권도_정적 자세( TKD 21_RK 돌려차기),,0,1,0,미부착,제1유형,동의서 작성,
1022,한국스포츠정책과학원,기보유 데이터 아카이빙,TKD 21_RK static (5),태권도_정적 자세( TKD 21_RK 돌려차기),,0,1,0,미부착,제1유형,동의서 작성,
1023,한국스포츠정책과학원,기보유 데이터 아카이빙,TKD 21_RK static (6),태권도_정적 자세( TKD 21_RK 돌려차기),,0,1,0,미부착,제1유형,동의서 작성,
1024,한국스포츠정책과학원,기보유 데이터 아카이빙,TKD 21_RK static (7),태권도_정적 자세( TKD 21_RK 돌려차기),,0,1,0,미부착,제1유형,동의서 작성,
1025,한국스포츠정책과학원,기보유 데이터 아카이빙,TKD 22_RK 360 (2),태권도_돌려차기 360도,,0,1,0,미부착,제1유형,동의서 작성,
1026,한국스포츠정책과학원,기보유 데이터 아카이빙,TKD 22_RK 360 (3),태권도_돌려차기 360도,,0,1,0,미부착,제1유형,동의서 작성,
1027,한국스포츠정책과학원,기보유 데이터 아카이빙,TKD 22_RK 360 (4),태권도_돌려차기 360도,,0,1,0,미부착,제1유형,동의서 작성,
1028,한국스포츠정책과학원,기보유 데이터 아카이빙,TKD 22_RK 360 (5),태권도_돌려차기 360도,,0,1,0,미부착,제1유형,동의서 작성,
1029,한국스포츠정책과학원,기보유 데이터 아카이빙,TKD 22_RK 360 (6),태권도_돌려차기 360도,,0,1,0,미부착,제1유형,동의서 작성,
1030,한국스포츠정책과학원,기보유 데이터 아카이빙,TKD 22_RK 360 (7),태권도_돌려차기 360도,,0,1,0,미부착,제1유형,동의서 작성,
1031,한국스포츠정책과학원,기보유 데이터 아카이빙,TKD 22_RK 360 (8),태권도_돌려차기 360도,,0,1,0,미부착,제1유형,동의서 작성,
1032,한국스포츠정책과학원,기보유 데이터 아카이빙,TKD 22_RK 540 (1),태권도_뒤돌려차기 540도,,0,1,0,미부착,제1유형,동의서 작성,
1033,한국스포츠정책과학원,기보유 데이터 아카이빙,TKD 22_RK 540 (2),태권도_뒤돌려차기 540도,,0,1,0,미부착,제1유형,동의서 작성,
1034,한국스포츠정책과학원,기보유 데이터 아카이빙,TKD 22_RK 540 (3),태권도_뒤돌려차기 540도,,0,1,0,미부착,제1유형,동의서 작성,
1035,한국스포츠정책과학원,기보유 데이터 아카이빙,TKD 22_RK 540 (5),태권도_뒤돌려차기 540도,,0,1,0,미부착,제1유형,동의서 작성,
1036,한국스포츠정책과학원,기보유 데이터 아카이빙,TKD 22_RK 540 (6),태권도_뒤돌려차기 540도,,0,1,0,미부착,제1유형,동의서 작성,
1037,한국스포츠정책과학원,기보유 데이터 아카이빙,TKD 22_RK 540 (7),태권도_뒤돌려차기 540도,,0,1,0,미부착,제1유형,동의서 작성,
1038,한국스포츠정책과학원,기보유 데이터 아카이빙,TKD 22_RK 540 (9),태권도_뒤돌려차기 540도,,0,1,0,미부착,제1유형,동의서 작성,
1039,한국스포츠정책과학원,기보유 데이터 아카이빙,TKD 22_RK 540 (10),태권도_뒤돌려차기 540도,,0,1,0,미부착,제1유형,동의서 작성,
1040,한국스포츠정책과학원,기보유 데이터 아카이빙,TKD 22_RK 540 (11),태권도_뒤돌려차기 540도,,0,1,0,미부착,제1유형,동의서 작성,
1041,한국스포츠정책과학원,기보유 데이터 아카이빙,TKD 22_RK 720 (1),태권도_돌려차기 720도,,0,1,0,미부착,제1유형,동의서 작성,
1042,한국스포츠정책과학원,기보유 데이터 아카이빙,TKD 22_RK 720 (2),태권도_돌려차기 720도,,0,1,0,미부착,제1유형,동의서 작성,
1043,한국스포츠정책과학원,기보유 데이터 아카이빙,TKD 22_RK 720 (3),태권도_돌려차기 720도,,0,1,0,미부착,제1유형,동의서 작성,
1044,한국스포츠정책과학원,기보유 데이터 아카이빙,TKD 22_RK 720 (4),태권도_돌려차기 720도,,0,1,0,미부착,제1유형,동의서 작성,
1045,한국스포츠정책과학원,기보유 데이터 아카이빙,TKD 22_RK 720 (5),태권도_돌려차기 720도,,0,1,0,미부착,제1유형,동의서 작성,
1046,한국스포츠정책과학원,기보유 데이터 아카이빙,TKD 22_RK 720 (6),태권도_돌려차기 720도,,0,1,0,미부착,제1유형,동의서 작성,
1047,한국스포츠정책과학원,기보유 데이터 아카이빙,TKD 22_RK 720 (7),태권도_돌려차기 720도,,0,1,0,미부착,제1유형,동의서 작성,
1048,한국스포츠정책과학원,기보유 데이터 아카이빙,TKD 22_RK 720 (8),태권도_돌려차기 720도,,0,1,0,미부착,제1유형,동의서 작성,
1049,한국스포츠정책과학원,기보유 데이터 아카이빙,TKD 22_RK static (1),태권도_정적 자세(TKD 22_RK 돌려차기),,0,1,0,미부착,제1유형,동의서 작성,
1050,한국스포츠정책과학원,기보유 데이터 아카이빙,TKD 22_RK static (2),태권도_정적 자세(TKD 22_RK 돌려차기),,0,1,0,미부착,제1유형,동의서 작성,
1051,한국스포츠정책과학원,기보유 데이터 아카이빙,TKD 22_RK static (3),태권도_정적 자세(TKD 22_RK 돌려차기),,0,1,0,미부착,제1유형,동의서 작성,
1052,한국스포츠정책과학원,기보유 데이터 아카이빙,TKD 22_RK static (4),태권도_정적 자세(TKD 22_RK 돌려차기),,0,1,0,미부착,제1유형,동의서 작성,
1053,한국스포츠정책과학원,기보유 데이터 아카이빙,TKD 22_RK static (5),태권도_정적 자세(TKD 22_RK 돌려차기),,0,1,0,미부착,제1유형,동의서 작성,
1054,한국스포츠정책과학원,기보유 데이터 아카이빙,TKD 22_RK static (6),태권도_정적 자세(TKD 22_RK 돌려차기),,0,1,0,미부착,제1유형,동의서 작성,
1055,한국스포츠정책과학원,기보유 데이터 아카이빙,TKD 22_RK static (7),태권도_정적 자세(TKD 22_RK 돌려차기),,0,1,0,미부착,제1유형,동의서 작성,
1056,한국스포츠정책과학원,기보유 데이터 아카이빙,TKD 22_RK static (8),태권도_정적 자세(TKD 22_RK 돌려차기),,0,1,0,미부착,제1유형,동의서 작성,
1057,한국스포츠정책과학원,기보유 데이터 아카이빙,TKD 22_RK static (9),태권도_정적 자세(TKD 22_RK 돌려차기),,0,1,0,미부착,제1유형,동의서 작성,
1058,한국스포츠정책과학원,기보유 데이터 아카이빙,TKD 22_RK static (10),태권도_정적 자세(TKD 22_RK 돌려차기),,0,1,0,미부착,제1유형,동의서 작성,
1059,한국스포츠정책과학원,기보유 데이터 아카이빙,TKD 22_RK static (11),태권도_정적 자세(TKD 22_RK 돌려차기),,0,1,0,미부착,제1유형,동의서 작성,
1060,한국스포츠정책과학원,기보유 데이터 아카이빙,TKD 23_RK 540 (1),태권도_뒤돌려차기 540도,,0,1,0,미부착,제1유형,동의서 작성,
1061,한국스포츠정책과학원,기보유 데이터 아카이빙,TKD 23_RK 540 (3),태권도_뒤돌려차기 540도,,0,1,0,미부착,제1유형,동의서 작성,
1062,한국스포츠정책과학원,기보유 데이터 아카이빙,TKD 23_RK 900 (2),태권도_뒤돌려차기 900도,,0,1,0,미부착,제1유형,동의서 작성,
1063,한국스포츠정책과학원,기보유 데이터 아카이빙,TKD 23_RK 900 (3),태권도_뒤돌려차기 900도,,0,1,0,미부착,제1유형,동의서 작성,
1064,한국스포츠정책과학원,기보유 데이터 아카이빙,TKD 23_RK static,태권도_정적 자세(TKD 23_RK 돌려차기),,0,1,0,미부착,제1유형,동의서 작성,
1065,한국스포츠정책과학원,기보유 데이터 아카이빙,TKD 27_K_BL (16),태권도_왼발 뒤차기,,0,1,0,미부착,제1유형,동의서 작성,
1066,한국스포츠정책과학원,기보유 데이터 아카이빙,TKD 27_K_FLH (2),태권도_ 왼발 앞차기 상단,,0,1,0,미부착,제1유형,동의서 작성,
1067,한국스포츠정책과학원,기보유 데이터 아카이빙,TKD 27_K_FLH (34),태권도_ 왼발 앞차기 상단,,0,1,0,미부착,제1유형,동의서 작성,
1068,한국스포츠정책과학원,기보유 데이터 아카이빙,TKD 27_K_FLM (2),태권도_ 왼발 앞차기 중단,,0,1,0,미부착,제1유형,동의서 작성,
1069,한국스포츠정책과학원,기보유 데이터 아카이빙,TKD 27_K_FLM (3),태권도_ 왼발 앞차기 중단,,0,1,0,미부착,제1유형,동의서 작성,
1070,한국스포츠정책과학원,기보유 데이터 아카이빙,TKD 27_K_SRH (8),태권도_오른발 옆차기 상단,,0,1,0,미부착,제1유형,동의서 작성,
1071,한국스포츠정책과학원,기보유 데이터 아카이빙,TKD 27_K_SRH (16),태권도_오른발 옆차기 상단,,0,1,0,미부착,제1유형,동의서 작성,
1072,한국스포츠정책과학원,기보유 데이터 아카이빙,TKD 27_K_SRM (10),태권도_오른발 옆차기 중단,,0,1,0,미부착,제1유형,동의서 작성,
