국립극장 권리처리 목록,,,,,,,,,,,,
순번,사이트명,카테고리,이름,설명,등록일,영상,사진,문서,기존 공공누리 유형,최종 공공누리 유형,계약서 유무,비고
1,별별스테이지,홍보물제작,2023 국립극장 기관 홍보 인쇄물 제작,2023051462600,2023-05-31,0,0,1,미부착,개방불가,없음,
2,별별스테이지,홍보물제작,공연예술박물관 별별실감극장 홍보물 제작,2023021853902,2023-05-01,0,0,1,미부착,개방불가,없음,
3,별별스테이지,홍보물제작,2022 국립극장 연말기획공연 세 가지 선물 홍보물 제작,2022090F7D000,2022-09-29,0,0,1,미부착,개방불가,없음,
4,별별스테이지,홍보물제작,2022-2023 국립극장 레퍼토리시즌 무장애 공연틴에이지 딕 홍보물 제작,202208008EC00,2022-08-02,0,0,1,미부착,개방불가,없음,
5,별별스테이지,홍보물제작,2022 국립극장 여우락 페스티벌 인쇄홍보물 제작 계약 체결 요청,2022050911F00,2022-05-13,0,0,1,미부착,개방불가,없음,
6,별별스테이지,홍보물제작,2021-2022 국립극장 연말기획공연 명색이아프레걸 인쇄홍보물 계약체결 요청,20210907D7400,2021-09-15,0,0,1,미부착,개방불가,없음,
7,별별스테이지,홍보물제작,2021 국립창극단 신작 귀토 홍보물 디자인 및 인쇄,2021030111400,2021-03-02,0,0,1,미부착,개방불가,없음,
8,별별스테이지,홍보물제작,2020 국립극장 여우락 페스티벌 인쇄홍보물 계약요청,202005054F101,2020-05-12,0,0,1,미부착,개방불가,없음,
9,별별스테이지,홍보물제작,2020 국립창극단 신작 &#60;춘향&#62; 홍보물 제작,2020030DE4E00,2020-03-18,0,0,1,미부착,개방불가,없음,
10,별별스테이지,홍보물제작,국립창극단 레퍼토리 패왕별희 홍보물 인쇄,2019110000D00,2019-11-04,0,0,1,미부착,개방불가,없음,
11,별별스테이지,홍보물제작,2019-2020 국립극장 레퍼토리시즌 마당놀이 춘풍이 온다 인쇄홍보물 제작,2019100845A00,2019-10-15,0,0,1,미부착,개방불가,없음,
12,별별스테이지,홍보물제작,2019 국립극장 여우락 페스티벌 홍보인쇄물 제작,2019050771800,2019-05-13,0,0,1,미부착,개방불가,없음,
13,별별스테이지,홍보물제작,2019 상반기 국립극장 완창판소리 홍보물 제작,20190302A3700,2019-03-06,0,0,1,미부착,개방불가,없음,
14,별별스테이지,홍보물제작,2019 국립창극단 신작 패왕별희 홍보물 제작,20190206C0900,2019-02-15,0,0,1,미부착,개방불가,없음,
15,별별스테이지,홍보물제작,2018 하반기 국립극장 완창판소리 홍보물 제작,20181007BA300,2018-10-15,0,0,1,미부착,개방불가,없음,
16,별별스테이지,홍보물제작,2018 국립창극단 신작 우주소리 홍보물 제작,2018090BEDB00,2018-09-28,0,0,1,미부착,개방불가,없음,
17,별별스테이지,홍보물제작,2018년 국립극장 여우락 페스티벌 홍보인쇄물 제작,2018050814F00,2018-05-15,0,0,1,미부착,개방불가,없음,
18,별별스테이지,홍보물제작,2017 국립창극단 신작 산불 홍보물 제작,20170907E2100,2017-09-19,0,0,1,미부착,개방불가,없음,
19,별별스테이지,홍보물제작,2017 여우락 페스티벌 홍보인쇄물 제작,2017060F88A00,2017-06-29,0,0,1,미부착,개방불가,없음,
20,별별스테이지,홍보물제작,2017 국립무용단 신작 리진 홍보물 제작,2017050F19000,2017-05-30,0,0,1,미부착,개방불가,없음,
21,별별스테이지,홍보물제작,2017 국립창극단 레퍼토리 코카서스의 백묵원 홍보물 제작,2017050474F00,2017-05-12,0,0,1,미부착,개방불가,없음,
22,별별스테이지,홍보물제작,2017 국립창극단 신작 흥보씨 홍보인쇄물 제작,T1703171889400,2017-03-30,0,0,1,미부착,개방불가,없음,
23,별별스테이지,홍보물제작,"2016 국립무용단 레퍼토리 <Soul,해바라기> 홍보물 제작",T1610162723800,2016-10-13,0,0,1,미부착,개방불가,없음,
24,별별스테이지,홍보물제작,2016 국립무용단 레퍼토리 <묵향> 홍보물 제작,T1609161529100,2016-09-19,0,0,1,미부착,개방불가,없음,
25,별별스테이지,홍보물제작,2016 국립창극단 신작 트로이의 여인들 홍보물 제작,2016082472700,2016-08-19,0,0,1,미부착,개방불가,없음,
26,별별스테이지,홍보물제작,2016 국립극장 여우樂(락)페스티벌 홍보인쇄물 제작,2016062546100,2016-06-15,0,0,1,미부착,개방불가,없음,
27,별별스테이지,홍보물제작,국립국악관현악단 관현악시리즈1 <무위자연> 홍보인쇄물 제작,T1603153451000,2016-03-28,0,0,1,미부착,개방불가,없음,
28,별별스테이지,홍보물제작,2015 국립극장 여우락페스티벌 홍보인쇄물 제작,2015042083200,2015-04-10,0,0,1,미부착,개방불가,없음,
29,별별스테이지,홍보물제작,2015 상반기 국립극장 완창판소리 홍보인쇄물 제작,T1503133647100,2015-03-09,0,0,1,미부착,개방불가,없음,
30,별별스테이지,홍보물제작,2015 국립창극단 신작 코카서스의 백묵원 인쇄홍보물 제작,T1502133261600,2015-02-27,0,0,1,미부착,개방불가,없음,
31,별별스테이지,홍보물제작,국립무용단 신작 제의 인쇄홍보물 제작,2015021537800,2015-02-10,0,0,1,미부착,개방불가,없음,
32,별별스테이지,홍보물제작,국립국악관현악단 기획연주회 <국립극장 제야음악회 2014> 홍보인쇄물 제작,T1412128418600,2014-12-02,0,0,1,미부착,개방불가,없음,
33,별별스테이지,홍보물제작,국립창극단 다른 춘향 홍보인쇄물 제작,2014112014800,2014-11-13,0,0,1,미부착,개방불가,없음,
34,별별스테이지,홍보물제작,2014 국립창극단 레퍼토리 창극 메디아 인쇄홍보물 제작,T1408122761300,2014-08-20,0,0,1,미부착,개방불가,없음,
35,별별스테이지,홍보물제작,국립무용단 신작 <토너먼트> 인쇄홍보물 제작,T1408122338700,2014-08-08,0,0,1,미부착,개방불가,없음,
36,별별스테이지,홍보물제작,국립창극단 변강쇠 점 찍고 옹녀 홍보인쇄물 제작,2014061133100,2014-06-10,0,0,1,미부착,개방불가,없음,
37,별별스테이지,홍보물제작,"2014 국립극장 여우樂(락)페스티벌「여기, 우리 음악이 있다」 홍보 인쇄물 제작",2014053069600,2014-05-22,0,0,1,미부착,개방불가,없음,
38,별별스테이지,홍보물제작,"국립무용단 단, 묵향 교차공연 관련 홍보물 제작",T1405117714300,2014-05-09,0,0,1,미부착,개방불가,없음,
39,별별스테이지,홍보물제작,창극 배비장전 홍보인쇄물 제작,T1404115982800,2014-04-04,0,0,1,미부착,개방불가,없음,
40,별별스테이지,홍보물제작,창극 장화홍련 홍보인쇄물 제작,T1403115605700,2014-03-28,0,0,1,미부착,개방불가,없음,
41,별별스테이지,홍보물제작,국립창극단 숙영낭자전 홍보인쇄물 제작,T1402113390400,2014-02-07,0,0,1,미부착,개방불가,없음,
42,별별스테이지,홍보물제작,국립국악관현악단 <국립극장 제야음악회 2013> 홍보인쇄물 제작,T1312112148100,2013-12-27,0,0,1,미부착,개방불가,없음,
43,별별스테이지,홍보물제작,제3기 국립극장 국가브랜드공연 단테의 신곡 홍보인쇄물 제작 계약,2013120130300,2013-11-18,0,0,1,미부착,개방불가,없음,
44,별별스테이지,홍보물제작,국립국악관현악단 <파트 오브 네이처> 홍보인쇄물 제작비 지급 ,T1311108913300,2013-11-13,0,0,1,미부착,개방불가,없음,
45,별별스테이지,홍보물제작,국립창극단 배비장전 홍보인쇄물 제작 계약요청,T1311108298200,2013-11-12,0,0,1,미부착,개방불가,없음,
46,별별스테이지,홍보물제작,2013-2014 국립레퍼토리시즌 홍보인쇄물 제작,2013103871800,2013-10-15,0,0,1,미부착,개방불가,없음,
47,별별스테이지,홍보물제작,국립창극단 앵콜 창극 서편제 홍보인쇄물 제작 계약요청,T1308104419000,2013-08-23,0,0,1,미부착,개방불가,없음,
48,별별스테이지,홍보물제작,국립창극단 하반기 완창판소리 홍보인쇄물 제작 계약요청,T1308104408800,2013-08-23,0,0,1,미부착,개방불가,없음,
49,별별스테이지,홍보물제작,국립창극단 < 내 이름은 오동구> 홍보물제작 계약 ,T1306101707200,2013-05-24,0,0,1,미부착,개방불가,없음,
50,별별스테이지,홍보물제작,"국립무용단 레퍼토리 <그대, 논개여> 공연 홍보인쇄물 제작",T1305099086801,2013-05-07,0,0,1,미부착,개방불가,없음,
51,별별스테이지,홍보물제작,2013 공연예술박물관 기획전시 홍보발간물 제작,2013050150500,2013-05-01,0,0,1,미부착,개방불가,없음,
52,별별스테이지,홍보물제작,국립창극단 메디아 홍보인쇄물 제작 계약요청,T1306101504900,2013-04-25,0,0,1,미부착,개방불가,없음,
53,별별스테이지,홍보물제작,국립창극단 신작 서편제 홍보인쇄물 제작,2013032620400,2013-03-13,0,0,1,미부착,개방불가,없음,
54,별별스테이지,홍보물제작,국립무용단 안무가초청프로젝트 <단> 공연 홍보물 제작,T1303095860500,2013-02-22,0,0,1,미부착,개방불가,없음,
55,별별스테이지,홍보물제작,국립창극단 장화홍련 홍보인쇄물 제작,2012121112800,2012-12-03,0,0,1,미부착,개방불가,없음,
56,별별스테이지,홍보물제작,2012 세계국립극장페스티벌 홍보 인쇄물(개별) 제작 계약요청,2012102898700,2012-10-02,0,0,1,미부착,개방불가,없음,
57,별별스테이지,홍보물제작,국립무용단 <도미부인> 공연 홍보 인쇄물 제작비,T1208085504800,2012-08-27,0,0,1,미부착,개방불가,없음,
58,별별스테이지,홍보물제작,국립무용단 레퍼토리 시즌Ⅰ 인쇄 홍보물 제작,T1204079504500,2012-04-25,0,0,1,미부착,개방불가,없음,
59,별별스테이지,홍보물제작,2012 정오의 음악회 인쇄홍보물 제작,T1202076293300,2012-02-23,0,0,1,미부착,개방불가,없음,
60,별별스테이지,홍보물제작, 화선 김홍도  홍보 인쇄물,T1110068450700,2011-10-14,0,0,1,미부착,개방불가,없음,
61,별별스테이지,홍보물제작,2011 세계국립극장페스티벌 사전홍보 인쇄물 제작 계약,2011070384700,2011-07-05,0,0,1,미부착,개방불가,없음,
62,별별스테이지,홍보물제작,2011년 여우락페스티벌 홍보인쇄물 제작,T1106062888800,2011-06-24,0,0,1,미부착,개방불가,없음,
63,별별스테이지,홍보물제작,국립무용단 <소울해바라기> 네덜란드 벨기에 수교기념공연 홍보인쇄물 제작,T1105061641500,2011-05-24,0,0,1,미부착,개방불가,없음,
64,별별스테이지,홍보물제작,국립국악관현악단 기획공연 <엄마와 함께하는 국악보따리> 홍보인쇄물 제작,T1104059928200,2011-04-19,0,0,1,미부착,개방불가,없음,
65,별별스테이지,홍보물제작,국립국악관현악단 제54회 정기연주회 <어부사시사> 홍보인쇄물 제작,T1104059623300,2011-04-13,0,0,1,미부착,개방불가,없음,
66,별별스테이지,홍보물제작,2011년 토요문화광장 홍보인쇄물 제작 ,T1104059616700,2011-04-13,0,0,1,미부착,개방불가,없음,
67,별별스테이지,홍보물제작,국립무용단 기획공연 프린세스 콩쥐 홍보인쇄물 제작,2011034000900,2011-03-23,0,0,1,미부착,개방불가,없음,
68,별별스테이지,홍보물제작,국립국악관현악단 기획공연 <뛰다 튀다 타다> 홍보인쇄물 제작,T1103057856400,2011-03-10,0,0,1,미부착,개방불가,없음,
69,별별스테이지,홍보물제작,국립창극단 완창판소리 홍보인쇄물 제작,2011031305100,2011-03-09,0,0,1,미부착,개방불가,없음,
70,별별스테이지,홍보물제작,국립국악관현악단 상설연주회 <사랑방 음악회> 홍보인쇄물 제작,T1103057703000,2011-03-08,0,0,1,미부착,개방불가,없음,
71,별별스테이지,홍보물제작,2011 설날특별공연 <토끼전> 홍보인쇄물 제작,T1101056494500,2011-01-31,0,0,1,미부착,개방불가,없음,
72,별별스테이지,홍보물제작,2011 국립극장 설축제 <남산위의 까치 설맞이> 홍보인쇄물 제작 ,T1101056375000,2011-01-27,0,0,1,미부착,개방불가,없음,
73,별별스테이지,홍보물제작,국립국악관현악단 정오의 음악회 홍보인쇄물 제작,2011011064700,2011-01-17,0,0,1,미부착,개방불가,없음,
74,별별스테이지,홍보물제작,국립창극단 <정오의 판소리> 홍보인쇄물 제작,T1101055968300,2011-01-14,0,0,1,미부착,개방불가,없음,
75,별별스테이지,홍보물제작,2011년 어린이 우수공연축제 홍보인쇄물 제작 ,T1012054431800,2010-12-20,0,0,1,미부착,개방불가,없음,
76,별별스테이지,홍보물제작,2010 국립극장 겨울축제 <희망의 노래> 홍보인쇄물 제작,T1012053759000,2010-12-13,0,0,1,미부착,개방불가,없음,
77,별별스테이지,홍보물제작,국립창극단 <칸타타 토끼이야기> 시연회 홍보인쇄물 제작,T1011052781000,2010-11-29,0,0,1,미부착,개방불가,없음,
78,별별스테이지,홍보물제작,국립무용단 기획공연 <송범 무용전> 홍보인쇄물 제작,T1011051783600,2010-11-15,0,0,1,미부착,개방불가,없음,
79,별별스테이지,홍보물제작,G20기념 특별기획공연 <청> 홍보인쇄물 제작,T1011051444300,2010-11-08,0,0,1,미부착,개방불가,없음,
80,별별스테이지,홍보물제작,2010 서울아트마켓PAMS 홍보물 제작,2010100995000,2010-10-08,0,0,1,미부착,개방불가,없음,
81,별별스테이지,홍보물제작,국립창극단 <정오의 판소리> 홍보인쇄물 제작,T1010049699200,2010-10-01,0,0,1,미부착,개방불가,없음,
82,별별스테이지,홍보물제작,국립극장 가을축제 추석난장 홍보인쇄물 제작,T1009048995400,2010-09-13,0,0,1,미부착,개방불가,없음,
83,별별스테이지,홍보물제작,국립국악관현악단 제53회 정기연주회 <어부사시사> 홍보인쇄물 제작,T1009048951000,2010-09-10,0,0,1,미부착,개방불가,없음,
84,별별스테이지,홍보물제작,국립무용단 <소울 해바라기> 홍보인쇄물 제작,T1009048573700,2010-09-01,0,0,1,미부착,개방불가,없음,
85,별별스테이지,홍보물제작,국립극장 여우락페스티벌 홍보인쇄물 제작,2010080476501,2010-08-19,0,0,1,미부착,개방불가,없음,
86,별별스테이지,홍보물제작,2010 열대야페스티벌 홍보인쇄물 제작,T1007047362900,2010-07-30,0,0,1,미부착,개방불가,없음,
87,별별스테이지,홍보물제작,관현악단 <젊은 예인을 위한 협주곡의 밤> 홍보인쇄물 제작,T1006044569900,2010-06-04,0,0,1,미부착,개방불가,없음,
88,별별스테이지,홍보물제작,국립무용단 상설공연 <춤 춘향> 홍보인쇄물 제작,T1005043579000,2010-05-13,0,0,1,미부착,개방불가,없음,
89,별별스테이지,홍보물제작,국립국악관현악단 <엄마와 함께하는 국악보따리> 홍보인쇄물 제작,T1004042906800,2010-04-26,0,0,1,미부착,개방불가,없음,
90,별별스테이지,홍보물제작,청소년공연예술제 및 다문화페스티벌 홍보인쇄물 제작 및 인쇄,2010043963500,2010-04-23,0,0,1,미부착,개방불가,없음,
91,별별스테이지,홍보물제작,국립창극단 국가브랜드 공연 청 홍보인쇄물 제작,2010042927900,2010-04-19,0,0,1,미부착,개방불가,없음,
92,별별스테이지,홍보물제작,국립국악관현악단 <뛰다 튀다 타다> 홍보인쇄물 제작(계약변경),T1002037907801,2010-04-15,0,0,1,미부착,개방불가,없음,
93,별별스테이지,홍보물제작,2010 국립극장 고고고 극장장 서신 및 홍보물 제작  ,T1004041651400,2010-04-05,0,0,1,미부착,개방불가,없음,
94,별별스테이지,홍보물제작,관현악단 <사랑방 음악회> 홍보인쇄물 제작,T1003040255800,2010-03-16,0,0,1,미부착,개방불가,없음,
95,별별스테이지,홍보물제작,국립무용단 상설공연 <코리아환타지> 홍보인쇄물 제작 ,T1002036348200,2010-02-22,0,0,1,미부착,개방불가,없음,
96,별별스테이지,홍보물제작,국립무용단 춤춘향 밴쿠버 뉴욕공연 홍보인쇄물 제작,2010021983100,2010-02-17,0,0,1,미부착,개방불가,없음,
97,별별스테이지,홍보물제작,2010년 국립창극단 완창판소리 홍보인쇄물 제작,2010020693900,2010-02-05,0,0,1,미부착,개방불가,없음,
98,별별스테이지,홍보물제작,"2010년 대보름축제 ""남산위의둥근달"" 홍보인쇄물 제작",T1002032024100,2010-01-29,0,0,1,미부착,개방불가,없음,
99,별별스테이지,포스터,Viktor(빅토르),Tanztheater Wuppertal(부퍼탈 탄츠테아터),0000-00-00,0,1,0,미부착,개방불가,없음,
100,별별스테이지,포스터,Kontakthof(콘탁트호프),Tanztheater Wuppertal(부퍼탈 탄츠테아터),0000-00-00,0,1,0,미부착,개방불가,없음,
101,별별스테이지,포스터,Die sieben Todsunden(7가지 죽을죄)_A형,Tanztheater Wuppertal(부퍼탈 탄츠테아터),0000-00-00,0,1,0,미부착,개방불가,없음,
102,별별스테이지,포스터,Die sieben Todsunden(7가지 죽을죄)_B형,Tanztheater Wuppertal(부퍼탈 탄츠테아터),0000-00-00,0,1,0,미부착,개방불가,없음,
103,별별스테이지,포스터,Arien(아리앙),Tanztheater Wuppertal(부퍼탈 탄츠테아터),0000-00-00,0,1,0,미부착,개방불가,없음,
104,별별스테이지,포스터,Cafe Muller(카페 뮐러),Tanztheater Wuppertal(부퍼탈 탄츠테아터),0000-00-00,0,1,0,미부착,개방불가,없음,
105,별별스테이지,포스터,Auf dem Gebirge hat man ein Geschrei gehort,Tanztheater Wuppertal(부퍼탈 탄츠테아터),0000-00-00,0,1,0,미부착,개방불가,없음,
106,별별스테이지,포스터,Walzer(왈츠),Tanztheater Wuppertal(부퍼탈 탄츠테아터),0000-00-00,0,1,0,미부착,개방불가,없음,
107,별별스테이지,포스터,Renate wandert aus(Renate Emigrates),Tanztheater Wuppertal(부퍼탈 탄츠테아터),0000-00-00,0,1,0,미부착,개방불가,없음,
108,별별스테이지,포스터,Masurka Fogo(마주르카 포고),Tanztheater Wuppertal(부퍼탈 탄츠테아터),0000-00-00,0,1,0,미부착,개방불가,없음,
109,별별스테이지,포스터,Keuschheitslegende(The legend of Virginity),Tanztheater Wuppertal(부퍼탈 탄츠테아터),0000-00-00,0,1,0,미부착,개방불가,없음,
110,별별스테이지,포스터,Nelken(카네이션),Tanztheater Wuppertal(부퍼탈 탄츠테아터),0000-00-00,0,1,0,미부착,개방불가,없음,
111,별별스테이지,포스터,Der Fensterputzer(유리청소부),Tanztheater Wuppertal(부퍼탈 탄츠테아터),0000-00-00,0,1,0,미부착,개방불가,없음,
112,별별스테이지,포스터,Wiesenland(푸른 대지),Tanztheater Wuppertal(부퍼탈 탄츠테아터),0000-00-00,0,1,0,미부착,개방불가,없음,
113,별별스테이지,포스터,한국의 춤과 음악(Danzas Y Musica de Corea),국립무용단(한국민속예술단),0000-00-00,0,1,0,미부착,개방불가,없음,
114,별별스테이지,포스터,한국의 춤과 음악,국립무용단(한국민속예술단),0000-00-00,0,1,0,미부착,개방불가,없음,
115,별별스테이지,포스터,한국국립무용단(Compagnie nationale de danse de Coree),국립무용단(한국민속예술단),0000-00-00,0,1,0,미부착,개방불가,없음,
116,별별스테이지,포스터,한국국립무용단(La Delegacion de Danza Nacional de Corea),국립무용단(한국민속예술단),0000-00-00,0,1,0,미부착,개방불가,없음,
117,별별스테이지,포스터,한국국립무용단(The National Dance Company of Korea),국립무용단(한국민속예술단),0000-00-00,0,1,0,미부착,개방불가,없음,
118,별별스테이지,포스터,한국국립무용단(Companhia Nacional de Danca da Coreia),국립무용단(한국민속예술단),0000-00-00,0,1,0,미부착,개방불가,없음,
119,별별스테이지,포스터,한국민속예술단(Korean Folk Art Troupe),국립무용단(한국민속예술단),0000-00-00,0,1,0,미부착,개방불가,없음,
120,별별스테이지,포스터,흥보전,국립창극단,0000-00-00,0,1,0,미부착,개방불가,없음,
121,별별스테이지,포스터,작가를 찾는 6인의 등장인물 (3막),국립극단 연구생(연출: 방헌),1959-03-05,0,1,0,미부착,개방불가,없음,
122,별별스테이지,포스터,춘향전,국립국극단,1962-03-23,0,1,0,미부착,개방불가,없음,
123,별별스테이지,포스터,국립교향악단 정기연주회,국립교향악단,1962-06-22,0,1,0,미부착,개방불가,없음,
124,별별스테이지,포스터,국립교향악단 정기연주회,국립교향악단,1962-12-17,0,1,0,미부착,개방불가,없음,
125,별별스테이지,포스터,산불,국립극단,1962-12-25,0,1,0,미부착,개방불가,없음,
126,별별스테이지,포스터,세인트 죤,국립극단,1963-03-01,0,1,0,미부착,개방불가,없음,
127,별별스테이지,포스터,국립교향악단 정기연주회,국립교향악단,1963-03-25,0,1,0,미부착,개방불가,없음,
128,별별스테이지,포스터,국립교향악단 정기연주회,국립교향악단,1963-09-05,0,1,0,미부착,개방불가,없음,
129,별별스테이지,포스터,국립교향악단 정기연주회,국립교향악단,1963-11-07,0,1,0,미부착,개방불가,없음,
130,별별스테이지,포스터,서라벌의 별,국립국극단,1964-03-17,0,1,0,미부착,개방불가,없음,
131,별별스테이지,포스터,만선,국립극단,1964-07-01,0,1,0,미부착,개방불가,없음,
132,별별스테이지,포스터,국립교향악단 정기연주회,국립교향악단,1964-09-08,0,1,0,미부착,개방불가,없음,
133,별별스테이지,포스터,흥부가,국립국극단,1964-09-19,0,1,0,미부착,개방불가,없음,
134,별별스테이지,포스터,국립교향악단 정기연주회,국립교향악단,1964-10-12,0,1,0,미부착,개방불가,없음,
135,별별스테이지,포스터,국립교향악단 정기연주회,국립교향악단,1964-12-18,0,1,0,미부착,개방불가,없음,
136,별별스테이지,포스터,신정대공연 여성만세,국립극단,1965-01-01,0,1,0,미부착,개방불가,없음,
137,별별스테이지,포스터,국립교향악단 정기연주회,국립교향악단,1965-01-26,0,1,0,미부착,개방불가,없음,
138,별별스테이지,포스터,구정대공연 오대가전 특별찬조 민속놀이,국립국극단,1965-02-02,0,1,0,미부착,개방불가,없음,
139,별별스테이지,포스터,국립교향악단 정기연주회,국립교향악단,1965-03-05,0,1,0,미부착,개방불가,없음,
140,별별스테이지,포스터,3.1절 기념 대공연,국립무용단,1966-03-01,0,1,0,미부착,개방불가,없음,
141,별별스테이지,포스터,그 길고 지루한 여름,국립극단,1966-09-28,0,1,0,미부착,개방불가,없음,
142,별별스테이지,포스터,"모란의 정, 봉선화",국립무용단,1969-10-24,0,1,0,미부착,개방불가,없음,
143,별별스테이지,포스터,신라인,국립극단,1971-03-01,0,1,0,미부착,개방불가,없음,
144,별별스테이지,포스터,"카발레리아 루스티카나, 파리아치",국립오페라단,1971-05-20,0,1,0,미부착,개방불가,없음,
145,별별스테이지,포스터,국악의 밤,"국립극장, 국립국악원",1971-08-14,0,1,0,미부착,개방불가,없음,
146,별별스테이지,포스터,국립교향악단 연주회,국립교향악단,1971-09-07,0,1,0,미부착,개방불가,없음,
147,별별스테이지,포스터,달집,국립극단,1971-09-14,0,1,0,미부착,개방불가,없음,
148,별별스테이지,포스터,밤으로의 긴 여로,劇團 新協 (극단 신협),1971-10-07,0,1,0,미부착,개방불가,없음,
149,별별스테이지,포스터,환상여행,국립극단,1972-02-01,0,1,0,미부착,개방불가,없음,
150,별별스테이지,포스터,오줌싸게의 향연 <까베락>곡 외 3편,국립발레단,1972-06-16,0,1,0,미부착,개방불가,없음,
151,별별스테이지,포스터,국립발레단 광주 특별공연 (광주시민회관),국립발레단,1972-07-19,0,1,0,미부착,개방불가,없음,
152,별별스테이지,포스터,꽃상여,국립극단,1972-08-30,0,1,0,미부착,개방불가,없음,
153,별별스테이지,포스터,흥보가,국립창극단,1972-09-22,0,1,0,미부착,개방불가,없음,
154,별별스테이지,포스터,새마을 음악회 - 국립교향악단 (전북 실내체육관),국립교향악단,1972-11-19,0,1,0,미부착,개방불가,없음,
155,별별스테이지,포스터,송학정,국립극단,1972-12-26,0,1,0,미부착,개방불가,없음,
156,별별스테이지,포스터,송년연주회,국립교향악단,1972-12-29,0,1,0,미부착,개방불가,없음,
157,별별스테이지,포스터,정기연주회,국립교향악단,1973-02-09,0,1,0,미부착,개방불가,없음,
158,별별스테이지,포스터,배비장전,국립창극단,1973-02-15,0,1,0,미부착,개방불가,없음,
159,별별스테이지,포스터,실내악연주회,국립교향악단,1973-02-20,0,1,0,미부착,개방불가,없음,
160,별별스테이지,포스터,인종자의 손,국립극장 연기인양성소,1973-02-25,0,1,0,미부착,개방불가,없음,
161,별별스테이지,포스터,성웅 이순신,국립극단,1973-10-17,0,1,0,미부착,개방불가,없음,
162,별별스테이지,포스터,대연주회,국립교향악단,1973-10-23,0,1,0,미부착,개방불가,없음,
163,별별스테이지,포스터,아이다,국립오페라단,1973-11-06,0,1,0,미부착,개방불가,없음,
164,별별스테이지,포스터,정기연주회,국립교향악단,1973-11-19,0,1,0,미부착,개방불가,없음,
165,별별스테이지,포스터,별의 전설,국립무용단,1973-11-21,0,1,0,미부착,개방불가,없음,
166,별별스테이지,포스터,송년대음악회 : 베르디의 진혼곡,국립교향악단,1973-12-28,0,1,0,미부착,개방불가,없음,
167,별별스테이지,포스터,정기연주회,국립교향악단,1974-02-19,0,1,0,미부착,개방불가,없음,
168,별별스테이지,포스터,활화산,국립극단,1974-02-26,0,1,0,미부착,개방불가,없음,
169,별별스테이지,포스터,"아악,판소리,민요,무용,민족예술의 향연","국립국악원, 국립창극단 외",1974-03-01,0,1,0,미부착,개방불가,없음,
170,별별스테이지,포스터,한국 작곡가의 밤,국립교향악단,1974-03-26,0,1,0,미부착,개방불가,없음,
171,별별스테이지,포스터,활화산,국립극단,1974-04-02,0,1,0,미부착,개방불가,없음,
172,별별스테이지,포스터,지귀의 꿈,국립발레단,1974-04-03,0,1,0,미부착,개방불가,없음,
173,별별스테이지,포스터,정기연주회,국립교향악단,1974-04-16,0,1,0,미부착,개방불가,없음,
174,별별스테이지,포스터,성웅 이순신,국립극단,1974-04-27,0,1,0,미부착,개방불가,없음,
175,별별스테이지,포스터,방랑하는 화란인,국립오페라단,1974-05-01,0,1,0,미부착,개방불가,없음,
176,별별스테이지,포스터,청소년을 위한 교향악의 밤,국립교향악단,1974-05-10,0,1,0,미부착,개방불가,없음,
177,별별스테이지,포스터,정기연주회,국립교향악단,1974-05-30,0,1,0,미부착,개방불가,없음,
178,별별스테이지,포스터,한국무용제전_B형,국립무용단,1974-06-12,0,1,0,미부착,개방불가,없음,
179,별별스테이지,포스터,한국무용제전_A형,국립무용단,1974-06-12,0,1,0,미부착,개방불가,없음,
180,별별스테이지,포스터,정기연주회,국립교향악단,1974-06-20,0,1,0,미부착,개방불가,없음,
181,별별스테이지,포스터,남한산성,국립극단,1974-06-25,0,1,0,미부착,개방불가,없음,
182,별별스테이지,포스터,대춘향전(大春香傳),국립가무단,1974-06-28,0,1,0,미부착,개방불가,없음,
183,별별스테이지,포스터,판소리 흥보가 연창,국립창극단,1974-07-05,0,1,0,미부착,개방불가,없음,
184,별별스테이지,포스터,실내악연주회,국립교향악단,1974-07-11,0,1,0,미부착,개방불가,없음,
185,별별스테이지,포스터,한국합창곡 발표회,국립합창단,1974-07-18,0,1,0,미부착,개방불가,없음,
186,별별스테이지,포스터,국악의 밤,國立國樂院(국립국악원),1974-08-14,0,1,0,미부착,개방불가,없음,
187,별별스테이지,포스터,국립교향악단 하계특별연주회,국립교향악단,1974-09-07,0,1,0,미부착,개방불가,없음,
188,별별스테이지,포스터,오텔로,국립오페라단,1974-09-17,0,1,0,미부착,개방불가,없음,
189,별별스테이지,포스터,정기연주회,국립교향악단,1974-09-25,0,1,0,미부착,개방불가,없음,
190,별별스테이지,포스터,숙영낭자전 (박동진),국립창극단,1974-09-28,0,1,0,미부착,개방불가,없음,
191,별별스테이지,포스터,국립교향악단 연주회,국립교향악단,1974-10-03,0,1,0,미부착,개방불가,없음,
192,별별스테이지,포스터,수궁가,국립창극단,1974-10-08,0,1,0,미부착,개방불가,없음,
193,별별스테이지,포스터,남한산성,국립극단,1974-10-16,0,1,0,미부착,개방불가,없음,
194,별별스테이지,포스터,"민속의 향연 (국립무용단, 국립창극단)",국립무용단 외,1974-10-17,0,1,0,미부착,개방불가,없음,
195,별별스테이지,포스터,정기연주회,국립교향악단,1974-10-29,0,1,0,미부착,개방불가,없음,
196,별별스테이지,포스터,시집가는 날,국립가무단,1974-11-12,0,1,0,미부착,개방불가,없음,
197,별별스테이지,포스터,왕자호동,국립무용단,1974-11-27,0,1,0,미부착,개방불가,없음,
198,별별스테이지,포스터,정기연주회,국립교향악단,1974-12-06,0,1,0,미부착,개방불가,없음,
199,별별스테이지,포스터,"백조의 호수, 호두까기 인형",국립발레단,1974-12-11,0,1,0,미부착,개방불가,없음,
200,별별스테이지,포스터,1974 송년대음악회 (베에토벤 교향곡 제9번),국립교향악단,1974-12-27,0,1,0,미부착,개방불가,없음,
201,별별스테이지,포스터,한국작곡가의 밤,국립교향악단,1975-02-07,0,1,0,미부착,개방불가,없음,
202,별별스테이지,포스터,서울현악4중주단,국립교향악단,1975-02-14,0,1,0,미부착,개방불가,없음,
203,별별스테이지,포스터,정기공연,국립합창단,1975-02-20,0,1,0,미부착,개방불가,없음,
204,별별스테이지,포스터,정기연주회,국립교향악단,1975-02-25,0,1,0,미부착,개방불가,없음,
205,별별스테이지,포스터,징비록,국립극단,1975-03-01,0,1,0,미부착,개방불가,없음,
206,별별스테이지,포스터,바하의 밤,국립교향악단,1975-03-06,0,1,0,미부착,개방불가,없음,
207,별별스테이지,포스터,정기연주회,국립교향악단,1975-03-14,0,1,0,미부착,개방불가,없음,
208,별별스테이지,포스터,배비장전,국립창극단,1975-03-19,0,1,0,미부착,개방불가,없음,
209,별별스테이지,포스터,1975 토요민속예술제 (한국민속예술특별공연),"안비취, 목계월, 이은주 외",1975-04-01,0,1,0,미부착,개방불가,없음,
210,별별스테이지,포스터,청소년을 위한 교향악의 밤,국립교향악단,1975-04-08,0,1,0,미부착,개방불가,없음,
211,별별스테이지,포스터,"판소리, 민속무용",판소리,1975-04-28,0,1,0,미부착,개방불가,없음,
212,별별스테이지,포스터,배비장전,국립창극단,1975-04-29,0,1,0,미부착,개방불가,없음,
213,별별스테이지,포스터,정기연주회,국립교향악단,1975-04-30,0,1,0,미부착,개방불가,없음,
214,별별스테이지,포스터,이 화창한 아침에,국립가무단,1975-05-06,0,1,0,미부착,개방불가,없음,
215,별별스테이지,포스터,정기연주회,국립교향악단,1975-05-15,0,1,0,미부착,개방불가,없음,
216,별별스테이지,포스터,국립교향악단 여성현악4중주,국립교향악단,1975-05-23,0,1,0,미부착,개방불가,없음,
217,별별스테이지,포스터,카르멘,국립오페라단,1975-05-30,0,1,0,미부착,개방불가,없음,
218,별별스테이지,포스터,공기의 정 외,국립발레단,1975-06-11,0,1,0,미부착,개방불가,없음,
219,별별스테이지,포스터,정기연주회,국립교향악단,1975-06-20,0,1,0,미부착,개방불가,없음,
220,별별스테이지,포스터,고랑포의 신화,국립극단,1975-06-24,0,1,0,미부착,개방불가,없음,
221,별별스테이지,포스터,심청,국립무용단,1975-07-16,0,1,0,미부착,개방불가,없음,
222,별별스테이지,포스터,광야,국립극단,1975-08-06,0,1,0,미부착,개방불가,없음,
223,별별스테이지,포스터,대업,국립창극단,1975-09-19,0,1,0,미부착,개방불가,없음,
224,별별스테이지,포스터,고랑포의 신화,국립극단,1975-09-26,0,1,0,미부착,개방불가,없음,
225,별별스테이지,포스터,정기연주회,국립교향악단,1975-09-29,0,1,0,미부착,개방불가,없음,
226,별별스테이지,포스터,한국합창곡 발표회,국립합창단,1975-10-11,0,1,0,미부착,개방불가,없음,
227,별별스테이지,포스터,한국무용제전,국립무용단,1975-10-16,0,1,0,미부착,개방불가,없음,
228,별별스테이지,포스터,실내악연주회,국립교향악단,1975-10-17,0,1,0,미부착,개방불가,없음,
229,별별스테이지,포스터,1975 명창대향연 (경서도 편),판소리,1975-10-24,0,1,0,미부착,개방불가,없음,
230,별별스테이지,포스터,타악기 앙상블,국립교향악단,1975-10-27,0,1,0,미부착,개방불가,없음,
231,별별스테이지,포스터,미국작곡가의 밤,국립교향악단,1975-10-30,0,1,0,미부착,개방불가,없음,
232,별별스테이지,포스터,논개,국립오페라단,1975-11-06,0,1,0,미부착,개방불가,없음,
233,별별스테이지,포스터,청소년을 위한 교향악의 밤,국립교향악단,1975-11-18,0,1,0,미부착,개방불가,없음,
234,별별스테이지,포스터,한국무용제전,국립무용단,1975-11-18,0,1,0,미부착,개방불가,없음,
235,별별스테이지,포스터,빌헬름 텔,국립극단,1975-11-27,0,1,0,미부착,개방불가,없음,
236,별별스테이지,포스터,정기연주회,국립교향악단,1975-12-02,0,1,0,미부착,개방불가,없음,
237,별별스테이지,포스터,지젤,국립발레단,1975-12-10,0,1,0,미부착,개방불가,없음,
238,별별스테이지,포스터,상록수,국립가무단,1975-12-18,0,1,0,미부착,개방불가,없음,
239,별별스테이지,포스터,지젤 (부산시민회관),국립발레단,1975-12-20,0,1,0,미부착,개방불가,없음,
240,별별스테이지,포스터,1975 송년대음악회 (베에토벤 장엄미사),국립교향악단,1975-12-29,0,1,0,미부착,개방불가,없음,
241,별별스테이지,포스터,"오페라 하이라이트 : 카르멘,리골렛토,논개",국립극장 전속단체,1976-01-28,0,1,0,미부착,개방불가,없음,
242,별별스테이지,포스터,한국작곡가의 밤,국립교향악단,1976-02-11,0,1,0,미부착,개방불가,없음,
243,별별스테이지,포스터,바그너의 밤,국립교향악단,1976-02-26,0,1,0,미부착,개방불가,없음,
244,별별스테이지,포스터,마적,국립오페라단,1976-03-18,0,1,0,미부착,개방불가,없음,
245,별별스테이지,포스터,춘향전,국립창극단,1976-04-15,0,1,0,미부착,개방불가,없음,
246,별별스테이지,포스터,실내악연주회,국립교향악단,1976-04-28,0,1,0,미부착,개방불가,없음,
247,별별스테이지,포스터,청소년을 위한 교향악의 밤,국립교향악단,1976-05-17,0,1,0,미부착,개방불가,없음,
248,별별스테이지,포스터,정기연주회,국립교향악단,1976-05-26,0,1,0,미부착,개방불가,없음,
249,별별스테이지,포스터,상록수,국립가무단,1976-05-29,0,1,0,미부착,개방불가,없음,
250,별별스테이지,포스터,손탁호텔,국립극단,1976-06-10,0,1,0,미부착,개방불가,없음,
251,별별스테이지,포스터,원효대사,국립무용단,1976-06-24,0,1,0,미부착,개방불가,없음,
252,별별스테이지,포스터,실내악연주회,국립교향악단,1976-07-15,0,1,0,미부착,개방불가,없음,
253,별별스테이지,포스터,국립합창단 특별공연,국립합창단,1976-07-20,0,1,0,미부착,개방불가,없음,
254,별별스테이지,포스터,코펠리아,국립발레단,1976-09-01,0,1,0,미부착,개방불가,없음,
255,별별스테이지,포스터,돈키호테,국립가무단,1976-09-07,0,1,0,미부착,개방불가,없음,
256,별별스테이지,포스터,국립교향악단 특별연주회 : 창립 20주년 기념 (제148회 ~ 제150회 ),국립교향악단,1976-09-10,0,1,0,미부착,개방불가,없음,
257,별별스테이지,포스터,"국립교향악단 ,국립합창단 대구 초청연주회","국립교향악단, 국립합창단",1976-09-24,0,1,0,미부착,개방불가,없음,
258,별별스테이지,포스터,국립교향악단 부산 특별연주회,국립교향악단,1976-09-25,0,1,0,미부착,개방불가,없음,
259,별별스테이지,포스터,종합무용제 : 한국무용,국립무용단,1976-10-04,0,1,0,미부착,개방불가,없음,
260,별별스테이지,포스터,함성 (부산시민회관),국립극단,1976-10-15,0,1,0,미부착,개방불가,없음,
261,별별스테이지,포스터,함성 (대구시민회관),국립극단,1976-10-16,0,1,0,미부착,개방불가,없음,
262,별별스테이지,포스터,수궁가,국립창극단,1976-10-29,0,1,0,미부착,개방불가,없음,
263,별별스테이지,포스터,코펠리아,국립발레단,1976-10-29,0,1,0,미부착,개방불가,없음,
264,별별스테이지,포스터,"우리가곡,  리골레토",국립오페라단,1976-11-01,0,1,0,미부착,개방불가,없음,
265,별별스테이지,포스터,수궁가(水宮歌),국립창극단,1976-11-03,0,1,0,미부착,개방불가,없음,
266,별별스테이지,포스터,태양처럼,국립가무단,1976-11-11,0,1,0,미부착,개방불가,없음,
267,별별스테이지,포스터,청소년을 위한 교향악의 밤,국립교향악단,1976-11-19,0,1,0,미부착,개방불가,없음,
268,별별스테이지,포스터,흥보가,국립창극단,1976-11-19,0,1,0,미부착,개방불가,없음,
269,별별스테이지,포스터,북향묘,국립극단,1976-11-25,0,1,0,미부착,개방불가,없음,
270,별별스테이지,포스터,한국민속예술단 부산 초청대공연 (미국독립200주년 경축 문화사절),한국민속예술단,1976-11-27,0,1,0,미부착,개방불가,없음,
271,별별스테이지,포스터,한국합창곡발표회,국립합창단,1976-12-01,0,1,0,미부착,개방불가,없음,
272,별별스테이지,포스터,정기연주회,국립교향악단,1976-12-03,0,1,0,미부착,개방불가,없음,
273,별별스테이지,포스터,실내악연주회,국립교향악단,1976-12-09,0,1,0,미부착,개방불가,없음,
274,별별스테이지,포스터,송년대음악회 : 헨델의 메시아,국립교향악단,1976-12-29,0,1,0,미부착,개방불가,없음,
275,별별스테이지,포스터,1977 신춘대음악회,"국립교향악단, 국립합창단, 국립예그린예술단",1977-01-28,0,1,0,미부착,개방불가,없음,
276,별별스테이지,포스터,1977 판소리정기감상회,국립창극단,1977-01-29,0,1,0,미부착,개방불가,없음,
277,별별스테이지,포스터,한국작곡가의 밤,국립교향악단,1977-02-11,0,1,0,미부착,개방불가,없음,
278,별별스테이지,포스터,대학생작곡발표,국립합창단,1977-02-15,0,1,0,미부착,개방불가,없음,
279,별별스테이지,포스터,초립동,국립극단,1977-03-02,0,1,0,미부착,개방불가,없음,
280,별별스테이지,포스터,정기연주회,국립교향악단,1977-03-08,0,1,0,미부착,개방불가,없음,
281,별별스테이지,포스터,명곡감상회,국립교향악단,1977-03-12,0,1,0,미부착,개방불가,없음,
282,별별스테이지,포스터,심청가,국립창극단,1977-03-24,0,1,0,미부착,개방불가,없음,
283,별별스테이지,포스터,정기연주회,국립교향악단,1977-03-31,0,1,0,미부착,개방불가,없음,
284,별별스테이지,포스터,백조의 호수,국립발레단,1977-04-07,0,1,0,미부착,개방불가,없음,
285,별별스테이지,포스터,인생차압,국립극단,1977-04-21,0,1,0,미부착,개방불가,없음,
286,별별스테이지,포스터,청소년음악회,국립교향악단,1977-05-10,0,1,0,미부착,개방불가,없음,
287,별별스테이지,포스터,원효대사,국립무용단,1977-05-24,0,1,0,미부착,개방불가,없음,
288,별별스테이지,포스터,정기연주회,국립교향악단,1977-06-04,0,1,0,미부착,개방불가,없음,
289,별별스테이지,포스터,이런 사람_B형,국립예그린예술단,1977-06-10,0,1,0,미부착,개방불가,없음,
290,별별스테이지,포스터,이런 사람_A형,국립예그린예술단,1977-06-10,0,1,0,미부착,개방불가,없음,
291,별별스테이지,포스터,국립합창단 춘천문화방송 개국9주년 기념초청공연,국립합창단,1977-06-20,0,1,0,미부착,개방불가,없음,
292,별별스테이지,포스터,실내악연주회,국립교향악단,1977-06-20,0,1,0,미부착,개방불가,없음,
293,별별스테이지,포스터,국립합창단 초청공연 (대전고등학교 강당),국립합창단,1977-06-22,0,1,0,미부착,개방불가,없음,
294,별별스테이지,포스터,정기연주회,국립교향악단,1977-06-22,0,1,0,미부착,개방불가,없음,
295,별별스테이지,포스터,파우스트,국립극단,1977-06-29,0,1,0,미부착,개방불가,없음,
296,별별스테이지,포스터,정기연주회,국립교향악단,1977-07-08,0,1,0,미부착,개방불가,없음,
297,별별스테이지,포스터,이런사람 : 허생이야기 (광주시민회관),국립예그린예술단,1977-07-15,0,1,0,미부착,개방불가,없음,
298,별별스테이지,포스터,명곡감상회,국립교향악단,1977-09-12,0,1,0,미부착,개방불가,없음,
299,별별스테이지,포스터,실내악연주회,국립교향악단,1977-09-13,0,1,0,미부착,개방불가,없음,
300,별별스테이지,포스터,크리스토퍼의 죽음,국립극단,1977-09-15,0,1,0,미부착,개방불가,없음,
301,별별스테이지,포스터,흥보가,국립창극단,1977-09-16,0,1,0,미부착,개방불가,없음,
302,별별스테이지,포스터,정기연주회,국립교향악단,1977-09-26,0,1,0,미부착,개방불가,없음,
303,별별스테이지,포스터,청소년음악회,국립교향악단,1977-10-24,0,1,0,미부착,개방불가,없음,
304,별별스테이지,포스터,카를 베르날드 세본 풀륫 독주회,음악,1977-10-27,0,1,0,미부착,개방불가,없음,
305,별별스테이지,포스터,라보엠,국립오페라단,1977-11-03,0,1,0,미부착,개방불가,없음,
306,별별스테이지,포스터,Beethoven의 밤,국립교향악단,1977-11-11,0,1,0,미부착,개방불가,없음,
307,별별스테이지,포스터,학살의 숲,국립극단,1977-11-24,0,1,0,미부착,개방불가,없음,
308,별별스테이지,포스터,정기연주회,국립교향악단,1977-11-30,0,1,0,미부착,개방불가,없음,
309,별별스테이지,포스터,한국합창곡 발표회,국립합창단,1977-12-06,0,1,0,미부착,개방불가,없음,
310,별별스테이지,포스터,이리시민을 위한 특별 자선공연 - 한국민속예술단 유럽순회공연 귀국기념,한국민속예술단,1977-12-10,0,1,0,미부착,개방불가,없음,
311,별별스테이지,포스터,호두까기 인형,국립발레단,1977-12-15,0,1,0,미부착,개방불가,없음,
312,별별스테이지,포스터,송년대음악회 : 베에토벤 교향곡 제9번 합창,국립교향악단,1977-12-28,0,1,0,미부착,개방불가,없음,
313,별별스테이지,포스터,한국작곡가의 밤,국립교향악단,1978-02-17,0,1,0,미부착,개방불가,없음,
314,별별스테이지,포스터,실내악연주회,국립교향악단,1978-02-28,0,1,0,미부착,개방불가,없음,
315,별별스테이지,포스터,에밀레종,국립극단,1978-03-01,0,1,0,미부착,개방불가,없음,
316,별별스테이지,포스터,정기공연,국립합창단,1978-03-06,0,1,0,미부착,개방불가,없음,
317,별별스테이지,포스터,마음속에 이는 바람,국립무용단,1978-03-10,0,1,0,미부착,개방불가,없음,
318,별별스테이지,포스터,정기연주회,국립교향악단,1978-03-16,0,1,0,미부착,개방불가,없음,
319,별별스테이지,포스터,리골렛토,국립오페라단,1978-03-23,0,1,0,미부착,개방불가,없음,
320,별별스테이지,포스터,"지젤, 코펠리아",국립발레단,1978-04-06,0,1,0,미부착,개방불가,없음,
321,별별스테이지,포스터,실내악연주회,국립교향악단,1978-04-17,0,1,0,미부착,개방불가,없음,
322,별별스테이지,포스터,천사여 고향을 보라,국립극단,1978-04-19,0,1,0,미부착,개방불가,없음,
323,별별스테이지,포스터,정기연주회,국립교향악단,1978-04-20,0,1,0,미부착,개방불가,없음,
324,별별스테이지,포스터,청소년음악회,국립교향악단,1978-04-27,0,1,0,미부착,개방불가,없음,
325,별별스테이지,포스터,실내악연주회,국립교향악단,1978-05-09,0,1,0,미부착,개방불가,없음,
326,별별스테이지,포스터,강릉매화전,국립창극단,1978-05-12,0,1,0,미부착,개방불가,없음,
327,별별스테이지,포스터,대학생작곡발표,국립합창단,1978-06-02,0,1,0,미부착,개방불가,없음,
328,별별스테이지,포스터,"1978 민요대잔치 (경기, 남도, 서도)",국립극장,1978-06-10,0,1,0,미부착,개방불가,없음,
329,별별스테이지,포스터,정기연주회,국립교향악단,1978-06-13,0,1,0,미부착,개방불가,없음,
330,별별스테이지,포스터,실내악연주회,국립교향악단,1978-06-21,0,1,0,미부착,개방불가,없음,
331,별별스테이지,포스터,흑하,국립극단,1978-06-21,0,1,0,미부착,개방불가,없음,
332,별별스테이지,포스터,실내악연주회,국립교향악단,1978-06-27,0,1,0,미부착,개방불가,없음,
333,별별스테이지,포스터,천사여 고향을 보라,국립극단,1978-06-30,0,1,0,미부착,개방불가,없음,
334,별별스테이지,포스터,정기연주회,국립교향악단,1978-07-15,0,1,0,미부착,개방불가,없음,
335,별별스테이지,포스터,실내악연주회,국립교향악단,1978-07-18,0,1,0,미부착,개방불가,없음,
336,별별스테이지,포스터,청소년음악회,국립교향악단,1978-07-20,0,1,0,미부착,개방불가,없음,
337,별별스테이지,포스터,정기연주회,국립교향악단,1978-07-25,0,1,0,미부착,개방불가,없음,
338,별별스테이지,포스터,물보라,국립극단,1978-09-15,0,1,0,미부착,개방불가,없음,
339,별별스테이지,포스터,정기연주회,국립교향악단,1978-09-18,0,1,0,미부착,개방불가,없음,
340,별별스테이지,포스터,신데렐라,국립발레단,1978-09-22,0,1,0,미부착,개방불가,없음,
341,별별스테이지,포스터,물보라 (광주시민회관),국립극단,1978-10-05,0,1,0,미부착,개방불가,없음,
342,별별스테이지,포스터,종합무용제,국립무용단,1978-10-06,0,1,0,미부착,개방불가,없음,
343,별별스테이지,포스터,정기연주회,국립교향악단,1978-10-13,0,1,0,미부착,개방불가,없음,
344,별별스테이지,포스터,3대 창극 연창공연,국립창극단,1978-10-18,0,1,0,미부착,개방불가,없음,
345,별별스테이지,포스터,국립교향악단 대구 MBC초청 연주회,국립교향악단,1978-10-25,0,1,0,미부착,개방불가,없음,
346,별별스테이지,포스터,정기공연,국립합창단,1978-11-01,0,1,0,미부착,개방불가,없음,
347,별별스테이지,포스터,물보라,국립극단,1978-11-08,0,1,0,미부착,개방불가,없음,
348,별별스테이지,포스터,정기연주회,국립교향악단,1978-11-21,0,1,0,미부착,개방불가,없음,
349,별별스테이지,포스터,지체부자유아를 위한 자선공연,국립합창단,1978-12-02,0,1,0,미부착,개방불가,없음,
350,별별스테이지,포스터,정기연주회,국립교향악단,1978-12-13,0,1,0,미부착,개방불가,없음,
351,별별스테이지,포스터,1979 개막제,국립극장 전속단체,1979-02-06,0,1,0,미부착,개방불가,없음,
352,별별스테이지,포스터,정기연주회,국립교향악단,1979-03-09,0,1,0,미부착,개방불가,없음,
353,별별스테이지,포스터,한국작곡가의 밤,국립교향악단,1979-03-27,0,1,0,미부착,개방불가,없음,
354,별별스테이지,포스터,토스카,국립오페라단,1979-04-05,0,1,0,미부착,개방불가,없음,
355,별별스테이지,포스터,정기연주회,국립교향악단,1979-04-13,0,1,0,미부착,개방불가,없음,
356,별별스테이지,포스터,동쥐앙,국립극단,1979-04-19,0,1,0,미부착,개방불가,없음,
357,별별스테이지,포스터,정기연주회,국립교향악단,1979-04-29,0,1,0,미부착,개방불가,없음,
358,별별스테이지,포스터,호두까기인형,국립발레단,1979-05-10,0,1,0,미부착,개방불가,없음,
359,별별스테이지,포스터,"꿈, 꿈, 꿈",국립무용단,1979-05-23,0,1,0,미부착,개방불가,없음,
360,별별스테이지,포스터,정기연주회,국립교향악단,1979-05-30,0,1,0,미부착,개방불가,없음,
361,별별스테이지,포스터,바하 미사 B단조,국립합창단,1979-06-04,0,1,0,미부착,개방불가,없음,
362,별별스테이지,포스터,실내악연주회,국립교향악단,1979-06-12,0,1,0,미부착,개방불가,없음,
363,별별스테이지,포스터,정기연주회,국립교향악단,1979-06-21,0,1,0,미부착,개방불가,없음,
364,별별스테이지,포스터,베케트,국립극단,1979-06-26,0,1,0,미부착,개방불가,없음,
365,별별스테이지,포스터,정기연주회,국립교향악단,1979-07-06,0,1,0,미부착,개방불가,없음,
366,별별스테이지,포스터,정기연주회,국립교향악단,1979-07-13,0,1,0,미부착,개방불가,없음,
367,별별스테이지,포스터,정기연주회,국립교향악단,1979-09-04,0,1,0,미부착,개방불가,없음,
368,별별스테이지,포스터,어린이를 위한 타악기 앙상블,국립교향악단,1979-09-15,0,1,0,미부착,개방불가,없음,
369,별별스테이지,포스터,가로지기,국립창극단,1979-10-07,0,1,0,미부착,개방불가,없음,
370,별별스테이지,포스터,정기연주회,국립교향악단,1979-10-26,0,1,0,미부착,개방불가,없음,
371,별별스테이지,포스터,탄호이저,국립오페라단,1979-11-12,0,1,0,미부착,개방불가,없음,
372,별별스테이지,포스터,어린이를 위한 음악회 - 세계아동의 해 기념,국립교향악단,1979-11-18,0,1,0,미부착,개방불가,없음,
373,별별스테이지,포스터,실내악연주회,국립교향악단,1979-11-22,0,1,0,미부착,개방불가,없음,
374,별별스테이지,포스터,"사계, 작품 9번, 골렘",국립발레단,1979-11-30,0,1,0,미부착,개방불가,없음,
375,별별스테이지,포스터,정기공연,국립합창단,1979-12-05,0,1,0,미부착,개방불가,없음,
376,별별스테이지,포스터,정기연주회,국립교향악단,1979-12-07,0,1,0,미부착,개방불가,없음,
377,별별스테이지,포스터,사추기,국립극단,1979-12-12,0,1,0,미부착,개방불가,없음,
378,별별스테이지,포스터,목관 5중주,국립교향악단,1979-12-19,0,1,0,미부착,개방불가,없음,
379,별별스테이지,포스터,송년대음악회 : 하이든의 천지창조,국립교향악단,1979-12-27,0,1,0,미부착,개방불가,없음,
380,별별스테이지,포스터,한국작곡가의 밤,국립교향악단,1980-02-21,0,1,0,미부착,개방불가,없음,
381,별별스테이지,포스터,무언가,국립극단,1980-02-27,0,1,0,미부착,개방불가,없음,
382,별별스테이지,포스터,정기연주회,국립교향악단,1980-03-11,0,1,0,미부착,개방불가,없음,
383,별별스테이지,포스터,정기연주회,국립교향악단,1980-03-29,0,1,0,미부착,개방불가,없음,
384,별별스테이지,포스터,베에토벤의 밤,국립교향악단,1980-04-04,0,1,0,미부착,개방불가,없음,
385,별별스테이지,포스터,대춘향전,국립창극단,1980-04-09,0,1,0,미부착,개방불가,없음,
386,별별스테이지,포스터,플루트와 바슨을 위한 앙상블,국립교향악단,1980-04-10,0,1,0,미부착,개방불가,없음,
387,별별스테이지,포스터,정기연주회,국립교향악단,1980-04-14,0,1,0,미부착,개방불가,없음,
388,별별스테이지,포스터,북간도,국립극단,1980-04-30,0,1,0,미부착,개방불가,없음,
389,별별스테이지,포스터,말러 교향곡 제3번,국립교향악단,1980-05-08,0,1,0,미부착,개방불가,없음,
390,별별스테이지,포스터,로미오와 줄리엣,국립발레단,1980-05-16,0,1,0,미부착,개방불가,없음,
391,별별스테이지,포스터,북간도 (대구시민회관),국립극단,1980-05-16,0,1,0,미부착,개방불가,없음,
392,별별스테이지,포스터,북간도 (부산시민회관),국립극단,1980-05-17,0,1,0,미부착,개방불가,없음,
393,별별스테이지,포스터,청소년음악회,국립교향악단,1980-05-25,0,1,0,미부착,개방불가,없음,
394,별별스테이지,포스터,논개,국립오페라단 외,1980-06-05,0,1,0,미부착,개방불가,없음,
395,별별스테이지,포스터,푸른천지 (일명 허생전),국립무용단,1980-06-20,0,1,0,미부착,개방불가,없음,
396,별별스테이지,포스터,베에토벤의 밤,국립교향악단,1980-06-26,0,1,0,미부착,개방불가,없음,
397,별별스테이지,포스터,허생전 (부산시민회관),국립무용단,1980-06-28,0,1,0,미부착,개방불가,없음,
398,별별스테이지,포스터,대학생합창곡발표,국립합창단,1980-07-01,0,1,0,미부착,개방불가,없음,
399,별별스테이지,포스터,실내악연주회,국립교향악단,1980-07-03,0,1,0,미부착,개방불가,없음,
400,별별스테이지,포스터,실내악연주회,국립교향악단,1980-07-09,0,1,0,미부착,개방불가,없음,
401,별별스테이지,포스터,정기연주회,국립교향악단,1980-07-15,0,1,0,미부착,개방불가,없음,
402,별별스테이지,포스터,1980 판소리연창회,국립창극단,1980-07-26,0,1,0,미부착,개방불가,없음,
403,별별스테이지,포스터,정기연주회,국립교향악단,1980-09-04,0,1,0,미부착,개방불가,없음,
404,별별스테이지,포스터,제5회 대한민국음악제,"국립국악원, 국립교향악단, 서울시립교향악단 외",1980-09-06,0,1,0,미부착,개방불가,없음,
405,별별스테이지,포스터,정기연주회 (제5회 대한민국음악제),"국립교향악단, 한국문화예술진흥원",1980-09-08,0,1,0,미부착,개방불가,없음,
406,별별스테이지,포스터,둥둥 낙랑둥,국립극단,1980-09-10,0,1,0,미부착,개방불가,없음,
407,별별스테이지,포스터,"별의 전설, 심청, 시집가는 날",국립무용단,1980-09-25,0,1,0,미부착,개방불가,없음,
408,별별스테이지,포스터,정기공연 (국립극장 설립 30주년),국립합창단,1980-10-06,0,1,0,미부착,개방불가,없음,
409,별별스테이지,포스터,최병도전,국립창극단,1980-10-10,0,1,0,미부착,개방불가,없음,
410,별별스테이지,포스터,정기연주회,국립교향악단,1980-10-10,0,1,0,미부착,개방불가,없음,
411,별별스테이지,포스터,국립합창단 춘천문화방송 개국12주년기념공연 (춘천시립문화관),국립합창단,1980-10-27,0,1,0,미부착,개방불가,없음,
412,별별스테이지,포스터,어린이를 위한 음악회,국립교향악단,1980-10-27,0,1,0,미부착,개방불가,없음,
413,별별스테이지,포스터,국립합창단 초청공연 국립극장 설립 30주년 기념,국립합창단,1980-10-29,0,1,0,미부착,개방불가,없음,
414,별별스테이지,포스터,정기공연 (전주시민회관문화관),국립합창단,1980-10-30,0,1,0,미부착,개방불가,없음,
415,별별스테이지,포스터,국립합창단 광주 초청공연 (광주시민회관),국립합창단,1980-10-31,0,1,0,미부착,개방불가,없음,
416,별별스테이지,포스터,국립합창단 제주 초청공연 (제주시민회관),국립합창단,1980-11-01,0,1,0,미부착,개방불가,없음,
417,별별스테이지,포스터,"백조의 호수, 공기의 정, 대비",국립발레단,1980-11-05,0,1,0,미부착,개방불가,없음,
418,별별스테이지,포스터,실내악연주회,국립교향악단,1980-11-11,0,1,0,미부착,개방불가,없음,
419,별별스테이지,포스터,삼손과 데릴라,국립오페라단,1980-11-19,0,1,0,미부착,개방불가,없음,
420,별별스테이지,포스터,산수유,국립극단,1980-12-02,0,1,0,미부착,개방불가,없음,
421,별별스테이지,포스터,타악기앙상블,국립교향악단,1980-12-11,0,1,0,미부착,개방불가,없음,
422,별별스테이지,포스터,송년대음악회 : 모짜르트 대관미사,국립교향악단,1980-12-26,0,1,0,미부착,개방불가,없음,
423,별별스테이지,포스터,물보라 (제5회 제3세계 연극제 참가작품),국립극단,1981-03-09,0,1,0,미부착,개방불가,없음,
424,별별스테이지,포스터,정기연주회,국립교향악단,1981-03-12,0,1,0,미부착,개방불가,없음,
425,별별스테이지,포스터,한국작곡가의 밤,국립교향악단,1981-03-20,0,1,0,미부착,개방불가,없음,
426,별별스테이지,포스터,정기공연,국립합창단,1981-03-26,0,1,0,미부착,개방불가,없음,
427,별별스테이지,포스터,1981 판소리연창회 (상반기),국립창극단,1981-03-27,0,1,0,미부착,개방불가,없음,
428,별별스테이지,포스터,정기연주회,국립교향악단,1981-04-08,0,1,0,미부착,개방불가,없음,
429,별별스테이지,포스터,정기연주회,국립교향악단,1981-04-28,0,1,0,미부착,개방불가,없음,
430,별별스테이지,포스터,정기연주회,국립교향악단,1981-05-07,0,1,0,미부착,개방불가,없음,
431,별별스테이지,포스터,수궁가,국립창극단,1981-05-13,0,1,0,미부착,개방불가,없음,
432,별별스테이지,포스터,실내악연주회,국립교향악단,1981-05-14,0,1,0,미부착,개방불가,없음,
433,별별스테이지,포스터,국립합창단 춘천 초청공연,국립합창단,1981-05-22,0,1,0,미부착,개방불가,없음,
434,별별스테이지,포스터,국립합창단 대전 초청공연,국립합창단,1981-05-24,0,1,0,미부착,개방불가,없음,
435,별별스테이지,포스터,황진이,국립무용단,1981-05-28,0,1,0,미부착,개방불가,없음,
436,별별스테이지,포스터,대학생합창곡발표,국립합창단,1981-06-04,0,1,0,미부착,개방불가,없음,
437,별별스테이지,포스터,실내악연주회,국립교향악단,1981-06-15,0,1,0,미부착,개방불가,없음,
438,별별스테이지,포스터,세종대왕,국립극단,1981-06-16,0,1,0,미부착,개방불가,없음,
439,별별스테이지,포스터,청소년음악회,국립교향악단,1981-06-23,0,1,0,미부착,개방불가,없음,
440,별별스테이지,포스터,처용,국립발레단,1981-07-01,0,1,0,미부착,개방불가,없음,
441,별별스테이지,포스터,정기연주회,국립교향악단,1981-07-16,0,1,0,미부착,개방불가,없음,
442,별별스테이지,포스터,1981 판소리연창회 (하반기),국립창극단,1981-08-29,0,1,0,미부착,개방불가,없음,
443,별별스테이지,포스터,춘향전,국립창극단,1981-09-08,0,1,0,미부착,개방불가,없음,
444,별별스테이지,포스터,정기공연,국립합창단,1981-09-24,0,1,0,미부착,개방불가,없음,
445,별별스테이지,포스터,세종대왕,국립극단,1981-10-06,0,1,0,미부착,개방불가,없음,
446,별별스테이지,포스터,"비단우리, 어린이의 유희, 세레나데",국립발레단 외,1981-10-16,0,1,0,미부착,개방불가,없음,
447,별별스테이지,포스터,루치아,국립오페라단 외,1981-11-05,0,1,0,미부착,개방불가,없음,
448,별별스테이지,포스터,마의 태자,국립무용단,1981-11-16,0,1,0,미부착,개방불가,없음,
449,별별스테이지,포스터,1982 판소리감상회 (2.27),국립창극단,1982-02-27,0,1,0,미부착,개방불가,없음,
450,별별스테이지,포스터,송범 무용전,국립무용단,1982-03-21,0,1,0,미부착,개방불가,없음,
451,별별스테이지,포스터,어떤 날,국립극단,1982-04-05,0,1,0,미부착,개방불가,없음,
452,별별스테이지,포스터,썰물,국립무용단,1982-04-21,0,1,0,미부착,개방불가,없음,
453,별별스테이지,포스터,심청,국립창극단,1982-05-08,0,1,0,미부착,개방불가,없음,
454,별별스테이지,포스터,장화를 신은 고양이,국립극단,1982-05-17,0,1,0,미부착,개방불가,없음,
455,별별스테이지,포스터,지귀의 꿈,국립발레단,1982-05-26,0,1,0,미부착,개방불가,없음,
456,별별스테이지,포스터,지귀의 꿈,국립발레단,1982-06-08,0,1,0,미부착,개방불가,없음,
457,별별스테이지,포스터,순교자,국립오페라단 외,1982-06-16,0,1,0,미부착,개방불가,없음,
458,별별스테이지,포스터,발레 명작무대,국립발레단,1982-06-24,0,1,0,미부착,개방불가,없음,
459,별별스테이지,포스터,대학생합창곡발표,국립합창단,1982-06-29,0,1,0,미부착,개방불가,없음,
460,별별스테이지,포스터,정기공연,국립합창단,1982-09-02,0,1,0,미부착,개방불가,없음,
461,별별스테이지,포스터,흥보전,국립창극단,1982-09-04,0,1,0,미부착,개방불가,없음,
462,별별스테이지,포스터,"무당, 전화",국립오페라단 외,1982-09-27,0,1,0,미부착,개방불가,없음,
463,별별스테이지,포스터,삭풍의 계절,국립극단,1982-09-30,0,1,0,미부착,개방불가,없음,
464,별별스테이지,포스터,중남미 순회 귀국공연,국립무용단,1982-10-20,0,1,0,미부착,개방불가,없음,
465,별별스테이지,포스터,삭풍의 계절,국립극단,1982-10-23,0,1,0,미부착,개방불가,없음,
466,별별스테이지,포스터,아세아 예술제-Korean National Theatre Chorus,국립합창단,1982-10-24,0,1,0,미부착,개방불가,없음,
467,별별스테이지,포스터,"쇼팽 피아노 협주곡 1번 E단조 작품11, 동물의 사육제, 아프리칸 에스닉",국립발레단 외,1982-10-30,0,1,0,미부착,개방불가,없음,
468,별별스테이지,포스터,춘향전,국립창극단,1982-11-02,0,1,0,미부착,개방불가,없음,
469,별별스테이지,포스터,아이다,국립오페라단 외,1982-11-16,0,1,0,미부착,개방불가,없음,
470,별별스테이지,포스터,동쥐앙,국립극단,1982-11-22,0,1,0,미부착,개방불가,없음,
471,별별스테이지,포스터,춘향전,국립창극단,1982-12-04,0,1,0,미부착,개방불가,없음,
472,별별스테이지,포스터,송년대음악회,국립합창단,1982-12-21,0,1,0,미부착,개방불가,없음,
473,별별스테이지,포스터,"지젤1막, 백조의 호수 1막, 코펠리아 1막, 호도까기 인형 2막",국립발레단,1982-12-21,0,1,0,미부착,개방불가,없음,
474,별별스테이지,포스터,"명창특별초청 송년판소리감상회 (박동진, 정권진, 강도근)",국립창극단,1982-12-22,0,1,0,미부착,개방불가,없음,
475,별별스테이지,포스터,국립극장 3월 상설공연,"국립무용단, 국립창극단 외",1983-03-09,0,1,0,미부착,개방불가,없음,
476,별별스테이지,포스터,바리더기,국립극단,1983-03-09,0,1,0,미부착,개방불가,없음,
477,별별스테이지,포스터,정기공연,국립합창단,1983-03-22,0,1,0,미부착,개방불가,없음,
478,별별스테이지,포스터,토생원과 별주부,국립창극단,1983-04-06,0,1,0,미부착,개방불가,없음,
479,별별스테이지,포스터,상설공연,국립전속단체,1983-04-09,0,1,0,미부착,개방불가,없음,
480,별별스테이지,포스터,한국무용전,국립무용단,1983-04-12,0,1,0,미부착,개방불가,없음,
481,별별스테이지,포스터,어린이를 위한 발레잔치,국립발레단,1983-05-04,0,1,0,미부착,개방불가,없음,
482,별별스테이지,포스터,상설공연,국립전속단체,1983-05-07,0,1,0,미부착,개방불가,없음,
483,별별스테이지,포스터,토생원과 별주부,국립창극단,1983-05-28,0,1,0,미부착,개방불가,없음,
484,별별스테이지,포스터,맥,국립무용단,1983-06-01,0,1,0,미부착,개방불가,없음,
485,별별스테이지,포스터,라보엠,국립오페라단 외,1983-06-15,0,1,0,미부착,개방불가,없음,
486,별별스테이지,포스터,제3의 신 (神),국립극단,1983-06-15,0,1,0,미부착,개방불가,없음,
487,별별스테이지,포스터,부마사랑,국립창극단,1983-09-01,0,1,0,미부착,개방불가,없음,
488,별별스테이지,포스터,고전창작 발레모음,국립발레단,1983-09-01,0,1,0,미부착,개방불가,없음,
489,별별스테이지,포스터,대학생합창곡발표,국립합창단 외,1983-09-12,0,1,0,미부착,개방불가,없음,
490,별별스테이지,포스터,초분,국립오페라단 외,1983-09-14,0,1,0,미부착,개방불가,없음,
491,별별스테이지,포스터,"세헤라자데, 목신의 오후, 발레콘서트",국립발레단 외,1983-10-10,0,1,0,미부착,개방불가,없음,
492,별별스테이지,포스터,부마사랑,국립창극단,1983-10-12,0,1,0,미부착,개방불가,없음,
493,별별스테이지,포스터,나래섬,국립극단,1983-10-16,0,1,0,미부착,개방불가,없음,
494,별별스테이지,포스터,리골렛토,국립오페라단 외,1983-10-23,0,1,0,미부착,개방불가,없음,
495,별별스테이지,포스터,공녀아실,국립극단,1983-11-17,0,1,0,미부착,개방불가,없음,
496,별별스테이지,포스터,송년대음악회,국립합창단,1983-12-19,0,1,0,미부착,개방불가,없음,
497,별별스테이지,사진저작물(1948-1986),인종자의 손,국립극단,1970-03-03 ~ 1970-03-09,0,1,0,미부착,제1유형,동의서 작성,미술-장종선
498,별별스테이지,사진저작물(1948-1986),신라인,국립극단,1971-03-01 ~ 1971-03-07,0,4,0,미부착,제1유형,동의서 작성,미술-장종선
499,별별스테이지,사진저작물(1948-1986),달집,국립극단,1971-09-14 ~ 1971-09-18,0,1,0,미부착,제1유형,동의서 작성,미술-장종선
500,별별스테이지,사진저작물(1948-1986),환상여행,국립극단,1972-02-01 ~ 1972-02-07,0,22,0,미부착,제1유형,동의서 작성,미술-장종선
501,별별스테이지,사진저작물(1948-1986),꽃상여,국립극단,1972-08-30 ~ 1972-09-04,0,21,0,미부착,제1유형,동의서 작성,미술-장종선
502,별별스테이지,사진저작물(1948-1986),투란돗트,국립오페라단,1972-10-15 ~ 1972-10-17,0,61,0,미부착,제1유형,동의서 작성,미술-장종선 / 의상-로오즈양복점
503,별별스테이지,사진저작물(1948-1986),인종자의 손,국립극장 연기인양성소,1973-02-25 ~ 1973-02-27,0,77,0,미부착,제1유형,동의서 작성,미술-장종선
504,별별스테이지,사진저작물(1948-1986),아이다,국립오페라단,1973-11-06 ~ 1973-11-11,0,1,0,미부착,제1유형,동의서 작성,미술-장종선
505,별별스테이지,사진저작물(1948-1986),별의 전설,국립무용단,1973-11-21 ~ 1973-11-25,0,111,0,미부착,제1유형,동의서 작성,장치디자인-장종선
506,별별스테이지,사진저작물(1948-1986),활화산,국립극단,1974-02-26 ~ 1974-03-03,0,50,0,미부착,제1유형,동의서 작성,장치디자인-장종선
507,별별스테이지,사진저작물(1948-1986),수궁가,국립창극단,1974-03-22 ~ 1974-03-25,0,51,0,미부착,제1유형,동의서 작성,무대장치-장종선 / 의상디자인·제작-홍장희
508,별별스테이지,사진저작물(1948-1986),활화산,국립극단,1974-04-02 ~ 1974-04-20,0,61,0,미부착,제1유형,동의서 작성,장치디자인-장종선 
509,별별스테이지,사진저작물(1948-1986),지귀의 꿈,국립발레단,1974-04-03 ~ 1974-04-07,0,25,0,미부착,제1유형,동의서 작성,미술-장종선
510,별별스테이지,사진저작물(1948-1986),대춘향전,국립가무단,1974-05-21 ~ 1974-05-26,0,29,0,미부착,제1유형,동의서 작성,장치디자인-장종선
511,별별스테이지,사진저작물(1948-1986),수궁가,국립창극단,1974-10-08 ~ 1974-10-12,0,25,0,미부착,제1유형,동의서 작성,무대장치-장종선 / 무대장치제작-김동진 / 의상디자인·제작-홍장희
512,별별스테이지,사진저작물(1948-1986),시집가는 날,국립가무단,1974-11-12 ~ 1974-11-17,0,58,0,미부착,제1유형,동의서 작성,장치디자인-장종선 / 장치제작-조성인
513,별별스테이지,사진저작물(1948-1986),고랑포의 신화,국립극단,1975-06-24 ~ 1975-06-29,0,24,0,미부착,제1유형,동의서 작성,장치디자인-장종선 / 무대장치-김동진
514,별별스테이지,사진저작물(1948-1986),빌헬름 텔,국립극단,1975-11-27 ~ 1975-12-01,0,54,0,미부착,제1유형,동의서 작성,장치도안-장종선 / 제작-조성인 / 소품-이용진
515,별별스테이지,사진저작물(1948-1986),상록수,국립가무단,1975-12-18 ~ 1975-12-21,0,36,0,미부착,제1유형,동의서 작성,장치디자인-장종선 / 장치제작-조성인
516,별별스테이지,사진저작물(1948-1986),마적,국립오페라단,1976-03-18 ~ 1976-03-23,0,36,0,미부착,제1유형,동의서 작성,미술-장종선
517,별별스테이지,사진저작물(1948-1986),상록수,국립가무단,1976-05-29 ~ 1976-06-01,0,45,0,미부착,제1유형,동의서 작성,미술-장종선
518,별별스테이지,사진저작물(1948-1986),손탁호텔,국립극단,1976-06-10 ~ 1976-06-13,0,43,0,미부착,제1유형,동의서 작성,장치디자인-장종선 / 장치제작-조성인
519,별별스테이지,사진저작물(1948-1986),북향묘,국립극단,1976-11-25 ~ 1976-11-29,0,27,0,미부착,제1유형,동의서 작성,장치디자인-장종선 / 장치제작-조성인 / 의상디자인-최성학 / 소품디자인-이경하 
520,별별스테이지,사진저작물(1948-1986),초립동,국립극단,1977-03-02 ~ 1977-03-06,0,15,0,미부착,제1유형,동의서 작성,장치디자인-장종선 / 의상디자인-최성학 / 소품디자인-이경하 / 장치제작-조성인
521,별별스테이지,사진저작물(1948-1986),학살의 숲,국립극단,1977-11-24 ~ 1977-11-28,0,29,0,미부착,제1유형,동의서 작성,미술-장종선 / 의상디자인-최성학 / 소품디자인-이경하 / 소품제작-이상익 / 장치제작-조성인 / 작화-여운덕 / 의상-박희준
522,별별스테이지,사진저작물(1948-1986),흑하,국립극단,1978-06-21 ~ 1978-06-25,0,23,0,미부착,제1유형,동의서 작성,미술-장종선 / 의상디자인-김동환 / 소품디자인-여운덕 / 소품-편덕룡 / 의상-박희준
523,별별스테이지,사진저작물(1948-1986),베케트,국립극단,1979-06-26 ~ 1979-07-02,0,46,0,미부착,제1유형,동의서 작성,미술-장종선 / 음악-김희조 / 소품-이상익 / 의상-박희준 / 작화-여운덕 / 장치제작-조성인
524,별별스테이지,사진저작물(1948-1986),북간도,국립극단,1980-04-30 ~ 1980-05-06,0,12,0,미부착,제1유형,동의서 작성,"미술-장종선 / 장치-조성인 / 작화-여운덕 / 의상-박희준, 강정화 / 소품-이상익, 편덕용"
525,별별스테이지,사진저작물(1948-1986),황진이,국립무용단,1981-05-28 ~ 1981-06-01,0,48,0,미부착,제1유형,동의서 작성,미술-장종선 / 의상-이용주 / 장치제작-조성인
526,별별스테이지,사진저작물(1948-1986),지귀의 꿈,국립발레단,1982-05-26 ~ 1982-05-31,0,37,0,미부착,제1유형,동의서 작성,"장치디자인-장종선 / 미술-김동진 / 소품디자인-이경하 / 의상디자인-최성학 / 의상-강정화 / 소품제작-이상익, 편덕용"
527,별별스테이지,사진저작물(1948-1986),제3의 신,국립극단,1983-06-15 ~ 1983-07-08,0,34,0,미부착,제1유형,동의서 작성,미술-장종선 / 의상-박항치 / 소품-이경하
528,별별스테이지,사진저작물(1987-2022),공연예술 전문가와 함께하는 박물관 데이트,공연예술박물관,2014-05-22 ~ 2014-11-28,0,52,0,미부착,제2유형,계약서(샘플),
529,별별스테이지,사진저작물(1987-2022),외국인 국악아카데미_수료식,국립극장 교육전시부 예술교육팀,2014-09-23 ~ 2014-12-16,0,90,0,미부착,제2유형,계약서(샘플),
530,별별스테이지,사진저작물(1987-2022),외국인 국악아카데미,국립극장 교육전시부 예술교육팀,2014-09-23 ~ 2014-12-16,0,43,0,미부착,제2유형,계약서(샘플),
531,별별스테이지,사진저작물(1987-2022),외국인 국악아카데미,국립극장 교육전시부 예술교육팀,2014-09-23 ~ 2014-12-16,0,92,0,미부착,제2유형,계약서(샘플),
532,별별스테이지,사진저작물(1987-2022),민방공 대피훈련·직장교육,"국립극장 공연기획부, 교육전시부, 운영기획부 외",2015-01-01 ~ 2015-12-31,0,60,0,미부착,제2유형,계약서(샘플),
533,별별스테이지,사진저작물(1987-2022),직장교육-책임운영기관 성과,"국립극장 공연기획부, 교육전시부, 운영기획부 외",2015-01-01 ~ 2015-12-31,0,15,0,미부착,제2유형,계약서(샘플),
534,별별스테이지,사진저작물(1987-2022),직장교육_폭력예방교육,"국립극장 공연기획부, 교육전시부, 운영기획부 외",2015-01-01 ~ 2015-12-31,0,28,0,미부착,제2유형,계약서(샘플),
535,별별스테이지,사진저작물(1987-2022),직장교육,"국립극장 공연기획부, 교육전시부, 운영기획부 외",2015-01-01 ~ 2015-12-31,0,16,0,미부착,제2유형,계약서(샘플),
536,별별스테이지,사진저작물(1987-2022),민방공 대피훈련·보안교육-반부패청렴교육,"국립극장 공연기획부, 교육전시부, 운영기획부 외",2015-01-01 ~ 2015-12-31,0,18,0,미부착,제2유형,계약서(샘플),
537,별별스테이지,사진저작물(1987-2022),교사직무연수,"국립극장 공연기획부, 교육전시부, 운영기획부 외",2015-01-01 ~ 2015-12-31,0,153,0,미부착,제2유형,계약서(샘플),
538,별별스테이지,사진저작물(1987-2022),교사직무연수,"국립극장 공연기획부, 교육전시부, 운영기획부 외",2015-01-01 ~ 2015-12-31,0,133,0,미부착,제2유형,계약서(샘플),
539,별별스테이지,사진저작물(1987-2022),교사직무연수,"국립극장 공연기획부, 교육전시부, 운영기획부 외",2015-01-01 ~ 2015-12-31,0,152,0,미부착,제2유형,계약서(샘플),
540,별별스테이지,사진저작물(1987-2022),직장교육_이미도,"국립극장 공연기획부, 교육전시부, 운영기획부 외",2015-01-01 ~ 2015-12-31,0,29,0,미부착,제2유형,계약서(샘플),
541,별별스테이지,사진저작물(1987-2022),실무교육_문체부 7급 공채자,"국립극장 공연기획부, 교육전시부, 운영기획부 외",2015-01-01 ~ 2015-12-31,0,114,0,미부착,제2유형,계약서(샘플),
542,별별스테이지,사진저작물(1987-2022),전통예술아카데미_수료공연 및 기념사진,국립극장 예술교육팀,2015-03-02 ~ 2015-11-14,0,112,0,미부착,제2유형,계약서(샘플),
543,별별스테이지,사진저작물(1987-2022),전통예술아카데미_초급반_판소리,국립극장 예술교육팀,2015-03-02 ~ 2015-11-14,0,10,0,미부착,제2유형,계약서(샘플),
544,별별스테이지,사진저작물(1987-2022),전통예술아카데미_중급반_판소리,국립극장 예술교육팀,2015-03-02 ~ 2015-11-14,0,14,0,미부착,제2유형,계약서(샘플),
545,별별스테이지,사진저작물(1987-2022),전통예술아카데미_고급반_한량무,국립극장 예술교육팀,2015-03-02 ~ 2015-11-14,0,26,0,미부착,제2유형,계약서(샘플),
546,별별스테이지,사진저작물(1987-2022),전통예술아카데미_중급반_태평무,국립극장 예술교육팀,2015-03-02 ~ 2015-11-14,0,21,0,미부착,제2유형,계약서(샘플),
547,별별스테이지,사진저작물(1987-2022),전통예술아카데미_고급반_소고춤,국립극장 예술교육팀,2015-03-02 ~ 2015-11-14,0,21,0,미부착,제2유형,계약서(샘플),
548,별별스테이지,사진저작물(1987-2022),전통예술아카데미_고급반_경기민요,국립극장 예술교육팀,2015-03-02 ~ 2015-11-14,0,20,0,미부착,제2유형,계약서(샘플),
549,별별스테이지,사진저작물(1987-2022),전통예술아카데미_초급반_한국무용,국립극장 예술교육팀,2015-03-02 ~ 2015-11-14,0,39,0,미부착,제2유형,계약서(샘플),
550,별별스테이지,사진저작물(1987-2022),전통예술아카데미_고급반_살풀이,국립극장 예술교육팀,2015-03-02 ~ 2015-11-14,0,57,0,미부착,제2유형,계약서(샘플),
551,별별스테이지,사진저작물(1987-2022),전통예술아카데미_중급반_한국무용,국립극장 예술교육팀,2015-03-02 ~ 2015-11-14,0,79,0,미부착,제2유형,계약서(샘플),
552,별별스테이지,사진저작물(1987-2022),전통예술아카데미_초급반_사물놀이,국립극장 예술교육팀,2015-03-02 ~ 2015-11-14,0,46,0,미부착,제2유형,계약서(샘플),
553,별별스테이지,사진저작물(1987-2022),창극아카데미_수료식 및 공연,국립극장 교육전시부,2015-03-14 ~ 2015-05-30,0,266,0,미부착,제2유형,계약서(샘플),
554,별별스테이지,사진저작물(1987-2022),창극아카데미_소품제작 및 연습,국립극장 교육전시부,2015-03-14 ~ 2015-05-30,0,80,0,미부착,제2유형,계약서(샘플),
555,별별스테이지,사진저작물(1987-2022),창극아카데미_오디션,국립극장 교육전시부,2015-03-14 ~ 2015-05-30,0,132,0,미부착,제2유형,계약서(샘플),
556,별별스테이지,사진저작물(1987-2022),창극아카데미,국립극장 교육전시부,2015-03-14 ~ 2015-05-30,0,69,0,미부착,제2유형,계약서(샘플),
557,별별스테이지,사진저작물(1987-2022),창극아카데미,국립극장 교육전시부,2015-03-14 ~ 2015-05-30,0,48,0,미부착,제2유형,계약서(샘플),
558,별별스테이지,사진저작물(1987-2022),창극아카데미_안숙선,국립극장 교육전시부,2015-03-14 ~ 2015-05-30,0,97,0,미부착,제2유형,계약서(샘플),
559,별별스테이지,사진저작물(1987-2022),외국인 국악아카데미_수료식 및 수료공연,국립극장 교육전시부 예술교육팀,2015-04-07 ~ 2015-06-30,0,241,0,미부착,제2유형,계약서(샘플),
560,별별스테이지,사진저작물(1987-2022),외국인 국악아카데미_한국무용,국립극장 교육전시부 예술교육팀,2015-04-07 ~ 2015-06-30,0,25,0,미부착,제2유형,계약서(샘플),
561,별별스테이지,사진저작물(1987-2022),외국인 국악아카데미_한국무용,국립극장 교육전시부 예술교육팀,2015-04-07 ~ 2015-06-30,0,134,0,미부착,제2유형,계약서(샘플),
562,별별스테이지,사진저작물(1987-2022),외국인 국악아카데미_판소리,국립극장 교육전시부 예술교육팀,2015-04-07 ~ 2015-06-30,0,35,0,미부착,제2유형,계약서(샘플),
563,별별스테이지,사진저작물(1987-2022),외국인 국악아카데미_한국무용,국립극장 교육전시부 예술교육팀,2015-04-07 ~ 2015-06-30,0,48,0,미부착,제2유형,계약서(샘플),
564,별별스테이지,사진저작물(1987-2022),"공연, 인문학과 놀다-극장으로 간 신들: 예술의 뿌리에서 신화를 만나다",국립극장 예술교육팀,2015-04-14 ~ 2015-05-19,0,21,0,미부착,제2유형,계약서(샘플),
565,별별스테이지,사진저작물(1987-2022),"공연, 인문학과 놀다-우리 민간 신화와 현대 공연예술",국립극장 예술교육팀,2015-04-14 ~ 2015-05-19,0,12,0,미부착,제2유형,계약서(샘플),
566,별별스테이지,사진저작물(1987-2022),"공연, 인문학과 놀다-풍류: 조선 선비의 음악세계",국립극장 예술교육팀,2015-04-14 ~ 2015-05-19,0,32,0,미부착,제2유형,계약서(샘플),
567,별별스테이지,사진저작물(1987-2022),"공연, 인문학과 놀다-한국 춤에서 본 한국인의 미의식",국립극장 예술교육팀,2015-04-14 ~ 2015-05-19,0,22,0,미부착,제2유형,계약서(샘플),
568,별별스테이지,사진저작물(1987-2022),"공연, 인문학과 놀다-한눈으로 보는 우리 예술과 문화",국립극장 예술교육팀,2015-04-14 ~ 2015-05-19,0,29,0,미부착,제2유형,계약서(샘플),
569,별별스테이지,사진저작물(1987-2022),꿈다락 토요문화학교 6기 3차,국립극장 예술교육팀,2015-04-26 ~ 2015-12-26,0,104,0,미부착,제2유형,계약서(샘플),
570,별별스테이지,사진저작물(1987-2022),꿈다락 토요문화학교 6기 2차,국립극장 예술교육팀,2015-04-26 ~ 2015-12-26,0,60,0,미부착,제2유형,계약서(샘플),
571,별별스테이지,사진저작물(1987-2022),꿈다락 토요문화학교 6기 1차,국립극장 예술교육팀,2015-04-26 ~ 2015-12-26,0,64,0,미부착,제2유형,계약서(샘플),
572,별별스테이지,사진저작물(1987-2022),꿈다락 토요문화학교 5기 3차,국립극장 예술교육팀,2015-04-26 ~ 2015-12-26,0,156,0,미부착,제2유형,계약서(샘플),
573,별별스테이지,사진저작물(1987-2022),꿈다락 토요문화학교 5기 2차,국립극장 예술교육팀,2015-04-26 ~ 2015-12-26,0,133,0,미부착,제2유형,계약서(샘플),
574,별별스테이지,사진저작물(1987-2022),꿈다락 토요문화학교 3기 3차,국립극장 예술교육팀,2015-04-26 ~ 2015-12-26,0,140,0,미부착,제2유형,계약서(샘플),
575,별별스테이지,사진저작물(1987-2022),꿈다락 토요문화학교 3기 2차,국립극장 예술교육팀,2015-04-26 ~ 2015-12-26,0,125,0,미부착,제2유형,계약서(샘플),
576,별별스테이지,사진저작물(1987-2022),꿈다락 토요문화학교 3기 1차,국립극장 예술교육팀,2015-04-26 ~ 2015-12-26,0,144,0,미부착,제2유형,계약서(샘플),
577,별별스테이지,사진저작물(1987-2022),꿈다락 토요문화학교 2기 3차,국립극장 예술교육팀,2015-04-26 ~ 2015-12-26,0,115,0,미부착,제2유형,계약서(샘플),
578,별별스테이지,사진저작물(1987-2022),꿈다락 토요문화학교 2기 2차,국립극장 예술교육팀,2015-04-26 ~ 2015-12-26,0,182,0,미부착,제2유형,계약서(샘플),
579,별별스테이지,사진저작물(1987-2022),꿈다락 토요문화학교 2기 1차,국립극장 예술교육팀,2015-04-26 ~ 2015-12-26,0,205,0,미부착,제2유형,계약서(샘플),
580,별별스테이지,사진저작물(1987-2022),꿈다락 토요문화학교 1기 3차,국립극장 예술교육팀,2015-04-26 ~ 2015-12-26,0,188,0,미부착,제2유형,계약서(샘플),
581,별별스테이지,사진저작물(1987-2022),꿈다락 토요문화학교 1기 2차,국립극장 예술교육팀,2015-04-26 ~ 2015-12-26,0,163,0,미부착,제2유형,계약서(샘플),
582,별별스테이지,사진저작물(1987-2022),꿈다락 토요문화학교 1기 1차,국립극장 예술교육팀,2015-04-26 ~ 2015-12-26,0,154,0,미부착,제2유형,계약서(샘플),
583,별별스테이지,사진저작물(1987-2022),공연예술전문가와 박물관 데이트,국립극장 공연예술박물관,2015-05-12 ~ 2016-01-30,0,121,0,미부착,제2유형,계약서(샘플),
584,별별스테이지,사진저작물(1987-2022),공연예술전문가와 박물관 데이트,국립극장 공연예술박물관,2015-05-12 ~ 2016-01-30,0,129,0,미부착,제2유형,계약서(샘플),
585,별별스테이지,사진저작물(1987-2022),문화동반자_수료식,국립극장 예술교육팀,2015-06-30 ~ 2015-11-16,0,57,0,미부착,제2유형,계약서(샘플),
586,별별스테이지,사진저작물(1987-2022),문화동반자-조율&울림,국립극장 예술교육팀,2015-06-30 ~ 2015-11-16,0,123,0,미부착,제2유형,계약서(샘플),
587,별별스테이지,사진저작물(1987-2022),문화동반자-조율&울림_리허설,국립극장 예술교육팀,2015-06-30 ~ 2015-11-16,0,197,0,미부착,제2유형,계약서(샘플),
588,별별스테이지,사진저작물(1987-2022),문화동반자_아웃리치,국립극장 예술교육팀,2015-06-30 ~ 2015-11-16,0,148,0,미부착,제2유형,계약서(샘플),
589,별별스테이지,사진저작물(1987-2022),문화동반자_서울아리랑페스티벌,국립극장 예술교육팀,2015-06-30 ~ 2015-11-16,0,41,0,미부착,제2유형,계약서(샘플),
590,별별스테이지,사진저작물(1987-2022),문화동반자_전주소리축제,국립극장 예술교육팀,2015-06-30 ~ 2015-11-16,0,104,0,미부착,제2유형,계약서(샘플),
591,별별스테이지,사진저작물(1987-2022),문화동반자_국악기 연습,국립극장 예술교육팀,2015-06-30 ~ 2015-11-16,0,73,0,미부착,제2유형,계약서(샘플),
592,별별스테이지,사진저작물(1987-2022),문화동반자_앙상블 연습,국립극장 예술교육팀,2015-06-30 ~ 2015-11-16,0,61,0,미부착,제2유형,계약서(샘플),
593,별별스테이지,사진저작물(1987-2022),문화동반자_전통체험,국립극장 예술교육팀,2015-06-30 ~ 2015-11-16,0,253,0,미부착,제2유형,계약서(샘플),
594,별별스테이지,사진저작물(1987-2022),문화동반자_추가 프로필 및 단체사진,국립극장 예술교육팀,2015-06-30 ~ 2015-11-16,0,20,0,미부착,제2유형,계약서(샘플),
595,별별스테이지,사진저작물(1987-2022),문화동반자_오리엔테이션,국립극장 예술교육팀,2015-06-30 ~ 2015-11-16,0,60,0,미부착,제2유형,계약서(샘플),
596,별별스테이지,사진저작물(1987-2022),문화동반자_악기,국립극장 예술교육팀,2015-06-30 ~ 2015-11-16,0,48,0,미부착,제2유형,계약서(샘플),
597,별별스테이지,사진저작물(1987-2022),문화동반자_프로필,국립극장 예술교육팀,2015-06-30 ~ 2015-11-16,0,178,0,미부착,제2유형,계약서(샘플),
598,별별스테이지,사진저작물(1987-2022),외국인 국악아카데미_수료식 및 수료공연,국립극장 교육전시부 예술교육팀,2015-09-22 ~ 2015-12-08,0,104,0,미부착,제2유형,계약서(샘플),
599,별별스테이지,사진저작물(1987-2022),외국인 국악아카데미_판소리,국립극장 교육전시부 예술교육팀,2015-09-22 ~ 2015-12-08,0,72,0,미부착,제2유형,계약서(샘플),
600,별별스테이지,사진저작물(1987-2022),외국인 국악아카데미_한국무용,국립극장 교육전시부 예술교육팀,2015-09-22 ~ 2015-12-08,0,61,0,미부착,제2유형,계약서(샘플),
601,별별스테이지,사진저작물(1987-2022),예술가 '클릭'_월곡초등학교,국립극장 예술교육팀,2015-12-07 ~ 2015-12-11,0,96,0,미부착,제2유형,계약서(샘플),
602,별별스테이지,사진저작물(1987-2022),예술가 '클릭'_대길초등학교,국립극장 예술교육팀,2015-12-07 ~ 2015-12-11,0,209,0,미부착,제2유형,계약서(샘플),
603,별별스테이지,사진저작물(1987-2022),직장교육,"국립극장 공연기획부, 교육전시부, 운영기획부 외",2016-01-01 ~ 2016-12-31,0,26,0,미부착,제2유형,계약서(샘플),
604,별별스테이지,사진저작물(1987-2022),직장교육,"국립극장 공연기획부, 교육전시부, 운영기획부 외",2016-01-01 ~ 2016-12-31,0,20,0,미부착,제2유형,계약서(샘플),
605,별별스테이지,사진저작물(1987-2022),민방위 날 민방공 훈련,"국립극장 공연기획부, 교육전시부, 운영기획부 외",2016-01-01 ~ 2016-12-31,0,47,0,미부착,제2유형,계약서(샘플),
606,별별스테이지,사진저작물(1987-2022),직장교육,"국립극장 공연기획부, 교육전시부, 운영기획부 외",2016-01-01 ~ 2016-12-31,0,22,0,미부착,제2유형,계약서(샘플),
607,별별스테이지,사진저작물(1987-2022),민방위 날 대피 및 방호교육,"국립극장 공연기획부, 교육전시부, 운영기획부 외",2016-01-01 ~ 2016-12-31,0,19,0,미부착,제2유형,계약서(샘플),
608,별별스테이지,사진저작물(1987-2022),문화동반자_드레스 리허설,국립극장 예술교육팀,2016-07-01 ~ 2016-11-30,0,290,0,미부착,제2유형,계약서(샘플),
609,별별스테이지,사진저작물(1987-2022),예술가 '클릭',국립극장 예술교육팀,2016-12-13 ~ 2016-12-15,0,113,0,미부착,제2유형,계약서(샘플),
610,별별스테이지,사진저작물(1987-2022),예술가 '클릭',국립극장 예술교육팀,2016-12-13 ~ 2016-12-15,0,54,0,미부착,제2유형,계약서(샘플),
611,별별스테이지,사진저작물(1987-2022),예술가 '클릭',국립극장 예술교육팀,2016-12-13 ~ 2016-12-15,0,58,0,미부착,제2유형,계약서(샘플),
612,별별스테이지,사진저작물(1987-2022),직장교육,"공연기획부, 교육전시부, 운영기획부 외",2017-01-01 ~ 2017-12-31,0,24,0,미부착,제2유형,계약서(샘플),
613,별별스테이지,사진저작물(1987-2022),민방위훈련_을지연습계 민방공 대피훈련,"공연기획부, 교육전시부, 운영기획부 외",2017-01-01 ~ 2017-12-31,0,10,0,미부착,제2유형,계약서(샘플),
614,별별스테이지,사진저작물(1987-2022),직장교육,"공연기획부, 교육전시부, 운영기획부 외",2017-01-01 ~ 2017-12-31,0,12,0,미부착,제2유형,계약서(샘플),
615,별별스테이지,사진저작물(1987-2022),민방위의 날_민방위훈련,"공연기획부, 교육전시부, 운영기획부 외",2017-01-01 ~ 2017-12-31,0,12,0,미부착,제2유형,계약서(샘플),
616,별별스테이지,사진저작물(1987-2022),재난대응 안전한국 훈련,"공연기획부, 교육전시부, 운영기획부 외",2017-01-01 ~ 2017-12-31,0,19,0,미부착,제2유형,계약서(샘플),
617,별별스테이지,사진저작물(1987-2022),직장교육,"공연기획부, 교육전시부, 운영기획부 외",2017-01-01 ~ 2017-12-31,0,14,0,미부착,제2유형,계약서(샘플),
618,별별스테이지,사진저작물(1987-2022),직장교육,"공연기획부, 교육전시부, 운영기획부 외",2017-01-01 ~ 2017-12-31,0,17,0,미부착,제2유형,계약서(샘플),
619,별별스테이지,사진저작물(1987-2022),민방위의 날,"공연기획부, 교육전시부, 운영기획부 외",2017-01-01 ~ 2017-12-31,0,10,0,미부착,제2유형,계약서(샘플),
620,별별스테이지,사진저작물(1987-2022),민방위의 날,"공연기획부, 교육전시부, 운영기획부 외",2017-01-01 ~ 2017-12-31,0,10,0,미부착,제2유형,계약서(샘플),
621,별별스테이지,사진저작물(1987-2022),어린이 예술학교_2기 4차,국립극장 예술교육팀,2017-01-04 ~ 2017-01-07,0,63,0,미부착,제2유형,계약서(샘플),
622,별별스테이지,사진저작물(1987-2022),어린이 예술학교_1기 4차,국립극장 예술교육팀,2017-01-04 ~ 2017-01-07,0,60,0,미부착,제2유형,계약서(샘플),
623,별별스테이지,사진저작물(1987-2022),어린이 예술학교_2기 3차,국립극장 예술교육팀,2017-01-04 ~ 2017-01-07,0,78,0,미부착,제2유형,계약서(샘플),
624,별별스테이지,사진저작물(1987-2022),어린이 예술학교_1기 3차,국립극장 예술교육팀,2017-01-04 ~ 2017-01-07,0,57,0,미부착,제2유형,계약서(샘플),
625,별별스테이지,사진저작물(1987-2022),어린이 예술학교_2기 2차,국립극장 예술교육팀,2017-01-04 ~ 2017-01-07,0,103,0,미부착,제2유형,계약서(샘플),
626,별별스테이지,사진저작물(1987-2022),어린이 예술학교_1기 2차,국립극장 예술교육팀,2017-01-04 ~ 2017-01-07,0,133,0,미부착,제2유형,계약서(샘플),
627,별별스테이지,사진저작물(1987-2022),어린이 예술학교_2기 1차,국립극장 예술교육팀,2017-01-04 ~ 2017-01-07,0,142,0,미부착,제2유형,계약서(샘플),
628,별별스테이지,사진저작물(1987-2022),어린이 예술학교_1기 1차,국립극장 예술교육팀,2017-01-04 ~ 2017-01-07,0,149,0,미부착,제2유형,계약서(샘플),
629,별별스테이지,사진저작물(1987-2022),2017 공연예술박물관 공연교실_1기 4차,"공연예술박물관, 극단 북새통",2017-01-10 ~ 2017-01-13,0,39,0,미부착,제2유형,계약서(샘플),
630,별별스테이지,사진저작물(1987-2022),2017 공연예술박물관 공연교실_1기 3차,"공연예술박물관, 극단 북새통",2017-01-10 ~ 2017-01-13,0,40,0,미부착,제2유형,계약서(샘플),
631,별별스테이지,사진저작물(1987-2022),2017 공연예술박물관 공연교실_1기 2차,"공연예술박물관, 극단 북새통",2017-01-10 ~ 2017-01-13,0,21,0,미부착,제2유형,계약서(샘플),
632,별별스테이지,사진저작물(1987-2022),2017 공연예술박물관 공연교실_1기 1차,"공연예술박물관, 극단 북새통",2017-01-10 ~ 2017-01-13,0,98,0,미부착,제2유형,계약서(샘플),
633,별별스테이지,사진저작물(1987-2022),전통예술아카데미_판소리 B반,국립극장 예술교육팀,2017-03-06 ~ 2017-11-12,0,25,0,미부착,제2유형,계약서(샘플),
634,별별스테이지,사진저작물(1987-2022),전통예술아카데미_고급반_소고춤,국립극장 예술교육팀,2017-03-06 ~ 2017-11-12,0,51,0,미부착,제2유형,계약서(샘플),
635,별별스테이지,사진저작물(1987-2022),전통예술아카데미_고급반_태평무,국립극장 예술교육팀,2017-03-06 ~ 2017-11-12,0,52,0,미부착,제2유형,계약서(샘플),
636,별별스테이지,사진저작물(1987-2022),전통예술아카데미_중급반_입춤,국립극장 예술교육팀,2017-03-06 ~ 2017-11-12,0,41,0,미부착,제2유형,계약서(샘플),
637,별별스테이지,사진저작물(1987-2022),전통예술아카데미_고급반_승무,국립극장 예술교육팀,2017-03-06 ~ 2017-11-12,0,44,0,미부착,제2유형,계약서(샘플),
638,별별스테이지,사진저작물(1987-2022),전통예술아카데미_초급반_기본,국립극장 예술교육팀,2017-03-06 ~ 2017-11-12,0,68,0,미부착,제2유형,계약서(샘플),
639,별별스테이지,사진저작물(1987-2022),국립극장 전통예술아카데미_수료식,국립극장 예술교육팀,2017-03-06 ~ 2017-11-12,0,192,0,미부착,제2유형,계약서(샘플),
640,별별스테이지,사진저작물(1987-2022),국립극장 전통예술아카데미_부채산조,국립극장 예술교육팀,2017-03-06 ~ 2017-11-12,0,42,0,미부착,제2유형,계약서(샘플),
641,별별스테이지,사진저작물(1987-2022),국립극장 전통예술아카데미_사물놀이,국립극장 예술교육팀,2017-03-06 ~ 2017-11-12,0,24,0,미부착,제2유형,계약서(샘플),
642,별별스테이지,사진저작물(1987-2022),국립극장 전통예술아카데미_경기민요,국립극장 예술교육팀,2017-03-06 ~ 2017-11-12,0,26,0,미부착,제2유형,계약서(샘플),
643,별별스테이지,사진저작물(1987-2022),국립극장 전통예술아카데미_판소리,국립극장 예술교육팀,2017-03-06 ~ 2017-11-12,0,28,0,미부착,제2유형,계약서(샘플),
644,별별스테이지,사진저작물(1987-2022),외국인국악아카데미_수료식,국립극장 예술교육팀,2017-03-20 ~ 2017-06-13,0,149,0,미부착,제2유형,계약서(샘플),
645,별별스테이지,사진저작물(1987-2022),외국인국악아카데미_판소리반,국립극장 예술교육팀,2017-03-20 ~ 2017-06-13,0,40,0,미부착,제2유형,계약서(샘플),
646,별별스테이지,사진저작물(1987-2022),외국인국악아카데미_장구반,국립극장 예술교육팀,2017-03-20 ~ 2017-06-13,0,31,0,미부착,제2유형,계약서(샘플),
647,별별스테이지,사진저작물(1987-2022),외국인국악아카데미_한국무용반,국립극장 예술교육팀,2017-03-20 ~ 2017-06-13,0,169,0,미부착,제2유형,계약서(샘플),
648,별별스테이지,사진저작물(1987-2022),공연예술전문가와 박물관 데이트,공연예술박물관,2017-04-13 ~ 2018-01-27,0,119,0,미부착,제2유형,계약서(샘플),
649,별별스테이지,사진저작물(1987-2022),공연예술전문가와 박물관 데이트,공연예술박물관,2017-04-13 ~ 2018-01-27,0,91,0,미부착,제2유형,계약서(샘플),
650,별별스테이지,사진저작물(1987-2022),도란도란 이야기꾸러미,공연예술박물관,2017-05-11 ~ 2017-12-14,0,68,0,미부착,제2유형,계약서(샘플),
651,별별스테이지,사진저작물(1987-2022),예술가 '클릭'_장승중학교,국립극장 예술교육팀,2017-05-12 ~ 2017-06-20,0,128,0,미부착,제2유형,계약서(샘플),
652,별별스테이지,사진저작물(1987-2022),예술가 '클릭'_점동중학교,국립극장 예술교육팀,2017-05-12 ~ 2017-06-20,0,117,0,미부착,제2유형,계약서(샘플),
653,별별스테이지,사진저작물(1987-2022),국립극장 예술가 '클릭'_수유중학교,국립극장 예술교육팀,2017-05-12 ~ 2017-06-20,0,120,0,미부착,제2유형,계약서(샘플),
654,별별스테이지,사진저작물(1987-2022),국립극장 예술가 '클릭'_거원중학교,국립극장 예술교육팀,2017-05-12 ~ 2017-06-20,0,90,0,미부착,제2유형,계약서(샘플),
655,별별스테이지,사진저작물(1987-2022),어린이 예술학교_1기 1차,국립극장 예술교육팀,2017-08-02 ~ 2017-08-05,0,53,0,미부착,제2유형,계약서(샘플),
656,별별스테이지,사진저작물(1987-2022),어린이 예술학교_2기 1차,국립극장 예술교육팀,2017-08-02 ~ 2017-08-05,0,46,0,미부착,제2유형,계약서(샘플),
657,별별스테이지,사진저작물(1987-2022),어린이 예술학교_1기 2차,국립극장 예술교육팀,2017-08-02 ~ 2017-08-05,0,112,0,미부착,제2유형,계약서(샘플),
658,별별스테이지,사진저작물(1987-2022),어린이 예술학교_2기 2차,국립극장 예술교육팀,2017-08-02 ~ 2017-08-05,0,84,0,미부착,제2유형,계약서(샘플),
659,별별스테이지,사진저작물(1987-2022),어린이 예술학교_1기 3차,국립극장 예술교육팀,2017-08-02 ~ 2017-08-05,0,108,0,미부착,제2유형,계약서(샘플),
660,별별스테이지,사진저작물(1987-2022),어린이 예술학교_2기 3차,국립극장 예술교육팀,2017-08-02 ~ 2017-08-05,0,118,0,미부착,제2유형,계약서(샘플),
661,별별스테이지,사진저작물(1987-2022),어린이 예술학교_1기 4차,국립극장 예술교육팀,2017-08-02 ~ 2017-08-05,0,111,0,미부착,제2유형,계약서(샘플),
662,별별스테이지,사진저작물(1987-2022),어린이 예술학교_2기 4차,국립극장 예술교육팀,2017-08-02 ~ 2017-08-05,0,79,0,미부착,제2유형,계약서(샘플),
663,별별스테이지,사진저작물(1987-2022),교사직무연수_1차,국립극장 예술교육팀,2017-08-09 ~ 2017-08-11,0,103,0,미부착,제2유형,계약서(샘플),
664,별별스테이지,사진저작물(1987-2022),교사직무연수_2차,국립극장 예술교육팀,2017-08-09 ~ 2017-08-11,0,120,0,미부착,제2유형,계약서(샘플),
665,별별스테이지,사진저작물(1987-2022),교사직무연수_3차,국립극장 예술교육팀,2017-08-09 ~ 2017-08-11,0,89,0,미부착,제2유형,계약서(샘플),
666,별별스테이지,사진저작물(1987-2022),문화동반자_오리엔테이션,국립극장 예술교육팀,2017-08-30 ~ 2017-11-21,0,83,0,미부착,제2유형,계약서(샘플),
667,별별스테이지,사진저작물(1987-2022),문화동반자_프로필,국립극장 예술교육팀,2017-08-30 ~ 2017-11-21,0,1,0,미부착,제2유형,계약서(샘플),
668,별별스테이지,사진저작물(1987-2022),문화동반자_문화탐방,국립극장 예술교육팀,2017-08-30 ~ 2017-11-21,0,31,0,미부착,제2유형,계약서(샘플),
669,별별스테이지,사진저작물(1987-2022),문화동반자_수료식,국립극장 예술교육팀,2017-08-30 ~ 2017-11-21,0,64,0,미부착,제2유형,계약서(샘플),
670,별별스테이지,사진저작물(1987-2022),국립극장 외국인 국악아카데미_수료식 및 수료공연,국립극장 예술교육팀,2017-08-30 ~ 2017-11-21,0,239,0,미부착,제2유형,계약서(샘플),
671,별별스테이지,사진저작물(1987-2022),문화동반자 특별공연-Better Together,국립극장 예술교육팀,2017-08-30 ~ 2017-11-21,0,119,0,미부착,제2유형,계약서(샘플),
672,별별스테이지,사진저작물(1987-2022),문화동반자 특별공연-Better Together_드레스리허설,국립극장 예술교육팀,2017-08-30 ~ 2017-11-21,0,219,0,미부착,제2유형,계약서(샘플),
673,별별스테이지,사진저작물(1987-2022),국립극장 외국인 국악아카데미_사물놀이,국립극장 예술교육팀,2017-08-30 ~ 2017-11-21,0,35,0,미부착,제2유형,계약서(샘플),
674,별별스테이지,사진저작물(1987-2022),국립극장 외국인 국악아카데미_판소리,국립극장 예술교육팀,2017-08-30 ~ 2017-11-21,0,68,0,미부착,제2유형,계약서(샘플),
675,별별스테이지,사진저작물(1987-2022),국립극장 외국인 국악아카데미_한국무용,국립극장 예술교육팀,2017-08-30 ~ 2017-11-21,0,47,0,미부착,제2유형,계약서(샘플),
676,별별스테이지,사진저작물(1987-2022),문화동반자_남이섬 초청공연,국립극장 예술교육팀,2017-08-30 ~ 2017-11-21,0,137,0,미부착,제2유형,계약서(샘플),
677,별별스테이지,사진저작물(1987-2022),문화동반자_서울아리랑페스티벌,국립극장 예술교육팀,2017-08-30 ~ 2017-11-21,0,102,0,미부착,제2유형,계약서(샘플),
678,별별스테이지,사진저작물(1987-2022),문화동반자_전주세계소리축제,국립극장 예술교육팀,2017-08-30 ~ 2017-11-21,0,148,0,미부착,제2유형,계약서(샘플),
679,별별스테이지,사진저작물(1987-2022),문화동반자_찾아가는 소리축제,국립극장 예술교육팀,2017-08-30 ~ 2017-11-21,0,37,0,미부착,제2유형,계약서(샘플),
680,별별스테이지,사진저작물(1987-2022),문화동반자_앙상블 연습,국립극장 예술교육팀,2017-08-30 ~ 2017-11-21,0,68,0,미부착,제2유형,계약서(샘플),
681,별별스테이지,사진저작물(1987-2022),문화동반자_국제국악연수 5일차,국립극장 예술교육팀,2017-08-30 ~ 2017-11-21,0,49,0,미부착,제2유형,계약서(샘플),
682,별별스테이지,사진저작물(1987-2022),문화동반자_국제국악연수 4일차,국립극장 예술교육팀,2017-08-30 ~ 2017-11-21,0,54,0,미부착,제2유형,계약서(샘플),
683,별별스테이지,사진저작물(1987-2022),문화동반자_국제국악연수 3일차,국립극장 예술교육팀,2017-08-30 ~ 2017-11-21,0,18,0,미부착,제2유형,계약서(샘플),
684,별별스테이지,사진저작물(1987-2022),문화동반자_국제국악연수 2일차,국립극장 예술교육팀,2017-08-30 ~ 2017-11-21,0,68,0,미부착,제2유형,계약서(샘플),
685,별별스테이지,사진저작물(1987-2022),문화동반자_국제국악연수 1일차,국립극장 예술교육팀,2017-08-30 ~ 2017-11-21,0,20,0,미부착,제2유형,계약서(샘플),
686,별별스테이지,사진저작물(1987-2022),국립극장 직장교육,"공연기획부, 교육전시부, 운영기획부 외",2018-01-01 ~ 2018-12-31,0,11,0,미부착,제2유형,계약서(샘플),
687,별별스테이지,사진저작물(1987-2022),민방위 훈련_409차,"공연기획부, 교육전시부, 운영기획부 외",2018-01-01 ~ 2018-12-31,0,7,0,미부착,제2유형,계약서(샘플),
688,별별스테이지,사진저작물(1987-2022),국립극장 직장교육,"공연기획부, 교육전시부, 운영기획부 외",2018-01-01 ~ 2018-12-31,0,20,0,미부착,제2유형,계약서(샘플),
689,별별스테이지,사진저작물(1987-2022),민방위 훈련_408차,"공연기획부, 교육전시부, 운영기획부 외",2018-01-01 ~ 2018-12-31,0,17,0,미부착,제2유형,계약서(샘플),
690,별별스테이지,사진저작물(1987-2022),재난 및 위기대응 심폐소생술 훈련,"공연기획부, 교육전시부, 운영기획부 외",2018-01-01 ~ 2018-12-31,0,44,0,미부착,제2유형,계약서(샘플),
691,별별스테이지,사진저작물(1987-2022),민방위 훈련_407차,"공연기획부, 교육전시부, 운영기획부 외",2018-01-01 ~ 2018-12-31,0,16,0,미부착,제2유형,계약서(샘플),
692,별별스테이지,사진저작물(1987-2022),국립극장 직장교육,"공연기획부, 교육전시부, 운영기획부 외",2018-01-01 ~ 2018-12-31,0,21,0,미부착,제2유형,계약서(샘플),
693,별별스테이지,사진저작물(1987-2022),국립극장 직장교육,"공연기획부, 교육전시부, 운영기획부 외",2018-01-01 ~ 2018-12-31,0,26,0,미부착,제2유형,계약서(샘플),
694,별별스테이지,사진저작물(1987-2022),민방위 훈련_406차,"공연기획부, 교육전시부, 운영기획부 외",2018-01-01 ~ 2018-12-31,0,22,0,미부착,제2유형,계약서(샘플),
695,별별스테이지,사진저작물(1987-2022),국립극장 겨울방학 어린이 예술학교_2기 4차,"국립극장 예술교육팀, 인쏠트",2018-01-03 ~ 2018-01-06,0,74,0,미부착,제2유형,계약서(샘플),
696,별별스테이지,사진저작물(1987-2022),국립극장 겨울방학 어린이 예술학교_1기 4차,"국립극장 예술교육팀, 인쏠트",2018-01-03 ~ 2018-01-06,0,62,0,미부착,제2유형,계약서(샘플),
697,별별스테이지,사진저작물(1987-2022),국립극장 겨울방학 어린이 예술학교_2기 3차,"국립극장 예술교육팀, 인쏠트",2018-01-03 ~ 2018-01-06,0,65,0,미부착,제2유형,계약서(샘플),
698,별별스테이지,사진저작물(1987-2022),국립극장 겨울방학 어린이 예술학교_1기 3차,"국립극장 예술교육팀, 인쏠트",2018-01-03 ~ 2018-01-06,0,48,0,미부착,제2유형,계약서(샘플),
699,별별스테이지,사진저작물(1987-2022),국립극장 겨울방학 어린이 예술학교_2기 2차,"국립극장 예술교육팀, 인쏠트",2018-01-03 ~ 2018-01-06,0,72,0,미부착,제2유형,계약서(샘플),
700,별별스테이지,사진저작물(1987-2022),국립극장 겨울방학 어린이 예술학교_1기 2차,"국립극장 예술교육팀, 인쏠트",2018-01-03 ~ 2018-01-06,0,80,0,미부착,제2유형,계약서(샘플),
701,별별스테이지,사진저작물(1987-2022),국립극장 겨울방학 어린이 예술학교_2기 1차,"국립극장 예술교육팀, 인쏠트",2018-01-03 ~ 2018-01-06,0,118,0,미부착,제2유형,계약서(샘플),
702,별별스테이지,사진저작물(1987-2022),국립극장 겨울방학 어린이 예술학교_1기 1차,"국립극장 예술교육팀, 인쏠트",2018-01-03 ~ 2018-01-06,0,107,0,미부착,제2유형,계약서(샘플),
703,별별스테이지,사진저작물(1987-2022),공연예술박물관 공연교실,공연예술박물관,2018-01-16 ~ 2018-01-27,0,64,0,미부착,제2유형,계약서(샘플),
704,별별스테이지,사진저작물(1987-2022),공연예술박물관 공연교실,공연예술박물관,2018-01-16 ~ 2018-01-27,0,48,0,미부착,제2유형,계약서(샘플),
705,별별스테이지,사진저작물(1987-2022),도란도란 이야기 꾸러미,국립극장 공연예술박물관,2018-01-20 ~ 2018-12-20,0,82,0,미부착,제2유형,계약서(샘플),
706,별별스테이지,사진저작물(1987-2022),도란도란 이야기 꾸러미,국립극장 공연예술박물관,2018-01-20 ~ 2018-12-20,0,91,0,미부착,제2유형,계약서(샘플),
707,별별스테이지,사진저작물(1987-2022),도란도란 이야기 꾸러미,국립극장 공연예술박물관,2018-01-20 ~ 2018-12-20,0,76,0,미부착,제2유형,계약서(샘플),
708,별별스테이지,사진저작물(1987-2022),국립극장 전통예술아카데미_판소리A,국립극장 예술교육팀,2018-03-05 ~ 2018-11-07,0,27,0,미부착,제2유형,계약서(샘플),
709,별별스테이지,사진저작물(1987-2022),국립극장 전통예술아카데미_수료식 및 수료공연,국립극장 예술교육팀,2018-03-05 ~ 2018-11-07,0,278,0,미부착,제2유형,계약서(샘플),
710,별별스테이지,사진저작물(1987-2022),국립극장 전통예술아카데미_판소리B,국립극장 예술교육팀,2018-03-05 ~ 2018-11-07,0,18,0,미부착,제2유형,계약서(샘플),
711,별별스테이지,사진저작물(1987-2022),국립극장 전통예술아카데미_승무,국립극장 예술교육팀,2018-03-05 ~ 2018-11-07,0,35,0,미부착,제2유형,계약서(샘플),
712,별별스테이지,사진저작물(1987-2022),국립극장 전통예술아카데미_사물놀이,국립극장 예술교육팀,2018-03-05 ~ 2018-11-07,0,37,0,미부착,제2유형,계약서(샘플),
713,별별스테이지,사진저작물(1987-2022),"국립극장 전통예술아카데미_기본, 입춤",국립극장 예술교육팀,2018-03-05 ~ 2018-11-07,0,33,0,미부착,제2유형,계약서(샘플),
714,별별스테이지,사진저작물(1987-2022),국립극장 전통예술아카데미_태평무,국립극장 예술교육팀,2018-03-05 ~ 2018-11-07,0,27,0,미부착,제2유형,계약서(샘플),
715,별별스테이지,사진저작물(1987-2022),국립극장 전통예술아카데미_소고춤,국립극장 예술교육팀,2018-03-05 ~ 2018-11-07,0,17,0,미부착,제2유형,계약서(샘플),
716,별별스테이지,사진저작물(1987-2022),국립극장 전통예술아카데미_부채산조,국립극장 예술교육팀,2018-03-05 ~ 2018-11-07,0,25,0,미부착,제2유형,계약서(샘플),
717,별별스테이지,사진저작물(1987-2022),국립극장 외국인 국악아카데미_수료식 및 수료공연,국립극장 예술교육팀,2018-03-21 ~ 2018-06-13,0,260,0,미부착,제2유형,계약서(샘플),
718,별별스테이지,사진저작물(1987-2022),국립극장 외국인 국악아카데미_한국무용,국립극장 예술교육팀,2018-03-21 ~ 2018-06-13,0,81,0,미부착,제2유형,계약서(샘플),
719,별별스테이지,사진저작물(1987-2022),국립극장 외국인 국악아카데미_판소리,국립극장 예술교육팀,2018-03-21 ~ 2018-06-13,0,61,0,미부착,제2유형,계약서(샘플),
720,별별스테이지,사진저작물(1987-2022),국립극장 외국인 국악아카데미_사물놀이,국립극장 예술교육팀,2018-03-21 ~ 2018-06-13,0,101,0,미부착,제2유형,계약서(샘플),
721,별별스테이지,사진저작물(1987-2022),공연예술전문가와 박물관 데이트,공연예술박물관,2018-04-26 ~ 2018-11-16,0,60,0,미부착,제2유형,계약서(샘플),
722,별별스테이지,사진저작물(1987-2022),공연예술전문가와 박물관 데이트,공연예술박물관,2018-04-26 ~ 2018-11-16,0,65,0,미부착,제2유형,계약서(샘플),
723,별별스테이지,사진저작물(1987-2022),국립극장 여름방학 어린이 예술학교_2기 3차,국립극장 예술교육팀,2018-08-01 ~ 2018-08-03,0,83,0,미부착,제2유형,계약서(샘플),
724,별별스테이지,사진저작물(1987-2022),국립극장 여름방학 어린이 예술학교_1기 3차,국립극장 예술교육팀,2018-08-01 ~ 2018-08-03,0,92,0,미부착,제2유형,계약서(샘플),
725,별별스테이지,사진저작물(1987-2022),국립극장 여름방학 어린이 예술학교_2기 2차,국립극장 예술교육팀,2018-08-01 ~ 2018-08-03,0,104,0,미부착,제2유형,계약서(샘플),
726,별별스테이지,사진저작물(1987-2022),국립극장 여름방학 어린이 예술학교_1기 2차,국립극장 예술교육팀,2018-08-01 ~ 2018-08-03,0,94,0,미부착,제2유형,계약서(샘플),
727,별별스테이지,사진저작물(1987-2022),국립극장 여름방학 어린이 예술학교_2기 1차,국립극장 예술교육팀,2018-08-01 ~ 2018-08-03,0,101,0,미부착,제2유형,계약서(샘플),
728,별별스테이지,사진저작물(1987-2022),국립극장 여름방학 어린이 예술학교_1기 1차,국립극장 예술교육팀,2018-08-01 ~ 2018-08-03,0,106,0,미부착,제2유형,계약서(샘플),
729,별별스테이지,사진저작물(1987-2022),교사직무연수,국립극장 예술교육팀,2018-08-08 ~ 2018-08-10,0,93,0,미부착,제2유형,계약서(샘플),
730,별별스테이지,사진저작물(1987-2022),교사직무연수,국립극장 예술교육팀,2018-08-08 ~ 2018-08-10,0,95,0,미부착,제2유형,계약서(샘플),
731,별별스테이지,사진저작물(1987-2022),교사직무연수,국립극장 예술교육팀,2018-08-08 ~ 2018-08-10,0,100,0,미부착,제2유형,계약서(샘플),
732,별별스테이지,사진저작물(1987-2022),국립극장 외국인 국악아카데미_한국무용,국립극장 예술교육팀,2018-09-17 ~ 2018-12-08,0,27,0,미부착,제2유형,계약서(샘플),
733,별별스테이지,사진저작물(1987-2022),국립극장 외국인 국악아카데미_판소리,국립극장 예술교육팀,2018-09-17 ~ 2018-12-08,0,24,0,미부착,제2유형,계약서(샘플),
734,별별스테이지,사진저작물(1987-2022),국립극장 외국인 국악아카데미_사물놀이,국립극장 예술교육팀,2018-09-17 ~ 2018-12-08,0,27,0,미부착,제2유형,계약서(샘플),
735,별별스테이지,사진저작물(1987-2022),무대미술가 프로젝트,공연예술박물관,2018-11-03 ~ 2018-11-24,0,62,0,미부착,제2유형,계약서(샘플),
736,별별스테이지,사진저작물(1987-2022),공연예술박물관 공연교실-브레멘 음악대 2차,공연예술박물관,2019-01-08 ~ 2019-01-12,0,33,0,미부착,제2유형,계약서(샘플),
737,별별스테이지,사진저작물(1987-2022),공연예술박물관 공연교실-브레멘 음악대 1차,공연예술박물관,2019-01-08 ~ 2019-01-12,0,31,0,미부착,제2유형,계약서(샘플),
738,별별스테이지,사진저작물(1987-2022),겨울방학 어린이 예술학교_2기 4차,국립극장 교육전시부 예술교육팀,2019-02-20 ~ 2019-02-23,0,65,0,미부착,제2유형,계약서(샘플),
739,별별스테이지,사진저작물(1987-2022),겨울방학 어린이 예술학교_1기 4차,국립극장 교육전시부 예술교육팀,2019-02-20 ~ 2019-02-23,0,77,0,미부착,제2유형,계약서(샘플),
740,별별스테이지,사진저작물(1987-2022),겨울방학 어린이 예술학교_2기 3차,국립극장 교육전시부 예술교육팀,2019-02-20 ~ 2019-02-23,0,48,0,미부착,제2유형,계약서(샘플),
741,별별스테이지,사진저작물(1987-2022),겨울방학 어린이 예술학교_1기 3차,국립극장 교육전시부 예술교육팀,2019-02-20 ~ 2019-02-23,0,49,0,미부착,제2유형,계약서(샘플),
742,별별스테이지,사진저작물(1987-2022),겨울방학 어린이 예술학교_2기 2차,국립극장 교육전시부 예술교육팀,2019-02-20 ~ 2019-02-23,0,67,0,미부착,제2유형,계약서(샘플),
743,별별스테이지,사진저작물(1987-2022),겨울방학 어린이 예술학교_1기 2차,국립극장 교육전시부 예술교육팀,2019-02-20 ~ 2019-02-23,0,70,0,미부착,제2유형,계약서(샘플),
744,별별스테이지,사진저작물(1987-2022),겨울방학 어린이 예술학교_2기 1차,국립극장 교육전시부 예술교육팀,2019-02-20 ~ 2019-02-23,0,80,0,미부착,제2유형,계약서(샘플),
745,별별스테이지,사진저작물(1987-2022),겨울방학 어린이 예술학교_1기 1차,국립극장 교육전시부 예술교육팀,2019-02-20 ~ 2019-02-23,0,90,0,미부착,제2유형,계약서(샘플),
746,별별스테이지,사진저작물(1987-2022),취미의 계절-가을 : 유희,국립극장 교육전시부 예술교육팀,2019-05-16 ~ 2019-05-23,0,89,0,미부착,제2유형,계약서(샘플),
747,별별스테이지,사진저작물(1987-2022),취미의 계절-가을 : 풍류,국립극장 교육전시부 예술교육팀,2019-05-16 ~ 2019-05-23,0,24,0,미부착,제2유형,계약서(샘플),
748,별별스테이지,사진저작물(1987-2022),취미의 계절-여름 : 유희,국립극장 교육전시부 예술교육팀,2019-05-16 ~ 2019-05-23,0,59,0,미부착,제2유형,계약서(샘플),
749,별별스테이지,사진저작물(1987-2022),취미의 계절-여름 : 풍류,국립극장 교육전시부 예술교육팀,2019-05-16 ~ 2019-05-23,0,57,0,미부착,제2유형,계약서(샘플),
750,별별스테이지,사진저작물(1987-2022),취미의 계절-봄 : 풍류,국립극장 교육전시부 예술교육팀,2019-05-16 ~ 2019-05-23,0,24,0,미부착,제2유형,계약서(샘플),
751,별별스테이지,사진저작물(1987-2022),취미의 계절-봄 : 유희,국립극장 교육전시부 예술교육팀,2019-05-16 ~ 2019-05-23,0,30,0,미부착,제2유형,계약서(샘플),
752,별별스테이지,사진저작물(1987-2022),교사직무연수-전통예술의 경험과 교육연극적 활용,국립극장 교육전시부 예술교육팀,2019-08-07 ~ 2019-08-09,0,70,0,미부착,제2유형,계약서(샘플),
753,별별스테이지,사진저작물(1987-2022),교사직무연수-전통예술의 경험과 교육연극적 활용,국립극장 교육전시부 예술교육팀,2019-08-07 ~ 2019-08-09,0,57,0,미부착,제2유형,계약서(샘플),
754,별별스테이지,사진저작물(1987-2022),국립극장 여름방학 어린이 예술학교-다함께 비빔밥_1기 수료식,국립극장 교육전시부 예술교육팀,2019-08-07 ~ 2019-08-10,0,91,0,미부착,제2유형,계약서(샘플),
755,별별스테이지,사진저작물(1987-2022),국립극장 여름방학 어린이 예술학교-다함께 비빔밥_2기 수료식,국립극장 교육전시부 예술교육팀,2019-08-07 ~ 2019-08-10,0,66,0,미부착,제2유형,계약서(샘플),
756,별별스테이지,사진저작물(1987-2022),국립극장 공연예술특강-우리네 이야기_김명곤,국립극장 교육전시부 예술교육팀,2019-10-17 ~ 2019-10-19,0,30,0,미부착,제2유형,계약서(샘플),
757,별별스테이지,사진저작물(1987-2022),국립극장 공연예술특강-우리네 이야기_김지원,국립극장 교육전시부 예술교육팀,2019-10-17 ~ 2019-10-19,0,49,0,미부착,제2유형,계약서(샘플),
758,별별스테이지,사진저작물(1987-2022),국립극장 공연예술특강-우리네 이야기_서아현,국립극장 교육전시부 예술교육팀,2019-10-17 ~ 2019-10-19,0,38,0,미부착,제2유형,계약서(샘플),
759,별별스테이지,사진저작물(1987-2022),국립극장 공연예술특강-우리네 이야기_송승환,국립극장 교육전시부 예술교육팀,2019-10-17 ~ 2019-10-19,0,23,0,미부착,제2유형,계약서(샘플),
760,별별스테이지,사진저작물(1987-2022),국립극장 공연예술특강-우리네 이야기_음마갱깽,국립극장 교육전시부 예술교육팀,2019-10-17 ~ 2019-10-19,0,40,0,미부착,제2유형,계약서(샘플),
761,별별스테이지,사진저작물(1987-2022),국립극장 공연예술특강-우리네 이야기_이희문,국립극장 교육전시부 예술교육팀,2019-10-17 ~ 2019-10-19,0,18,0,미부착,제2유형,계약서(샘플),
762,별별스테이지,사진저작물(1987-2022),여우락 아카데미,국립극장 예술교육팀,2021-07-05 ~ 2021-07-10,0,172,0,미부착,제2유형,계약서(샘플),
