철도산업정보센터 권리처리 목록,,,,,,,,,,,,,,,,
순번,사이트명,카테고리,URL,이름,파일명,설명,등록일,소재지,제공처,영상,사진,PDF,기존 공공누리 유형,최종 공공누리 유형,계약서 유무,비고
1,철도산업정보센터,HOME > 철도역사관 > 철도유물유적,http://www.kric.go.kr/jsp/board/portal/sub06/railArtifactsDetail.jsp?p_id1=M02040501&p_id2=65&p_id3=2011-11-04&q_name=all,등록문화재 제56호 대한통운 제천영업소 (大韓通運 堤川營業所),1_등록문화재 제56호 대한통운 제천영업소 (大韓通運 堤川營業所),철도 수화물처리와 관련된 복합(업무.숙소)형태의 화강석 완자형쌓기 석조건축물,,충북 제천시 화산동 238-9 외 2필지,문화재청,0,1,0,미부착,제1유형,X,저작물성 없음
2,철도산업정보센터,HOME > 철도역사관 > 철도유물유적,http://www.kric.go.kr/jsp/board/portal/sub06/railArtifactsDetail.jsp?p_id1=M02040501&p_id2=64&p_id3=2010-10-18&q_name=all,제336호 삼척 하고사리역사,2_제336호 삼척 하고사리역사,"1966년 마을 주민들이 건축한 시골 간이역으로 2006년말 한국철도시설공단의 철거계획에 대하여 주민들이 적극 반대하여 보존되었다 .하고사리역이 위치하고 있는 지역은 원래 마을의 중심지였으나 석탄채굴을 위해 도계광업소가 만들어 지면서 역사가 석탄채굴과 가까운 쪽으로 옮겨졌다. 일제의 수탈에 의해 철도역사와 마을과의 연계가 떨어지자 마을사람들이 역사의 필요성을 인지하고 합심하여 지어진 역사이다. 목구조와 슬레이트지붕의 평범한 건물이나, 주변경관과 지역성 그리고 주민들에 의해서 건립되어 개통 운영된 역사로서의 의미를 지니고 있다.",,강원도 삼척시 도계읍 고사리 60,철도박물관,0,1,0,미부착,제1유형,X,저작물성 없음
3,철도산업정보센터,HOME > 철도역사관 > 철도유물유적,http://www.kric.go.kr/jsp/board/portal/sub06/railArtifactsDetail.jsp?p_id1=M02040501&p_id2=63&p_id3=2010-10-18&q_name=all,제326호 문경 불정역사,3_제326호 문경 불정역사,1955년 건축된 불정역은 시골 간이역의 낭만적인 모습을 잘 간직하고 있는 역사로 높이 솟은 삼각형의 박공면을 두고 측면에 대합실이 있는 전형적인 간이역이다. 역사 하부는 화강석으로 설치하고 상부는 강자갈을 설치하여 다른 간이역과 다른 독특한 외관을 지니고 있다.,,경상북도 문경시 불정동 418번지,철도박물관,0,1,0,미부착,제1유형,X,저작물보호기간 만료
4,철도산업정보센터,HOME > 철도역사관 > 철도유물유적,http://www.kric.go.kr/jsp/board/portal/sub06/railArtifactsDetail.jsp?p_id1=M02040501&p_id2=62&p_id3=2010-10-18&q_name=all,제305호 보령 청소역사,4_제305호 보령 청소역사,청소역은 1929년 역원 배치 간이역으로 영업을 개시하여 1958년 9월 보통역으로 승격한 후 1961년에 지어진 벽돌조 역사이다. 원래의 명칭은 인근 마을의 이름을 따서 진죽역으로 불렀지만 1988년 ‘청소역’으로 변경되었다. 장항선에서 남아있는 역사 중에 가장 오래된 역사로서 희소적 가치가 있다. 한국전쟁 이후 근대 간이역사의 건축 앙식을 잘 보여주고 있다.,,충청남도 보령시 청소면 진죽리 343-1,철도박물관,0,1,0,미부착,제1유형,X,저작물보호기간 만료
5,철도산업정보센터,HOME > 철도역사관 > 철도유물유적,http://www.kric.go.kr/jsp/board/portal/sub06/railArtifactsDetail.jsp?p_id1=M02040501&p_id2=61&p_id3=2010-10-18&q_name=all,제304호 문경 가은역사,5_제304호 문경 가은역사,가은역은 1956년 9월 15일 석탄공사 은성광업소의 명칭에 따라 은성보통역으로 영업을 개시하였으며 1959년 2월 가은역으로 개칭하였다. 현재의 역사는 1955년 4월에 신축한 것으로 알려지고 있다. 박공지붕 형태를 보여주는 출입구는 양측에 세로로 긴 창문이 배치되어 있다. 주거지로 변용되면서 숙직실 끝 부분을 덧달아 내는 등 원형이 다소 변형되었다. 하지만 해방 후에 건축된 목조 역사로서 광복 이후 철도역사의 특징을 잘 나타내고 있다 .현재 폐선된 역사 중에서 특히 한때 번창했던 석탄 산업과 관련된 역사로서 희소적인 가치를 가지고 있다.,,경상북도 문경시 가은읍 왕릉리 536외,철도박물관,0,1,0,미부착,제1유형,X,저작물보호기간 만료
6,철도산업정보센터,HOME > 철도역사관 > 철도유물유적,http://www.kric.go.kr/jsp/board/portal/sub06/railArtifactsDetail.jsp?p_id1=M02040501&p_id2=60&p_id3=2010-10-18&q_name=all,제303호 대구 동촌역사,6_제303호 대구 동촌역사,"동존역은 1917년 11월1일 보통역으로 영업개시하여, 1928년 7월 1일 국철로 편입되어 1938년 대구 영천간 광궤선으로 개량되었다. 현재 대구선에는 원형을 유지하고 있는 역사로는 반야월역 동촌역 금호역이 있지만 그 중에서 동촌역이 원래의 원형을 잘 유지하고 있으며 지붕형태의 디자인도 탁월하다. 특히 철로변에서 보이는 박공지붕과 조정실의 작은 박공이 균형을 이루고 있다. 대합실의 천장은 ’ㅅ’형태로 마감되어 있으며 창호, 목구조 등은 원형의 모습을 그대로 보여주고 있어 1930년대 가장 잘 남아있는 우리나라의 대표적인 간이역으로 건축사적 가치를 가지고 있다. ",,대구광역시 동구 검사동 756-5 번지,철도역사관,0,1,0,미부착,제1유형,X,저작물보호기간 만료
7,철도산업정보센터,HOME > 철도역사관 > 철도유물유적,http://www.kric.go.kr/jsp/board/portal/sub06/railArtifactsDetail.jsp?p_id1=M02040501&p_id2=59&p_id3=2010-10-18&q_name=all,제302호 부산 송정역사,7_제302호 부산 송정역사,"1934.12.16 역원무배치 간이역으로 영업시작 1941.6.1 보통역으로 승격되었으며 1940년대의 전형적인 역사건축의 모습을 보이고 있다. 경사가 완만한 쉐드형 박공지붕을 우측 지붕 위에 얹어놓고 있으며 박공면에 반원형 표시판을 달고 있다. 쉐드 부분 아래 대합실과 입구가 있다. 출입문 상부에 캐노피가
달려 있고 이것은 가새에 의해 보강되었다. 가새는 두개씩 대어져 다른 역사에서 볼 수 없는 튼튼한 구조를 이루었다. 또한 차양 지붕의 처마는 목재로 몰딩 처리하여 우아한 모습을 보이고 있다. 전체적으로 비교적 원형을 유지하고 있다.",,부산광역시 해운대구 송정동 299-2 외,철도박물관,0,1,0,미부착,제1유형,X,저작물보호기간 만료
8,철도산업정보센터,HOME > 철도역사관 > 철도유물유적,http://www.kric.go.kr/jsp/board/portal/sub06/railArtifactsDetail.jsp?p_id1=M02040501&p_id2=58&p_id3=2010-10-18&q_name=all,제301호 여수 율촌역사,8_제301호 여수 율촌역사,"1930년 12월 25일 남조선철도주식회사의 영업개시와 동시에 건축되어 일반운수영업을 개시하였다. 역사의 왼쪽에 대합실이, 중앙부에는 역무실이, 이어서 부속실인 보관고(창고)가 돌출된 볼륨으로 만나게 되어 ’ㄴ’자형 평면을 나타내고 있다. 주요 목구조는 대부분 원형 그대로 남아있으며 특히 지붕은 모임지붕형태로 대합실, 사무실, 숙직실 순서대로 지붕의 높이를 낮게 하고 있다. 평면과 외형은 이미 등록문화재로 등록된 원장역사와 비슷하고 시기적으로도 같은 시기에 지어졌으며 1930년대 초기의 역사로서 근대철도건축사적 가치가 크다.",,전라남도 여수시 율촌면 조화리 58-2외,철도박물관,0,1,0,미부착,제1유형,X,저작물보호기간 만료
9,철도산업정보센터,HOME > 철도역사관 > 철도유물유적,http://www.kric.go.kr/jsp/board/portal/sub06/railArtifactsDetail.jsp?p_id1=M02040501&p_id2=57&p_id3=2010-10-18&q_name=all,제300호 서울 화랑대역사,9_제300호 서울 화랑대역사,건립 당시 역명은 ’태릉역’ 이었으나 1958년 ‘화랑대역’으로 개칭되었다. 서울시내에 위치한 근대 간이역으로 주변의 풍부한 수림으로 경관과 운치가 뛰어나다. 대부분의 간이역은 일자형 평면위에 십자형 박골지붕을 올려놓는 형태를 갖고 있으나 화랑대역은 다른 역과 달리 비대칭 삼각형을 강조한 박공지붕구조를 가진 희소성이 있다. 외형과 내부도 원래의 형태를 비교적 잘 간직하고 있다.,,서울특별시 노원구 공능동 29-51,철도박물관,0,1,0,미부착,제1유형,X,저작물보호기간 만료
10,철도산업정보센터,HOME > 철도역사관 > 철도유물유적,http://www.kric.go.kr/jsp/board/portal/sub06/railArtifactsDetail.jsp?p_id1=M02040501&p_id2=56&p_id3=2010-10-18&q_name=all,제299호 나주 남평역사,10_제299호 나주 남평역사,"1930년 12월 간이역으로 영업 개시, 1948년 5월 보통역 승격, 1950년 여순반란사건으로 소실되어 1956년 7월 신축되었다. 광장 쪽 건물 후면은 입면이 비교적 단순하며 역무실 돌출부분 지붕이 맞배가 아니라 모임 지붕을 하고 있는것이 이례적이다. 지붕재는 주름 함석이지만 증축부분은 패널형이다. 대합실이 있는 박공면 아래에 캐노피를 덧대었고 좌측은 창문이며 초기에는 목재창호였지만 지금은 알루미늄섀시로 바뀌었다. 철로변의 입면은 비교적 다앙한 건축형태를 나타내고 있다. 대합실 위의 박공지붕과 건물의 장방향과 교차되는 박공, 억무실 앞부분의 돌출공간을 덧씌우고 있는 지붕, 그리고 대합실 앞의 길다란 차양지붕이 건물형태를 뚜렷하게 나타내고 있다. 차양지붕을 받치고 있는 기둥은 천정 부문에서 가새를 대어 힘을 받게 했다.",,전라남도 나주시 남녕읍 광촌리 549 외,철도박물관,0,1,0,미부착,제1유형,X,저작물보호기간 만료
11,철도산업정보센터,HOME > 철도역사관 > 철도유물유적,http://www.kric.go.kr/jsp/board/portal/sub06/railArtifactsDetail.jsp?p_id1=M02040501&p_id2=55&p_id3=2010-10-18&q_name=all,제298호 삼척 도경리역사,11_제298호 삼척 도경리역사,"역사는 출입구에 박공지붕형태의 케노피를 두어 정면성을 강조하고 있으며 철로 면에 돌출된 조정실에도 작은 박공지붕을 두고있는 반면, 출입구에는 박공지붕 없이 차양지붕만 달려있는 단순한 모습을 보여주고 있어 특이 하다. 1939년에 건립된 도경리 역은 영동선에 남아있는 역사중에 가장 오래된 역사로서 희소가치가 크다.",,"강원도 삼척시 도경동 산37-3, 182외",철도박물관,0,1,0,미부착,제1유형,X,저작물보호기간 만료
12,철도산업정보센터,HOME > 철도역사관 > 철도유물유적,http://www.kric.go.kr/jsp/board/portal/sub06/railArtifactsDetail.jsp?p_id1=M02040501&p_id2=54&p_id3=2010-10-18&q_name=all,제297호 영동 심천역사,12_제297호 영동 심천역사,심천역은 1905년 보통역으로 영업을 개시하여 1920년에 역사가 신축되었으나 1934년 복선공사에 의하여 이전 신축되었다. 역사는 ‘ㅡ’자형 평면형태를 하고 있으며 대합실 출입구에 박공지붕을 틀어 정면성을 강조 하고 있다. 본체의 박공부분의 입구 창호 등은 원형을 그대로 유지하고 있으며 철로변의 대합실출입구에는 차양지붕을 덧 달아낸 형태로 본채의 지붕과 단차를 두고있어 입체감을 주고 있다. 현재 경부선에서 원형이 잘 보존되어있는 역사로 손꼽힐 만하다.,,충청북도 영동군 심천면 심천리 318-43 외,철도박물관,0,1,0,미부착,제1유형,X,저작물보호기간 만료
13,철도산업정보센터,HOME > 철도역사관 > 철도유물유적,http://www.kric.go.kr/jsp/board/portal/sub06/railArtifactsDetail.jsp?p_id1=M02040501&p_id2=53&p_id3=2010-10-18&q_name=all,제296호 양평 구둔역사,13_제296호 양평 구둔역사,구둔역은 1940년 4월1일 보통역으로 영역을 개시하였다. 장방면 평면에 T 자형 지붕을 하고 있으며 출입구 부문은 박공형태로 되어 있다. 철로 면에는 차양지붕을 달았으며 튀어나온 조정실의 지붕은 작은 박공지붕으로 원래의 모습을 간직하고 있다. 건물 내부의 주요 구조재 또한 원래의 것 그대로 남아있으며 무엇보다도 그 주변 경관이 아름다워 역사와 잘 어우러져 있다.,,경기도 앙평군 지제면 일신리 1336-2외,철도박물관,0,1,0,미부착,제1유형,X,저작물보호기간 만료
14,철도산업정보센터,HOME > 철도역사관 > 철도유물유적,http://www.kric.go.kr/jsp/board/portal/sub06/railArtifactsDetail.jsp?p_id1=M02040501&p_id2=52&p_id3=2010-10-18&q_name=all,제295호 남양주 팔당역사,14_제295호 남양주 팔당역사,"1939년 4월1일 보통역으로 영업을 개시 하였으며 보기 드물게 플랫폼에 노선을 따라 설치되어 있는 일자형의 장방형 역사로서 희소적 가치가 있다. 비교적 원형을 잘 간직하고 있으며 내부공간은 전면부를 대합실, 후반부를 사무실과 숙직실로 사용하고 있다. 또한, 내부공간은 다소 변형되었으나 주요 구조재는 그대로 유지되고 있어 당시의 철도역사건축을 이해하는데 중요한 자료이다.",,경기도 남양주시 와부읍 팔당리 98-1외,철도박물관,0,1,0,미부착,제1유형,X,저작물보호기간 만료
15,철도산업정보센터,HOME > 철도역사관 > 철도유물유적,http://www.kric.go.kr/jsp/board/portal/sub06/railArtifactsDetail.jsp?p_id1=M02040501&p_id2=51&p_id3=2010-10-18&q_name=all,제294호 고양 일산역사,15_제294호 고양 일산역사,일산역은 1933년에 준공되었다. 일산 신도시 한가운데 일제강점기 역사가 남아있다는 것 자체가 희소가치를 지닌다. 지붕의 형태는 일자형 평면위에 십자형 박공지붕을 올려놓은 형태이며 정면에서 보이는 박공부위는 비교적 목이 넓은 반면에 높이는 낮아 1930년대에 건설 된 경부선의 다른 역들과 비교된다.,,경기도 고양시 일산구 일산2동 655-35,철도박물관,0,1,0,미부착,제1유형,X,저작물보호기간 만료
16,철도산업정보센터,HOME > 철도역사관 > 철도유물유적,http://www.kric.go.kr/jsp/board/portal/sub06/railArtifactsDetail.jsp?p_id1=M02040501&p_id2=50&p_id3=2010-10-18&q_name=all,제270호 대구 반야월역사,16_제270호 대구 반야월역사,"대구선 동촌역과 정천역 사이에 위치하는 역사로 1932년에 건립되었다. 장방형 평면에 승객용 대합실과 역무실로 구성되었으며 외관은 대합실 부분에 삼각형의 박공지붕을 돌출시켜 정면성을 강조하였다. 원형 또한 잘 보존되어 있는 건물로 철도사적, 건축적 가치가 있다.",,"대구광역시 동구 신기동 1-6, 3-3, 865-2",철도박물관,0,1,0,미부착,제1유형,X,저작물보호기간 만료
17,철도산업정보센터,HOME > 철도역사관 > 철도유물유적,http://www.kric.go.kr/jsp/board/portal/sub06/railArtifactsDetail.jsp?p_id1=M02040501&p_id2=49&p_id3=2010-10-18&q_name=all,제208호 군산 임피역사,17_제208호 군산 임피역사,"1936년경 군산선의 철도 역사로 건립된 건물로, 당시 농촌지역 소규모 간이역사의 전형적 건축형식과 기법을 잘 보여주며, 원형 또한 비교적 잘 보존되어 있어 건축적, 철도사적 가치가 있다.",,전라북도 군산시 임피면 술산리 226-127,철도박물관,0,1,0,미부착,제1유형,X,저작물보호기간 만료
18,철도산업정보센터,HOME > 철도역사관 > 철도유물유적,http://www.kric.go.kr/jsp/board/portal/sub06/railArtifactsDetail.jsp?p_id1=M02040501&p_id2=48&p_id3=2010-10-18&q_name=all,제210호 익산 춘포역사,18_제210호 익산 춘포역사,"1914 년에 건립되어 대장역이라 명명된 역사 건물로, 1996년 춘포역으로 개칭되었다. 슬레이트를 얹은 박공지붕의 목조 구조로서 소규모 철도역사의 전형을 잘 보여주고 있으며, 현존하는 최고(最古)의 역사로 역사적, 건축적, 철도사적 가치가 있다.",,전라북도 익산시 춘포면 덕실리 481-3,철도박물관,0,1,0,미부착,제1유형,X,저작물보호기간 만료
19,철도산업정보센터,HOME > 철도역사관 > 철도유물유적,http://www.kric.go.kr/jsp/board/portal/sub06/railArtifactsDetail.jsp?p_id1=M02040501&p_id2=47&p_id3=2010-10-18&q_name=all,제208호 군산 임피역사,19_제208호 군산 임피역사,"1936년경 군산선의 철도 역사로 건립된 건물로, 당시 농촌지역 소규모 간이역사의 전형적 건축형식과 기법을 잘 보여주며, 원형 또한 비교적 잘 보존되어 있어 건축적, 철도사적 가치가 있다.",,전라북도 군산시 임피면 술산리 226-127,철도박물관,0,1,0,미부착,제1유형,X,저작물보호기간 만료
20,철도산업정보센터,HOME > 철도역사관 > 철도유물유적,http://www.kric.go.kr/jsp/board/portal/sub06/railArtifactsDetail.jsp?p_id1=M02040501&p_id2=46&p_id3=2010-10-18&q_name=all,제192호 경남 진해역사,20_제192호 경남 진해역사,"진해는 일제에 의하여 해양 군사도시로 개발되었으며 당시 철도는 진해와 내륙을 연결하는 중요한 교통수단이었다. 1926년에 건립된 진해역사는 당시 건립된 일반 적인 지방 역사의 형식과 규모가 온전히 남아있어 역사적, 건축적 가치가 있다.",,경상남도 진해시 여좌동 761- 474,철도박물관,0,1,0,미부착,제1유형,X,저작물보호기간 만료
21,철도산업정보센터,HOME > 철도역사관 > 철도유물유적,http://www.kric.go.kr/jsp/board/portal/sub06/railArtifactsDetail.jsp?p_id1=M02040501&p_id2=45&p_id3=2010-10-18&q_name=all,제165호 원주 반곡역사,21_제165호 원주 반곡역사,"일제강점기 말 소규모 지방 철도역사의 분위기를 지금도 잘 보여주고 있는 건축물이다. MBC 베스트극장에서 몬트하임역으로도 출연한 바가 있는 등 영화나 드라마의 배경으로 간혹 이용되고 있고, 벚꽃이 필 때는 휴식 장소로도 사용된다. 근대기 수입된 서양목조건축기술의 일면을 볼 수 있을 뿐 아니라 한국전쟁 시 인민군의 장악과 전투가 있었던 곳으로 전쟁의 흔적을 볼 수 있다.",,강원도 원주시 반곡동 154-2,철도박물관,0,1,0,미부착,제1유형,X,저작물보호기간 만료
22,철도산업정보센터,HOME > 철도역사관 > 철도유물유적,http://www.kric.go.kr/jsp/board/portal/sub06/railArtifactsDetail.jsp?p_id1=M02040501&p_id2=44&p_id3=2010-10-18&q_name=all,제136호 서울 신촌역사,22_제136호 서울 신촌역사,"1906년 용산~신의주간 개통된 경의선에 부속된 철도역사인 신촌역사는 1920-30년대의 조적법 목재지붕틀, 창호, 굴뚝 등의 원형이 잘 남아있으며 지금도 철도역사로 사용되고 있다. 이 시기 철도역사의 전형적 유형인 맞배지붕에 삼각형의 박공을 강조한 지붕, 대합실과 역무실로 크게 양분되는 평면 등이 잘 표현되어 있어 건축적 보존가치가 크다. 또한 이 지역이 1920년대 서울의 교외로서 새롭게 개발되었다는 도시사적 의미 또한 확인할 수 있다. 서울시내에 원래의 모습으로 남아있는 흔치않은 교외역사 건축물이다.",,"서울특별시 서대문구 대현동 74-12, 74-21",철도박물관,0,1,0,미부착,제1유형,X,저작물보호기간 만료
23,철도산업정보센터,HOME > 철도역사관 > 철도유물유적,http://www.kric.go.kr/jsp/board/portal/sub06/railArtifactsDetail.jsp?p_id1=M02040501&p_id2=43&p_id3=2010-10-18&q_name=all,제128호 전남 원창역사,23_제128호 전남 원창역사,70년 이상의 역사를 갖고 있는 비교적 오래된 역사 건물로 전국적으로 목조 단층 역사가 거의 남아있지 않은 상황에서 그 가치가 돋보이는 건물이다. 조선층독부가 전국 주요도시에 내린 조선시가지계획령이 시행됨에 따라 이에 준하여 설계 시공된 철도역사로서 일제강점기 표준설계도서에 따라 건립되어 그 특성을 고스란히 간직하고 있어 학술적 가치가 있다.,,전라남도 순천시 별량면 동송리 559,철도박물관,0,1,0,미부착,제1유형,X,저작물보호기간 만료
24,철도산업정보센터,HOME > 철도역사관 > 철도유물유적,http://www.kric.go.kr/jsp/board/portal/sub06/railArtifactsDetail.jsp?p_id1=M02040501&p_id2=42&p_id3=2010-10-18&q_name=all,제122호 전남 구 곡성역사,24_제122호 전남 구 곡성역사,"1933년 전라선 개통으로 지어진 곡성역의 역사건물로 당시 표준형 역사의 원형을 잘 보존하고 있다. 1999년 2월 25일 전라선 개량공사 완공에 따라 전라선이 이설되고 곡성역이 신설되면서 역사로서의 기능은 사라졌으나 역사 및 주변 건물이 잘 남아있어 근대기 역사 환경을 추억할 수 있는 건축물이다. 현재는 곡성군에서 ""심청골 철도공원""으로 조성하여 전라선 구 선로에 증기기관차열차 운행, 레일바이크 및 기차카페 등을 운영하는 관광지로 활용되고 있다.",,전라남도 곡성군 오곡면 오지리 770-5,철도박물관,0,1,0,미부착,제1유형,X,저작물보호기간 만료
25,철도산업정보센터,HOME > 철도역사관 > 철도유물유적,http://www.kric.go.kr/jsp/board/portal/sub06/railArtifactsDetail.jsp?p_id1=M02040501&p_id2=41&p_id3=2010-10-18&q_name=all,제105호 울산 남창역사,25_제105호 울산 남창역사,"1935년에 건축된 소규모 목조 철도역사로 건물 후면부 지붕의 중앙부에 두개의 박공을 중칩시켜 역사형태와 정면성을 강조한것이 특징적이다. 일제 강점기의 지방 역사의 형식, 구조 및 공간구성을 잘 보여주는 건물이다.",,울산광역시 울주군 온양읍 남창리 42-33,철도박물관,0,1,0,미부착,제1유형,X,저작물보호기간 만료
26,철도산업정보센터,HOME > 철도역사관 > 철도유물유적,http://www.kric.go.kr/jsp/board/portal/sub06/railArtifactsDetail.jsp?p_id1=M02040501&p_id2=40&p_id3=2010-10-18&q_name=all,국가지정문화재 사적 제284호 구 서울역사,26_국가지정문화재 사적 제284호 구 서울역사,"동경대 교수였던 일본인 쓰가모토야스시가 설계하고 1922.6월 착공하여 1925년 9월 준공된 지하 1층 지상 2층 연면적 3,325㎡의 석재가 혼합된 벽돌식 역 건물로 1층은 르네상스 궁전건축 기법으로 처리하고 1층 윗부분과 2층은 붉은 벽돌로 쌓고, 부분적으로 화강석을 장식하여 마감하였다.",,서울 중구 봉래동2가 122,철도박물관,0,1,0,미부착,제1유형,X,저작물보호기간 만료
27,철도산업정보센터,HOME > 철도역사관 > 철도유물유적,http://www.kric.go.kr/jsp/board/portal/sub06/railArtifactsDetail.jsp?p_id1=M02040501&p_id2=39&p_id3=2010-10-15&q_name=all,제21호 태백 철암역두선탄시설,27_제21호 태백 철암역두선탄시설,일제시대 만들어진 국내 최초 무언탄 선탄시설로서 지금까지 사용하고 있으며 일제강점기 석탄산업 시설의 원형을 보여주며 . 우리나라 석탄산업의 발자취를 느낄 수 있음. 이 지역의 발전과 함께 한 무연탄시설물로 시대와 지역을 상징하는 중요한 시설물임.,,강원도 태백시 철암동 365-1 번지 외 1 8 필지,철도박물관,0,1,0,미부착,제1유형,X,저작물보호기간 만료
28,철도산업정보센터,HOME > 철도역사관 > 철도유물유적,http://www.kric.go.kr/jsp/board/portal/sub06/railArtifactsDetail.jsp?p_id1=M02040501&p_id2=38&p_id3=2010-10-15&q_name=all,제285호 칠곡 구 왜관터널,28_제285호 칠곡 구 왜관터널,"1905년 개통된 석조와 붉은벽돌로 된 말굽형 터널이다. 터널은 보존상태가 양호하며, 경부선 복선화사업으로 노선이 바뀌어 현재는 칭고로 사용되고 있다. 터널입구는 화강석으로 마감되었으며, 입구 아치는 정점에 이맛돌(kyestone)을 둔 반원형 아치모양을 하고있다. 터널내부 하단은 시각적 안정감을 위하여 화강석 견치석 쌓기를, 상부는 붉은 벽돌로 정교하게 쌓았다. 이 터널은 우리나라 근대기 철도역사를 보여주는 매우 귀중한 자료로서의 가치가 있다.",,"경상북도 칠곡군 왜관읍 석전리 882-61, 65",철도박물관,0,1,0,미부착,제1유형,X,저작물보호기간 만료
29,철도산업정보센터,HOME > 철도역사관 > 철도유물유적,http://www.kric.go.kr/jsp/board/portal/sub06/railArtifactsDetail.jsp?p_id1=M02040501&p_id2=37&p_id3=2010-10-15&q_name=all,제204호 밀양 상동터널,29_제204호 밀양 상동터널,"1905년 이전에 건립된 것으로 추정되는 길이가 각각40m. 60m 인 2 기의 터널로, 경부선 개통( 1905년)을 위해 건립되었으며 1960년대 초 경부선 철도 노선이 변경되면서, 이후 바닥의 철로 자리를 콘크리트로 포장하여 현재 자동차와 보행자 통행용 터널로 이용되고 있다. 이 터널은 견치석과 적벽돌을 사용하여 축조한 조적조 철도터널로, 콘크리트조 철도터널이 보급되기 이전의 터널 구조기술과 형태를 잘 보여주고 있어 건설기술사적, 재료사적, 철도사적 가치가 있다.",,경상남도 밀앙시 상동면 안인리 및 옥산리,철도박물관,0,1,0,미부착,제1유형,X,저작물보호기간 만료
30,철도산업정보센터,HOME > 철도역사관 > 철도유물유적,http://www.kric.go.kr/jsp/board/portal/sub06/railArtifactsDetail.jsp?p_id1=M02040501&p_id2=36&p_id3=2010-10-15&q_name=all,제138호 중앙선 원주역 급수탑,30_제138호 중앙선 원주역 급수탑,1940년 개통된 중앙선 원주역 급수탑은 높이 18m 이며 상부 지름이 하부 지름 ( 4.5m) 보다 큰 원후형으로 뿔을 잘라낸 형상이다 1930년대 이전에 건축된 석조급수탑과 구별되는 일제 강점기 후반에 건축된 철근콘크리트조 급수탑으로 1940년대 급수탑의 전형적인 모습을 가지고 있는 급수탑이다.,,강원도 원주시 학성동 357-18,철도박물관,0,1,0,미부착,제1유형,X,저작물보호기간 만료
31,철도산업정보센터,HOME > 철도역사관 > 철도유물유적,http://www.kric.go.kr/jsp/board/portal/sub06/railArtifactsDetail.jsp?p_id1=M02040501&p_id2=35&p_id3=2010-10-15&q_name=all,제63호 호남선 구 학교역 급수탑,31_제63호 호남선 구 학교역 급수탑,"1921년 건립되어 기관차 급수시설로 사용된 급수탑으로 호남지역 서남부에서 유일하다 재료가 당시로는 드문 석조로 축조되었으며, 이 급수탑이 설치된 학다리역은 노선의 변경므로 폐쇄되었으나 근대화과정에서 중요한 역할을 수행했던 교통사적 요충지이며 여기에 위치한 급수탑은 철도시설물로서의 기념비적 가치를 갖고 있음.",,전라남도 함평군 학교면 학교리 878-30,철도박물관,0,1,0,미부착,제1유형,X,저작물보호기간 만료
32,철도산업정보센터,HOME > 철도역사관 > 철도유물유적,http://www.kric.go.kr/jsp/board/portal/sub06/railArtifactsDetail.jsp?p_id1=M02040501&p_id2=34&p_id3=2010-10-15&q_name=all,제50호 중앙선 영천역 급수탑,32_제50호 중앙선 영천역 급수탑,1937년에 설치된 것으로 구조체 뿐 아니라 출입문 형태를 그대로 원형을 잘 간직하고 있는 등 전형적인 급수탑의 형식을 잘 보여주고 있으며 6 . 25 동란 시 맞은 총탄의 흔적이 남아있어 역사적 의미도 있음.,,경상북도 영천시 완산동 936-4,철도박물관,0,1,0,미부착,제1유형,X,저작물보호기간 만료
33,철도산업정보센터,HOME > 철도역사관 > 철도유물유적,http://www.kric.go.kr/jsp/board/portal/sub06/railArtifactsDetail.jsp?p_id1=M02040501&p_id2=33&p_id3=2010-10-15&q_name=all,제49호 중앙선 안동역 급수탑,33_제49호 중앙선 안동역 급수탑,"1940년에 설치된 시설물로 보존상태가 앙호하며 외부 형태는 12 각형으로 다른 급수탑에 비해 형태가 독특하고, 기계실 천정이 돔형으로 처리되어 있는 등 전형적인 급수탑의 형태를 보여주고 있음.",,경상북도 안동시 운흥동 214-3,철도박물관,0,1,0,미부착,제1유형,X,저작물보호기간 만료
34,철도산업정보센터,HOME > 철도역사관 > 철도유물유적,http://www.kric.go.kr/jsp/board/portal/sub06/railArtifactsDetail.jsp?p_id1=M02040501&p_id2=32&p_id3=2010-10-15&q_name=all,제48호 호남선 연산역 급수탑,34_제48호 호남선 연산역 급수탑,"현재 남아있는 급수탑 가운데 연대가 가장 오래된 것으로 급수탑 재료를 석재를 사용한 것이 큰 특징으로서 몸체는 화강석을 쌓았으며 외곽 테두리를 정교하게 다듬고, 나머지 부분을 거칠게 다듬은 모양을 하고 있음. 급수탑 출입구 부분은 아치로 마감하고 이맛돌(Key Stone)의 모양이 매우 정교하며 그 앞의 우물도 화강석 쌓기로 잘 다듬어져 있음.",,충청남도 논산시 연산면 청동리 127-74,철도박물관,0,1,0,미부착,제1유형,X,저작물보호기간 만료
35,철도산업정보센터,HOME > 철도역사관 > 철도유물유적,http://www.kric.go.kr/jsp/board/portal/sub06/railArtifactsDetail.jsp?p_id1=M02040501&p_id2=31&p_id3=2010-10-15&q_name=all,제47호 경부선 추풍령역 급수탑,35_제47호 경부선 추풍령역 급수탑,"표준화된 급수탑 유형이 정해지기 이전인 1939년 건축된 과도기적 급수탑으로 방형의 평면을 이루고 있음. 기계실 안에 당시 증기기관차에 물을 공급하던 워싱턴 펌프와 급수에 필요한 물을 끌어들인 연못 및 배관시설 등 급수시설이 원형대로 잘 보존되어 있는 상태이며, 6.25동란시 총탄흔적이 있어 역사적 의미를 갖고 있음. 전체적인 입면구성은 기단부와 기계실 몸통부, 물탱크로 이루어져 있다.",,충청북도 영동군 추풍령면 추풍령리 336-1,철도박물관,0,1,0,미부착,제1유형,X,저작물보호기간 만료
36,철도산업정보센터,HOME > 철도역사관 > 철도유물유적,http://www.kric.go.kr/jsp/board/portal/sub06/railArtifactsDetail.jsp?p_id1=M02040501&p_id2=30&p_id3=2010-10-15&q_name=all,제46호 삼척 도계역 급수탑,36_제46호 삼척 도계역 급수탑,1940년에 설치된 강윈도에 유일하게 남아있는 급수탑으로서 당시의 전형적인 급수탑 형식이며 선로 보다 4 미터가 높은 곳에 설치하여 다른 급수탑에 비해 낮으며(8m) 지붕에는 사방에 반원형 창문이 설치되어 있다.,,강원도 삼척시 도계읍 전두리 123,철도박물관,0,1,0,미부착,제1유형,X,저작물보호기간 만료
37,철도산업정보센터,HOME > 철도역사관 > 철도유물유적,http://www.kric.go.kr/jsp/board/portal/sub06/railArtifactsDetail.jsp?p_id1=M02040501&p_id2=29&p_id3=2010-10-15&q_name=all,제45호 경원선 연천역 급수탑,37_제45호 경원선 연천역 급수탑,"1914년 개통된 경원선 증기기관차 급수 시설로 경원선 의 중간지점인 연천역에 설치한 2 개의 급수탑이다 원통형과 상자형으로 각기 다르게 되어 있고, 상자형 급수탑은 콘크리트조로 외관에 줄눈을 그려 조적조인 것처럼 보이며 기단 . 몸동. 처마의 구성을 확실히 갖추고 있고, 출입구 부분은 아치형으로 이맛톨 (Key Stone) 을 만들어 놓았음. 또한 원동형 급수탑에는 출입구 반대쪽에 계기 조작판이 있으며 외부에는 6.25 동란 때 총탄혼적이 있다.",,경기도 연천군 연천읍 차탄2리,철도박물관,0,1,0,미부착,제1유형,X,저작물보호기간 만료
38,철도산업정보센터,HOME > 철도역사관 > 철도유물유적,http://www.kric.go.kr/jsp/board/portal/sub06/railArtifactsDetail.jsp?p_id1=M02040501&p_id2=28&p_id3=2010-10-15&q_name=all,제51호 경부선 삼랑진 급수탑,38_제51호 경부선 삼랑진 급수탑,"철로면 하부는 석조, 상부는 철근콘크리트조로 석조무늬를 표현하기 위해 줄눈을 설치하였다. 상부에는 철제 물탱크를 설치하였으며, 기계실 출입구는 별도의 지붕을 가진 포오치 형식으로 기계실 진입공간을 따로 확보하고 있으며, 기계실 진입부의 지붕틀은 골함석 지붕에 당시의 목조트러스 구조를 잘 나타내고 있음. 급수탑 재료가 석조에서 철근콘크리트조로 넘어가는 철도 급수탑의 시대별 변천과정을 잘 나타내주고 있는 철도역사상 귀중한 자료임.",,경남 밀양시 삼랑진읍 송지리 156-1,철도박물관,0,1,0,미부착,제1유형,X,저작물보호기간 만료
39,철도산업정보센터,HOME > 철도역사관 > 철도유물유적,http://www.kric.go.kr/jsp/board/portal/sub06/railArtifactsDetail.jsp?p_id1=M02040501&p_id2=27&p_id3=2010-10-15&q_name=all,제406호 칠곡 왜관철교,39_제406호 칠곡 왜관철교,"한국전쟁 때 북한군과 유엔군의 주력부대 간의 격전이 전개된 중심지역에 있는 이 철교는 남하하는 북한군을 저지하려고 미군 제 1 기병사단에 의해 경간 1 개가 폭파됨으로써 북한군의 추격을 따돌리는 역할을 한 유적으로, 한국전쟁 격전장의 중요한 상징물로서 역사적 가치가 크다. Ｉ형 콘크리트 교각으로 화강암을 감아 의장이 화려하고 지면에 닿는 부분을 아치형 장식과 붉은벽돌로 마감하는 등 근대 철도교에서 보기 드물게 장식성이 높으며 100년 이상 된 트러스교로서 보존 상태가 양호하여 교량사와 철도사적인 가치도 있다.",,경상북도 칠곡군 왜관읍 석전리 872 외,철도박물관,0,1,0,미부착,제1유형,X,저작물보호기간 만료
40,철도산업정보센터,HOME > 철도역사관 > 철도유물유적,http://www.kric.go.kr/jsp/board/portal/sub06/railArtifactsDetail.jsp?p_id1=M02040501&p_id2=26&p_id3=2010-10-15&q_name=all,제250호 한강절도교,40_제250호 한강절도교,"1900년에 건립된 제1철도교는 우리나라 최초의 철로인 경인철도 건설시 건립된 한강 최초의 다리이다. 이후 1912년에 제2철도교가, 1944년에 제3철도교가 건립되었다. 규모 및 구조는 제1철도교가 폭 5.6m. 길이 1,113.6m 의 단순 와렌 (warren)트러스, 제2철도교는 폭 5.6m. 길이 1,110.07m 의 단순 와렌 (warren) 트러스, 제3철도교는 폭 10m. 길이 1,113m 의 연속 더블 와렌 (warren) 트러스 구조이다. 6.25 전쟁으로 세 교랑 모두 폭파된 것을 1957년에 제3철도교를, 1969년에 제1,2철도교를 복구하여 오늘의 모습을 갖추게 되었다.",,서울시 용산구 이촌동 198-2,철도박물관,0,1,0,미부착,제1유형,X,저작물보호기간 만료
41,철도산업정보센터,HOME > 철도역사관 > 철도유물유적,http://www.kric.go.kr/jsp/board/portal/sub06/railArtifactsDetail.jsp?p_id1=M02040501&p_id2=25&p_id3=2010-10-15&q_name=all,제112호 금강산전기절도교량,41_제112호 금강산전기절도교량,이 교랑은 1926년 세워진 금강산 전기철도용 교랑이다. 금강산 전기철도는 철원역을 시발로 종착역인 내금강역까지 총 언장 116.6km 에 달했으며 일제강점기에는 지하자원 수탈 및 금강산 관광용으로 운행되다 해방이후 한국전쟁에서 북한에 의해 군수물자 수송에 사용되었다. 금강산 전기철도의 흔적을 그대로 간직하고 있으며 남북분단의 현실을 상징적으로 보여주고 있다. 일본회사인 철춘철도주식회사에 의해 부설되었다.,,"강원 철원군 김화읍 도창리, 갈말읍 정연리",철도박물관,0,1,0,미부착,제1유형,X,저작물보호기간 만료
42,철도산업정보센터,HOME > 철도역사관 > 철도유물유적,http://www.kric.go.kr/jsp/board/portal/sub06/railArtifactsDetail.jsp?p_id1=M02040501&p_id2=24&p_id3=2010-10-15&q_name=all,제79호 경의선 장단역 죽음의 다리,42_제79호 경의선 장단역 죽음의 다리,"비무장지대 안, 장단역의 진입부근에 있는 철길을 동서를 언결하는 다리이다.  “죽음의 다리”라는 명칭은 북한군에 의하여 피살된 미군들 때문에 붙여진 이름으로, 한국전쟁, 남북분단 및 통일을 아우르는 역사적 의미를 갖는다.",,경기도 파주시 장단면 도라산리 894,철도박물관,0,1,0,미부착,제1유형,X,저작물보호기간 만료
43,철도산업정보센터,HOME > 철도역사관 > 철도유물유적,http://www.kric.go.kr/jsp/board/portal/sub06/railArtifactsDetail.jsp?p_id1=M02040501&p_id2=23&p_id3=2010-10-15&q_name=all,제59호 영동 노근리 쌍굴다리,43_제59호 영동 노근리 쌍굴다리,경부선 철도 개통과 합께 개근천 위에 축조된 아치형 쌍굴 철도교각으로서 한국전쟁시 많은 앙민들이 피살된 아픈 상처를 간직하고 있는 장소이다.,,충청북도 영동군 황간면 노근리 860-7,철도박물관,0,1,0,미부착,제1유형,X,저작물보호기간 만료
44,철도산업정보센터,HOME > 철도역사관 > 철도유물유적,http://www.kric.go.kr/jsp/board/portal/sub06/railArtifactsDetail.jsp?p_id1=M02040501&p_id2=22&p_id3=2010-10-15&q_name=all,제428호 용산철도병원,44_제428호 용산철도병원,"1928년 철근콘크리트조 적벽돌 마감으로 재건된 지상 2층 규모의 건축물로, 일제강점기 철도기지로서 신시가지로 개발되었던 용산을 상징적으로 보여주는 건축물이다. 건립 당시의 구조, 재료, 공간구성을 간직하였으며, 절제된 장식과 함께 서양의 고전적 양식에서 근대건축으로 옮겨가는 과도기적 특성을 보여주고 있다.",,서울시 용산구 한강로 3가 65-154 번지,철도박물관,0,1,0,미부착,제1유형,X,저작물보호기간 만료
45,철도산업정보센터,HOME > 철도역사관 > 철도유물유적,http://www.kric.go.kr/jsp/board/portal/sub06/railArtifactsDetail.jsp?p_id1=M02040501&p_id2=21&p_id3=2010-10-15&q_name=all,제269호 청량리역 검수차고,45_제269호 청량리역 검수차고,1938년에 건립되어 청량리역의 전차대를 거쳐 기관차를 수리 및 보관하는 차고로 사용된 건물로 총 27칸이며 반원형의 방사상으로 배열된 형태였으나 차량의 방향을 돌리는 턴테이블과 우측부 10칸이 철거되어 현재는 17칸이 남아있다. 우리나라 철도건축사에서 유일하게 보여지는 철도차량 정비시설로 근대사적 철도사적 가치가 있다.,,서울특별시 동대문구 전농 2 동 587 외 1 필지,철도박물관,0,1,0,미부착,제1유형,X,저작물보호기간 만료
46,철도산업정보센터,HOME > 철도역사관 > 철도유물유적,http://www.kric.go.kr/jsp/board/portal/sub06/railArtifactsDetail.jsp?p_id1=M02040501&p_id2=20&p_id3=2010-10-15&q_name=all,제202호 진주역 차량정비고,46_제202호 진주역 차량정비고,"경남선의 개통과 함께 1925년경 건립된 차량정비고로, 왕대공트러스의 변형, 2개의 반복된 아치형태, 트러스 간격마다 설치된 벽돌부벽, 벽돌 내쌓기 한 지붕처마부분의 홈통처리 등 건축적 미와 기법을 단순, 세련되게 구사하고 잇어 건축적, 철도사적 가치가 있다.",,경상남도 진주시 강남동 245- 225,철도박물관,0,1,0,미부착,제1유형,X,저작물보호기간 만료
47,철도산업정보센터,HOME > 철도역사관 > 철도유물유적,http://www.kric.go.kr/jsp/board/portal/sub06/railArtifactsDetail.jsp?p_id1=M02040501&p_id2=19&p_id3=2010-10-15&q_name=all,제168호 대전 보급창고,47_제168호 대전 보급창고,"건립연도는 광복후인 1956년이나, 일제강점기에 사용하던 기술을 그대로 적용하여 지은 창고 건축물 이다. 해방 후 창고건축물의 구조적 특징과 역사적 변천을 파악 할 수 있는 건축물로 보존 가치가 있으며, 현존하는 근대기 목조건축물이 거의 없어 희소가치가 높다.",,대전광역시 동구 소제동 299,철도박물관,0,1,0,미부착,제1유형,X,저작물보호기간 만료
48,철도산업정보센터,HOME > 철도역사관 > 철도유물유적,http://www.kric.go.kr/jsp/board/portal/sub06/railArtifactsDetail.jsp?p_id1=M02040501&p_id2=18&p_id3=2010-10-15&q_name=all,제77호 경의선 구 장단역지,48_제77호 경의선 구 장단역지,경의선의 개통으로 1937년경 건축된 장단역의 플랫폼인 장단역지는 한국전쟁 등 근대사와 관련된 철도시설로서 한국전쟁 . 남북분단 및 통일을 함께 그려 볼 수 있는 역사적 장소성을 갖고 있는 곳이다,,경기도 파주시 장단면 동장리 198,철도박물관,0,1,0,미부착,제1유형,X,저작물보호기간 만료
49,철도산업정보센터,HOME > 철도역사관 > 철도유물유적,http://www.kric.go.kr/jsp/board/portal/sub06/railArtifactsDetail.jsp?p_id1=M02040501&p_id2=16&p_id3=2012-09-12&q_name=all,철도경찰복(상하),49_철도경찰복(상하),6.25전쟁 당시 철도경찰복을 복제(複製)한 것,,서울시 용산구 이태원로 29,전쟁기념관,0,1,0,미부착,제1유형,X,저작물보호기간 만료
50,철도산업정보센터,HOME > 철도역사관 > 철도유물유적,http://www.kric.go.kr/jsp/board/portal/sub06/railArtifactsDetail.jsp?p_id1=M02040501&p_id2=15&p_id3=2011-11-04&q_name=all,등록문화재 제423호 대한제국기 철도 통표 (大韓帝國期 鐵道 通票),50_등록문화재 제423호 대한제국기 철도 통표 (大韓帝國期 鐵道 通票),"단선구간의 철도에서 충돌사고 방지를 위하여 증표로 사용하던 것으로 통표폐색식 설비가 도입되기 전에 기계장치를 이용하지 않고 양 역간의 협의에 의하여 역장과 기관사 간에 주고받던 일종의 열차운행허가증이다.
① 통표 ‘경인선 572’는 1899년 서울과 인천을 잇는 우리나라 최초의 철도인 경인선 개통 초기부터 사용하다 1908년 8월 통표폐색식 설비가 설치됨에 따라 사용 중지된 것임.
② 통표 ‘301’은 1906년 4월 경의선(용산~신의주)이 개통되면서부터 1908년까지 사용된 것임.
③ 통표 ‘3237’은 1904년 2월 서울~의주 간 군용철도 부설을 비롯하여 이후 부설되는 임시군용철도에서 사용되던 것임.
④ 통표 ‘1199’는 1902년 경의선 기공 이후 일부 공사구간에서 이용되다 1906년 4월 경의선이 개통되며 사용 중지된 것임.
⑤ 통표 ‘경부선 2245’는 1905년 경부선 개통과 함께 사용하던 것임. 이상 5점 모두 당시의 통표로는 국내에 유일하게 남아있는 것이다.",,경기 의왕시 월암동 374-1,한국철도공사,0,1,0,미부착,제1유형,X,저작물보호기간 만료
51,철도산업정보센터,HOME > 철도역사관 > 철도유물유적,http://www.kric.go.kr/jsp/board/portal/sub06/railArtifactsDetail.jsp?p_id1=M02040501&p_id2=14&p_id3=2010-10-18&q_name=all,제426호 서울 전차 363호,51_제426호 서울 전차 363호,"1930년 일본의 일본차랑주식회사에서 제작된 반강제(半鋼製) 보기식(Bogie式) 궤도차랑으로 서울 서대문~종로~동대문~청량리 구간에서 운행되었으며, 우리나라에서 가장 오래된 노면전차로 사료적 가치가 크다.",,서울특별시 종로구 창경궁로 113,철도박물관,0,1,0,미부착,제1유형,X,저작물보호기간 만료
52,철도산업정보센터,HOME > 철도역사관 > 철도유물유적,http://www.kric.go.kr/jsp/board/portal/sub06/railArtifactsDetail.jsp?p_id1=M02040501&p_id2=13&p_id3=2010-10-18&q_name=all,제422호 의왕 협궤용 유개화차,52_제422호 의왕 협궤용 유개화차,"1955년 미국에서 제작된 지붕이 있는 화물열차로 레일간 간격이 표준보다 좁은 협궤 노선인 수인선(수원~남인천), 수여선(수원~여주)에서 농산물 등 지방의 특산물 수송에 크게 기여하였다. 1995년 12월 수인선이 폐지됨에 따라 운행이 중지된 것으로 우리 나라에서 유일하게 남아있는 협궤선용 덮개 있는 화차다.",,경기도 의왕시 월암동 374-1 (철도박물관),철도박물관,0,1,0,미부착,제1유형,X,저작물보호기간 만료
53,철도산업정보센터,HOME > 철도역사관 > 철도유물유적,http://www.kric.go.kr/jsp/board/portal/sub06/railArtifactsDetail.jsp?p_id1=M02040501&p_id2=12&p_id3=2010-10-18&q_name=all,제421호 의왕 협궤용 무개화차,53_제421호 의왕 협궤용 무개화차,"1955년 미국에서 제작된 지붕이 없는 화물열차로 레일간 간격이 표준보다 좁은 협궤 노선인 수인선(수원~남인천), 수여선(수원~여주)에서 석탄, 광물 등 화물을 주로 운반하였으며 천막 등으로 덮개를 씌워 소래지방에서 생산된 소금 운송에 기여하였다. 1995년 12월 수인선이 폐지 됨에 따라 운행이 중지된 것으로 우리나라에서 유일하게 남아있는 협궤선용 덮개 없는 화차다.",,경기도 의왕시 월암동 374-1 (철도박물관),철도박물관,0,1,0,미부착,제1유형,X,저작물보호기간 만료
54,철도산업정보센터,HOME > 철도역사관 > 철도유물유적,http://www.kric.go.kr/jsp/board/portal/sub06/railArtifactsDetail.jsp?p_id1=M02040501&p_id2=11&p_id3=2010-10-18&q_name=all,제420호 의왕 주한유엔군사령관 전용객차,54_제420호 의왕 주한유엔군사령관 전용객차,1936년 일본에서 제작되고 조선총독부 철도국 경성공장에서 전망 2등 침대차로 조립하여 사용되던 차량을 1958년 서울공작창에서 주한 유엔군 및 미 8 군 사령관 전용 객차로 개조하여 운행되었으며 1966년 11월 미국 제36대 존슨 대통령 방한 시 이 객차를 이용하였고 기념 승차권이 발행 되기도 한 역사적 가치가 큰 차량이다.,,경기도 의왕시 월암동 374-1 (철도박물관),철도박물관,0,1,0,미부착,제1유형,X,저작물보호기간 만료
55,철도산업정보센터,HOME > 철도역사관 > 철도유물유적,http://www.kric.go.kr/jsp/board/portal/sub06/railArtifactsDetail.jsp?p_id1=M02040501&p_id2=10&p_id3=2010-10-18&q_name=all,제419호 의왕 대통령전용 객차,55_제419호 의왕 대통령전용 객차,"1927년 일본에서 제작되고 조선총독부 철도국 경성공장에서 조립된 객차(승객용 차랑)로 1955년 서울 공작창에서 대통령 전용으로 개조하여 이승만 대통령부터 박정희 대통령까지 이용했던 차량이다. 객차내에 회의실, 침실, 샤워실, 식당 등 각종 설비가 갖추어져 있고, 화려한 의장이 돋보이는 등 전직 대통령 관련 유물로서 역사적 사료적 가치가 큰 차량이다.",,경기도 의왕시 월암동 374-1 (철도박물관),철도박물관,0,1,0,미부착,제1유형,X,저작물보호기간 만료
56,철도산업정보센터,HOME > 철도역사관 > 철도유물유적,http://www.kric.go.kr/jsp/board/portal/sub06/railArtifactsDetail.jsp?p_id1=M02040501&p_id2=9&p_id3=2010-10-18&q_name=all,제418호 의왕 협궤 증기관차 13호,56_제418호 의왕 협궤 증기관차 13호,"1937년 일본에서 제작되고 조선총독부 철도국 수원운전 사무소에서 조립한 텐더식 증기기관차로 레일 간 간격이 표준보다 좁은 협궤에서 운행되던 기관차로 협궤형은 보통 탱크식이나 이 기관차 는 텐더식으로 희귀한 것이며 수인선(수원~인천 송도), 수여선(수원~여주)에서 여객 및 소금, 쌀 등 농산물의 운반에 크게 기여하였다.",,경기도 의왕시 월암동 374-1 (철도박물관),철도박물관,0,1,0,미부착,제1유형,X,저작물보호기간 만료
57,철도산업정보센터,HOME > 철도역사관 > 철도유물유적,http://www.kric.go.kr/jsp/board/portal/sub06/railArtifactsDetail.jsp?p_id1=M02040501&p_id2=8&p_id3=2010-10-18&q_name=all,제417호 의왕 파시형 증기관차 23호,57_제417호 의왕 파시형 증기관차 23호,"1942년 일본에서 제작되고 조선총독부 철도국 경성공장에서 조립한 텐더식 증기기관차로, 전국 주요간선에서 운행되다 1967년 8월 디젤기관차의 등장으로 운행이 중단되었다. 특히 파시 5형 기관차는 우리나라의 지형조건과 국내산 석탄 사용에 직합하게 개량 제작된 차량으로 급행 여객 열차의 대표 역할을 수행하였으며 파시형 증기기관차로는 국내에 유일하게 남아있는 유물이다.",,경기도 의왕시 월암동 374-1 (철도박물관),철도박물관,0,1,0,미부착,제1유형,X,저작물보호기간 만료
58,철도산업정보센터,HOME > 철도역사관 > 철도유물유적,http://www.kric.go.kr/jsp/board/portal/sub06/railArtifactsDetail.jsp?p_id1=M02040501&p_id2=7&p_id3=2010-10-18&q_name=all,제416호 부산 디젤전기기관차 2001호,58_제416호 부산 디젤전기기관차 2001호,"1950년 미국 GM사에서 제작한 것으로 우리나라에 들어 온 최초의 디젤전기기관차임. 1951년 한국전쟁 시 유엔군이 증기기관차의 비효율성과 불편함 때문에 35량을 군수물자 수송용으로 들여와 역구내 입환용으로 운용하였으며, 1956년 3월 당시 교통부가 미국으로부터 4량을 인수받아 운용하였고 그 중 유일하게 남아 있는 차랑으로 역사적 가치가 크다.",,부산시 부산진구 범천동(부산철도차량관리단),철도박물관,0,1,0,미부착,제1유형,X,저작물보호기간 만료
59,철도산업정보센터,HOME > 철도역사관 > 철도유물유적,http://www.kric.go.kr/jsp/board/portal/sub06/railArtifactsDetail.jsp?p_id1=M02040501&p_id2=6&p_id3=2010-10-18&q_name=all,제415호 대전 미카형 증기기관차 129호,59_제415호 대전 미카형 증기기관차 129호,1940년 일본에서 제작 경성공장에서 조립한 텐더식 증기기관차로 경부선 등 주요 간선에서 운행되다. 1967년 8월 디젤기관자의 등장으로 운행이 중단됨. 1981년 10월부터 2년간 동해남부선(부산~경주) 관광열차로 운행됨. 한국전쟁 중인 1950년 7월 19일 북한군에 포위된 미 제 24 사단장 윌리염 F 딘 소장을 구출하기 위하여 적진에 돌진하였던 기관차임. 적의 집중 포격으로 기관사 및 특공대원 대부분이 전사하고 구출작전은 실패했으나 칠도인의 애국 희생정신을 상징하는 유물이다.,,대전시 대덕구 평촌동(대전철도차량관리단),철도박물관,0,1,0,미부착,제1유형,X,저작물보호기간 만료
60,철도산업정보센터,HOME > 철도역사관 > 철도유물유적,http://www.kric.go.kr/jsp/board/portal/sub06/railArtifactsDetail.jsp?p_id1=M02040501&p_id2=5&p_id3=2010-10-18&q_name=all,제414호 제주 미카형 증기기관차 304호,60_제414호 제주 미카형 증기기관차 304호,"1944년 일본에서 제작, 경성공장에서 조립한 텐더식(탄수차를 별도로 연결) 증기기관차로 전국 철도의 주요간선을 총 2,264,000km운행하였다. 1978년 어린이날 박정희 대통령의 지시로 기차를 볼 수 없는 섬 지역 어린이들을 위해 보내졌으며, 1963년 인천공작창에서 제작된 비둘기호 객차 1 량이 연결, 전시되고 있다. 특히, 중유용으로 개조되지 않고 석탄용 그대로 원형이 남아있는 국내 유일의 증기기관차로 사료적 가치가 크다.",,제주도 제주시 연동 270-5 (삼무공원),철도박물관,0,1,0,미부착,제1유형,X,저작물보호기간 만료
61,철도산업정보센터,HOME > 철도역사관 > 철도유물유적,http://www.kric.go.kr/jsp/board/portal/sub06/railArtifactsDetail.jsp?p_id1=M02040501&p_id2=4&p_id3=2010-10-18&q_name=all,제78호 경의선 장단역증기기관차,61_제78호 경의선 장단역증기기관차,"1950년 한국전쟁 때 경의선 장단역에서 폭탄을 맞고 탈선하여 그 자리에 멈춰선 증기기관차다. 민간인의 출입이 통제된 비무장지대 안에서 녹슨 채 비스듬히 누워있는 모습은 한국전쟁, 남북분단 등 근대사를 증언하는 생생한 역사의 현장을 말해주고 있다. 지금은 방염처리 및 복원하여 임진각 부근에 전시를 추진 중이다.",,경기도 파주시 장단먼 동장리 198,철도박물관,0,1,0,미부착,제1유형,X,저작물보호기간 만료
62,철도산업정보센터,HOME > 철도역사관 > 철도유물유적,http://www.kric.go.kr/jsp/board/portal/sub06/railArtifactsDetail.jsp?p_id1=M02040501&p_id2=3&p_id3=2010-10-15&q_name=all,제425호 의왕 쌍신폐색기,62_제425호 의왕 쌍신폐색기,"복선구간의 철도에서 역과 역 사이 열차의 안전운행을 위해 사용되던 쌍신폐색방식 폐색기다. 1905년 10월 영등포역에 설치되어 사용되다 보안도가 낮은 단점이 있어 1932년 특수쌍신폐색기가 보급되면서 사용 중지되었으며, 1936년 서울 용산의 철도종사원양성소에 철도박물관 개관시부터 전시된 유물로 사료적 가치가 있다.",,경기도 의왕시 월암동 374-1 (철도박물관),철도박물관,0,1,0,미부착,제1유형,X,저작물보호기간 만료
63,철도산업정보센터,HOME > 철도역사관 > 철도유물유적,http://www.kric.go.kr/jsp/board/portal/sub06/railArtifactsDetail.jsp?p_id1=M02040501&p_id2=2&p_id3=2010-10-15&q_name=all,제424호 의왕 경인철도레일,63_제424호 의왕 경인철도레일,"1897년 미국 일리노이 스틸사에서 제작한 것으로 1899년 개통된 경인선 부설에 사용된 소형레일(30kg /m)로 우리나라에 최초로 도입된 철도 레일이며, 1936년 서울 용산의 철도종사원양성소에 철도박물관을 개관할 때부터 전시되었다.",,경기도 의왕시 월암동 374-1 (철도박물관),철도박물관,0,1,0,미부착,제1유형,X,저작물보호기간 만료
64,철도산업정보센터,HOME > 철도역사관 > 철도유물유적,http://www.kric.go.kr/jsp/board/portal/sub06/railArtifactsDetail.jsp?p_id1=M02040501&p_id2=1&p_id3=2010-10-15&q_name=all,제423호 의왕 대한제국기 철도통표,64_제423호 의왕 대한제국기 철도통표,단선구간 철도에서 충돌 사고 방지를 위하여 증표로 사용하던 것으로 통표폐색식 설비가 도입되기 전 기계장치를 이용하지 않고 양 역간의 협의에 의하여 역장과 기관사 간에 주고받던 일종의 열차운행허가증이다. ’경인선 572 ’는 1899년 우리나라 최초 철도인 경인선 개통 초기 사용한 것이며 ‘ 301‘은 1906 년 4월 경의선(용산~신의주)이 개통되면서 부터 1908년까지 사용된 것이며 ‘3237’은 1904년 2월 서울~의주 간 군용철도 부설을 비롯하여 이후 부설되는 임시군용 철도에서 사용되던 것이고 ’1199‘는 1902년 경의선 기공 이후 일부 공사구간에서 이용되다 1906년 4월 경의선이 개통되며 사용 중지되었고 ‘경부선 2245 ‘는 1905년 경부선 개통과 함께 사용하던 것이다.,,경기도 의왕시 월암동 374-1 (철도박물관),철도박물관,0,1,0,미부착,제1유형,X,저작물보호기간 만료
65,철도산업정보센터,HOME > 철도역사관 > 역사속철도인,http://www.kric.go.kr/jsp/board/portal/sub06/railManDetail.jsp?p_id1=M020404&p_id2=10&p_id3=&q_name=all,윤덕영(조선),65_윤덕영(조선),"조선의 문신. 본관은 해평(海平).
영돈령부사(領敦寧府事) 철구(徹求)의 아들, 택영(澤榮)의 형, 순정효 황후(純貞孝皇后)의 삼촌.
1894년(고종 31) 진사(進士)로 문과(文科)에 급제, 이듬해 비서감 우비서랑(秘書監右秘書郞)이 되고 총리 대신 비서관 겸 참서관(秘書官兼參書官)ㆍ시독관(侍讀官)ㆍ비서승(秘書丞)ㆍ농상공부 참서관(農商工部參書官)ㆍ내부지방국장(內部地方局長) 등을 역임, 1901년(광무 5) 경기도 관찰사가 되었다.
이어 궁내부 특진관(宮內府特進官)을 거쳐 황해도 관찰사로 전임했다가 이듬해 철도원 부총재(鐵道院副總裁)가 되어 경부선(京釜線)의 철도부설(鐵道敷設)에 공을 세웠다.
그 뒤 지계아문 부총재(地契衙門副總裁)ㆍ봉상사제조(奉常司提調)ㆍ비서원경(秘書院卿)ㆍ의정부참찬(議政府參贊)ㆍ홍문관학사 겸 평리원 재판장(弘文館學士兼平理院裁判長)ㆍ의정부찬성(贊成)을 지냈다.
1908년(융희 2) 시종원경(侍從院卿)이 되었으며 1910년 국권 침탈 때는 순종에게 강요하여 병자 수호 조약에 옥새(玉璽)를 찍게 했다. 일본 정부에 의해 자작(子爵)이 되고 이왕직 찬시(李王職贊侍)를 지냈다.",,,,0,1,0,미부착,제1유형,X,사진저작권 보호기간 만료
66,철도산업정보센터,HOME > 철도역사관 > 역사속철도인,http://www.kric.go.kr/jsp/board/portal/sub06/railManDetail.jsp?p_id1=M020404&p_id2=9&p_id3=&q_name=all,"콜브란, 보스트위크(콜브란(영국), 보스트위크(미국))","66_콜브란, 보스트위크(콜브란(영국), 보스트위크(미국))","콜브란(H. Collbran)보스트위크(H.R. Bostwick)
1898년에 경성(지금의 서울) 일대의 전력공급권 사업권을 취득하고 한성전기회사(漢城電氣會社) 개업.
고종황제로부터 전차선 사업 허가와 투자를 받아 서대문에서 종로, 동대문을 거쳐 청량리에 이르는 5마일(약 8km) 길이의 단선궤도 및 전차선을 설치.
보스트위크가 미국에 돌아간뒤 콜브란은 1909년 한미전기주식회사를 일한가스주식회사(韓日瓦斯會社)에 매도 후 런던으로 도피.(고종황제의 주식까지 매도)",,,,0,0,0,미부착,제1유형,X,업무상저작물
67,철도산업정보센터,HOME > 철도역사관 > 역사속철도인,http://www.kric.go.kr/jsp/board/portal/sub06/railManDetail.jsp?p_id1=M020404&p_id2=8&p_id3=&q_name=all,박기종(조선),67_박기종(조선),"상민계층 출신으로서 일찍부터 상업에 종사, 주로 일본 상인들과 거래하면서 일본어에 능통하게 되었다. 이러한 경력이 계기가 되어 1876년 5월 김기수(金綺秀)를 수반으로 하는 제1차수신사일행의 일본시찰여행 때 역관으로 동행하게 되었다.
이때 일본의 각종 산업시설과 제도 등의 근대화에 깊은 감명을 받아 뒤에 우리나라의 산업개발을 위한 철도건설사업과 교육제도의 근대화 내지 진흥에도 진력하게 된 것 같다.
일본시찰 때 역관의 관직을 얻게 된 것이 계기가 되어 귀국 후 계속하여 각종 관직을 거치면서 부산 경무관의 관직에까지 오르게 되었다.
이 시기에 일본시찰에서 깊은 감명을 받았던 신문화교육의 진흥에 대한 소망의 일단을 실현하기 위하여 1896년 3월 부산상업학교의 전신인 부산개성학교를 창설하고 주로 기술과 일어교육에 힘썼다.
또한, 당시 철도부설권 획득을 위하여 일본을 비롯한 열강의 치열한 경합의 와중에서 평생소원이었던 철도건설사업의 실현을 위하여 1898년 5월 한국 최초의 민간철도회사인 부하철도회사(釜下鐵道會社)를 창설하였다.
부하철도회사는 부산과 하단포(下端浦)를 연결하는 철도부설을 목적으로 설립된 것으로서 일명 하단철도라고도 하였다. 하단철도는 건설에 대한 강렬한 의욕에도 불구하고 자금부족·기타의 이유 등으로 사업을 계속할 수 없게 되었다.
그러나 이에 굴하지 않고 또다시 1899년 5월 대한철도회사를 설립하고 경원선·함경선의 부설허가를 얻어 건설사업을 계속하려 하였다.
그러나 일본의 강력한 방해공작으로 부설권이 궁내부 직영으로 돌아가게 됨으로써 부득이 단념하게 되었다. 그러나 끝까지 철도에 대한 집념을 버리지 못하고 영남지선철도회사(嶺南支線鐵道會社)를 창립하고 삼랑진과 마산을 연결하는 삼마철도(三馬鐵道)의 부설권을 얻어 공사진행을 시도하였으나, 일본의 집요한 농간으로 자금조달이 여의하지 못하여 끝내 뜻을 이룰 수 없게 되었다.
이와 같이, 평생을 통하여 철도부설에 뜻을 두었으며, 국내철도는 민족계 회사에 의하여 건설되어야 한다고 주장하였다.
그러나 그 당시는 일본의 침략이 날로 극심하여가는 상황이어서 그의 이와같은 높은 뜻은 끝내 이루어질 수 없었다.
항상 국가중흥은 산업개발에 있다고 믿었고, 그와같은 신념의 실현을 위하여 큰아들은 일본의 광산학교, 둘째아들은 철도학교에 유학시키기도 하였다.",,,,0,1,0,미부착,제1유형,X,사진저작권 보호기간 만료
68,철도산업정보센터,HOME > 철도역사관 > 역사속철도인,http://www.kric.go.kr/jsp/board/portal/sub06/railManDetail.jsp?p_id1=M020404&p_id2=7&p_id3=&q_name=all,알렌(미국),68_알렌(미국),"1895년 운산광산 채굴권을 이듬해 경인철도부설권을 모오스에게 알선 
오하이오주 출신. 1883년 마이아미 의과대학 졸업. 중국으로 건너가 상해에서 장로교회 의사로 있다가 1884년 한국 최초로 신교 의료선교사로 내한하여 주한 미국공사관의 의사로서 선교사업에 종사하였다. 이해 왕실의 의사와 고종의 정치고문이 되었고 1885년 왕이 개설한 광혜원(제중원)의 의사와 교수로서 활약하다 1887년 참찬관에 임명되어 주미전권공사 박 정양의 고문으로 도미하여 미국무성에 독립국으로서의 한국의 입장을 단명하였다. 1890년 주한 미공사관 서기관으로 내한하여 18 95년 운산광산 채굴권을 이듬해 경인철도부설권을 모오스에게 알선하였으며 1897년 주한공사 겸 서울 주재 총영사가 되어 전등ㆍ전차도로 등의 설치를 위한 전기회사의 설립권을 미국에 넘겨주었다. 1901년 주한 미국전권공사가 되고 1904년 고종으로부터 훈일등과 태극대수장을 받았으며 1905년 을사조약 체결 후 귀국하였다.",,,,0,1,0,미부착,제1유형,X,사진저작권 보호기간 만료
69,철도산업정보센터,HOME > 철도역사관 > 역사속철도인,http://www.kric.go.kr/jsp/board/portal/sub06/railManDetail.jsp?p_id1=M020404&p_id2=6&p_id3=&q_name=all,시부사와 에이이찌(일본),69_시부사와 에이이찌(일본),"경인철도합자회사를 설립. 경인철도의 부설권을 모어스로부터 인수, 완성. 경부철도주식회사를 설립하여 서울∼부산간 철도 개통 
처음에는 관계에 발을 들여 놓았으나 실업계에 몸을 옮겨 제 1국립은행을 창설하였으며 온갖 산업계에 관계하여 재계에 지도적인 입지에 올랐다. 한국에는 경인철도합자회사를 설립하여 경인철도의 부설권을 모어스로부터 인수하여 완성하였으며 이어 경부철도주식회사를 설립하여 서울∼부산간 철도를 개통시킨 바 있다.",,,,0,1,0,미부착, 개방불가,X,출처불명 초상화
70,철도산업정보센터,HOME > 철도역사관 > 역사속철도인,http://www.kric.go.kr/jsp/board/portal/sub06/railManDetail.jsp?p_id1=M020404&p_id2=5&p_id3=&q_name=all,모스(미국),70_모스(미국),"1896년 경인철도 부설권을 알렌에게 넘겨받음. 이듬해 3월 22일 인천 우각현에서 경인철도의 기공식을 거행 
일본에 체류 중 1891년 우리나라 통정대부가 되고 대변조선상무위원에 임명되어 미국 뉴욕에 특파되었다.
주미 참찬관으로 있던 이완용을 설득하여 고종의 허락을 얻어 우리나라에 철도부설을 하려고 입국했다.
주한 미공사의 막후 교섭으로 이완용과 철도창조조약을 체결했으나 당시 조야에 이를 반대하는 세력이 커서 고종은 이완용에게 철로개변회담을 중지케 하였다.
이렇게 되자 모스는 왕복 여비와 기타조로 은 1만원의 손해배상을 요구하였으나 우리나라에 이 보상 능력이 없어 다시 1896년 경인철도 부설권을 획득하고 이어 운산금광채국권을 획득했다.
이듬해 3월 22일 인천 우각현에서 경인철도의 기공식을 거 행하고 본국에 돌아가 자금을 조달하려 하였으나 실패하자 일본인의 경인철도인수조합에 부설권을 양도하였다.",,,,0,1,0,미부착, 개방불가,X,출처불명 초상화
71,철도산업정보센터,HOME > 철도역사관 > 역사속철도인,http://www.kric.go.kr/jsp/board/portal/sub06/railManDetail.jsp?p_id1=M020404&p_id2=4&p_id3=&q_name=all,민병석(조선),71_민병석(조선),"1900년 4월 1일 철도원 총재 취임(농상공부대신 겸임) 
자는 景召. 호는 시남. 본관은 려흥. 무년문과 병과에 급제. 수구파 문신으로 1884년 승지에 올랐다. 김옥균이 갑신정변에 실패하여 일본에 망명하자 민응식과 협의하여 장은규를 일본에 밀파하여 암살토록 하였으나 실패했다. 그 후 대 사성, 강화유수, 평안도 관찰사, 궁내부 진특관, 철도원 총재 등을 거쳐 각부 대신을 역임하고 시종원경, 제실재정위원회의의원 을 지내고 1910년 한일합병이 되자 자작이 되고 이왕직장관을 지냈다.",,,,0,1,0,미부착, 개방불가,X,출처불명 초상화
72,철도산업정보센터,HOME > 철도역사관 > 역사속철도인,http://www.kric.go.kr/jsp/board/portal/sub06/railManDetail.jsp?p_id1=M020404&p_id2=3&p_id3=&q_name=all,이하영(조선),72_이하영(조선),"주미공사관에 근무하다 귀임할 때 정교한 철도 기관차 모형을 가져와 고종과 문무백관에게 공람 
자는 致 호는 山. 본관은 경주. 외무어문주사, 사헌부감찰 등을 역임하고 미국주재 공사관 서기관이 되었다가 귀국 후 웅천ㆍ흥덕현감, 외무어문참의, 회계원장 등을 역임하고 1898년에 주일전권공사, 이듬해 중추원의장이 되었다. 이 해 다시 주일특명전권공사, 1903년 특진관, 찬정, 이듬해 외부대신을 지내고 1905년 법부대신이 되었다. 1910년 한일합병이 되자 일본으로부터 자작을 받았다. 주미공사관에 근무하다 귀임할 때 정교한 철도 기관차 모형을 가져와 고종과 문무백관에게 공람하여 새 문명의 이기에 대한 각성을 촉구한 바 있다.",,,,0,1,0,미부착, 개방불가,X,출처불명 초상화
73,철도산업정보센터,HOME > 철도역사관 > 역사속철도인,http://www.kric.go.kr/jsp/board/portal/sub06/railManDetail.jsp?p_id1=M020404&p_id2=2&p_id3=&q_name=all,고종(조선),73_고종(조선),"조선 제26대 왕
제위 1863∼1907년. 이름은 熙. 흥선대원군 하응의 2남. 비는 閣致祿의 딸 명성황후. 철종이 후사없이 서거하자 12세로 즉 위하였으나 생부 대원군의 섭정으로 10년간 실권없는 왕으로 있었다. 그 동안 경복궁의 중건을 위해 백성으로부터 원납전을 강징 하여 원성을 샀으며 천주교도를 탄압하여 병인양요가 일어났고 더욱 쇄국정책을 강행하여 미상선을 소각함으로써 신미양요의 원 인이 되게 하였다. 또한 당쟁을 말살하기 위해 대부분의 서원을 철폐하기도 하였다. 1873년 최익현은 대원군의 실정을 탄핵하여 친정의 계기가 되자 민씨 일족의 세도정치가 시작되었다. 1875년 강화도에서 일함 운양호를 포격한 사건으로 익년 한일수호조규( 병자수호조약)를 맺게 되어 오랜 쇄국정치는 끝이 나고 세계와의 문호를 개방하게 되었다. 1880년 국정을 쇄신하여 통리기무어문 을 설치하고 해외의 문물을 시찰하도록 하였으며 별기군을 창설하기도 하였다. 이듬해 임오군란으로 대원군이 다시 등장하려 하였으나 청국의 개입으로 대원군은 청국에 납치되었다. 이 해에 청국의 권고로 미ㆍ영ㆍ독ㆍ불과 수호조약을 맺었다. 이 때 수구파 와 개화파의 정쟁이 격화되었으며 1884년에 갑신정변이 일어나고 1894년에는 동학혁명이 일어났으며 급기야는 청일 전쟁으로 번 져 일본의 승리로 돌아가자 김홍집내각이 성립되어 갑오경장을 단행한 바 있다. 그러나 민씨 일파의 반발로 친일세력이 위축되자 일본은 1895년 을미사변을 일으켜 민비를 살해하고 친일 개화당내각을 조직했으나 이듬해 로국공사의 암약으로 아관파천이 이루어졌으며 1897년 덕수궁으로 환궁하고 년호를 광무로, 국호를 대한제국으로, 왕을 황제로 호칭하고 완전 독립국을 선포하였다. 1904년 일본의 강압으로 제 1차 한일협약을 체결하고 이듬해 다시 을사조약을 체결하여 외교권을 탈취당하고 내정간섭을 받게 되었다. 1907년 헤이그에서 열린 만국평화회의에 밀사를 파견하여 일본의 침략 부당성을 호소하였으나 일본의 방해로 그 뜻이 좌절 되자 일본은 이를 트집잡아 군대를 해산하고 양위를 강요당하여 순종에게 양위를 하고 태황제가 되었으나 1910년 한일합병이 되자 이태왕이 되엇다. 풍운이 중첩한 한말의 황제로서 독자적인 정치를 해 보지 못한 불운한 생애였다. 능은 홍릉(금곡)",,,,0,1,0,미부착, 개방불가,X,출처불명 초상화
74,철도산업정보센터,HOME > 철도역사관 > 역사속철도인,http://www.kric.go.kr/jsp/board/portal/sub06/railManDetail.jsp?p_id1=M020404&p_id2=1&p_id3=&q_name=all,김기수(조선),74_김기수(조선),"1876년 2월 일본에 수신사로 다녀와서 집필한 일동기유에서 철도에 관하여 국내에 최초로 소개
자는 季芝, 호는 蒼山, 본관은 延安, 1875년 현감으로 별시문과에 병과로 합격 병자수호조약이 체결된 후 예조참의로서 수신사가 되어 일본에 다녀왔는데 이것이 근세 한일교섭의 시초라고 한다. 
이때의 수기 ’日東記游’, ’修信使日記’ 가 있으며 후일 신사유람단을 일본에 보내는 계기가 되었다. 덕원부사, 대사성, 감리의주통상사무 등을 역임하였으며 그 후 참판에 이르렀다.
1876년 2월 일본에 수신사로 다녀와서 집필한 일동기유에서 철도에 관하여 국내에 최초로 소개.",,,,0,1,0,미부착, 개방불가,X,출처불명 초상화
75,철도산업정보센터,HOME > 철도역사관 > 역사자료,http://www.kric.go.kr/jsp/board/portal/sub06/historyReferenceDetail.jsp?p_id1=M02040301&p_id2=39&p_id3=2015-09-16&q_name=all,한국철도의 역사 요약,75_한국철도의 역사 요약,"한국철도의 역사 요약
한국철도의 역사 - 과거

○근.현대사와 함께 한 한국철도

1. 창설기 및 일제하의 철도
2. 광복 이후의 철도현황
3. 경제발전과 철도의 역할

한국철도의 역사 - 60년대 말 ~ 90년대 말

○경영환경의 변화와 오늘의 한국철도

1. 경영의 합리화와 다각화
2. 고객만족의 철도문화

한국철도의 역사 - 현재와 미래

○21세기 교통문화를 선도할 한국철도

1. 철도 정보 인프라 구축
2. 21세기 철도기술의 신장과 고속철도
3. 남북철도망 및 국제 철도망과의 연계 구축",,,철도청,0,0,1,미부착, 개방불가,X,발행자미상문서
76,철도산업정보센터,HOME > 철도역사관 > 역사자료,http://www.kric.go.kr/jsp/board/portal/sub06/historyReferenceDetail.jsp?p_id1=M02040301&p_id2=38&p_id3=2015-09-16&q_name=all,철도차량의 역사,76_철도차량의 역사,"철도차량의 역사

1. 증기 기관차
2. 전기 기관차
3. 디젤전기 기관차
4. 전기 전동차(지하철)
5. 고속철도
6. 경량전철
1) 노면전차
2) 모노레일
3) 무인 자동 대중 교통 수단
4) 자기 부상 열차",,,철도청,0,0,1,미부착, 개방불가,X,발행자미상문서
77,철도산업정보센터,HOME > 철도역사관 > 역사자료,http://www.kric.go.kr/jsp/board/portal/sub06/historyReferenceDetail.jsp?p_id1=M02040301&p_id2=37&p_id3=2015-09-16&q_name=all,신호보안장치의 역사적고찰,77_신호보안장치의 역사적고찰,"신호보안장치의 역사적 고찰

1. 신호보안장치의 탄생
1.1 수신호
1.2 신호기의 탄생
1.3 연동기의 출현

2. 전기를 이용한 신호보안장치
2.1 계전 연동장치의 개발
2.2 토큰 폐색장치
2.3 계전기 시대의 안전성

3. 신호설비의 마이크로컴퓨터화
3.1 현황
3.2 안전성 확보",,,철도청,0,0,1,미부착, 개방불가,X,발행자미상문서
78,철도산업정보센터,HOME > 철도역사관 > 역사자료,http://www.kric.go.kr/jsp/board/portal/sub06/historyReferenceDetail.jsp?p_id1=M02040301&p_id2=36&p_id3=2015-09-16&q_name=all,세계터널역사의 개관,78_세계터널역사의 개관,"터널의 역사

1. 머리말

2. 고대의 터널
2.1 고대 오리엔트의 터널
2.2 고대 그리스와 로마시대의 터널

3. 중세의 터널

4. 근대의 터널

5. 맺는말",,,철도청,0,0,1,미부착, 개방불가,X,발행자미상문서
79,철도산업정보센터,HOME > 철도역사관 > 역사자료,http://www.kric.go.kr/jsp/board/portal/sub06/historyReferenceDetail.jsp?p_id1=M02040301&p_id2=35&p_id3=2015-09-16&q_name=all,복합재료 교량의 역사와 기술현황,79_복합재료 교량의 역사와 기술현황,"복합재료 교량의 역사와 기술 현황

I. 머리말

II. 복합재료의 특성

III. 복합재료 교량의 역사

IV. FRP 기술 현황
1. FRP 강화 콘크리트
2. FRP를 이용한 보수와 강화
3. 합성 신구조
4. 완전 복합소재 신구조

V. 맺음말",,,철도청,0,0,1,미부착, 개방불가,X,제3자의권리(외부인작성)
80,철도산업정보센터,HOME > 철도역사관 > 역사자료,http://www.kric.go.kr/jsp/board/portal/sub06/historyReferenceDetail.jsp?p_id1=M02040301&p_id2=34&p_id3=2015-09-16&q_name=all,교량붕괴의 역사가 주는 교훈,80_교량붕괴의 역사가 주는 교훈,"교량붕괴의 역사가 주는 교훈(1)

1. 서론

2. 역사적 교량 붕괴사고 사례
2.1 최근의 교량 붕괴 사례
2.2 역사상 최악의 교량 붕괴 사례",,,철도청,0,0,1,미부착, 개방불가,X,제3자의권리(외부인작성)
81,철도산업정보센터,HOME > 철도역사관 > 역사자료,http://www.kric.go.kr/jsp/board/portal/sub06/historyReferenceDetail.jsp?p_id1=M02040301&p_id2=33&p_id3=2015-09-16&q_name=all,극비문서 영업선철거전용계획,81_극비문서 영업선철거전용계획,극비문서 영업선철거전용계획,,,철도박물관,0,0,1,미부착, 개방불가,X,"발행자, 제작년도 미상"
82,철도산업정보센터,HOME > 철도역사관 > 역사자료,http://www.kric.go.kr/jsp/board/portal/sub06/historyReferenceDetail.jsp?p_id1=M02040301&p_id2=31&p_id3=2010-10-14&q_name=all,평원선공사사진첩,82_평원선공사사진첩,평원선공사사진첩,,,철도박물관,0,0,1,미부착, 개방불가,X,"발행자, 제작년도 미상"
83,철도산업정보센터,HOME > 철도역사관 > 역사자료,http://www.kric.go.kr/jsp/board/portal/sub06/historyReferenceDetail.jsp?p_id1=M02040301&p_id2=29&p_id3=2010-10-14&q_name=all,철도,83_철도,철도,,,철도박물관,0,0,1,미부착, 개방불가,X,"제3자의귄리, 제작년도 미상"
84,철도산업정보센터,HOME > 철도역사관 > 역사자료,http://www.kric.go.kr/jsp/board/portal/sub06/historyReferenceDetail.jsp?p_id1=M02040301&p_id2=28&p_id3=2010-10-14&q_name=all,천하무이만이천봉조선금강산,84_천하무이만이천봉조선금강산,천하무이만이천봉조선금강산,,,철도박물관,0,0,1,미부착,제1유형,X,저작권보호기간 만료
85,철도산업정보센터,HOME > 철도역사관 > 역사자료,http://www.kric.go.kr/jsp/board/portal/sub06/historyReferenceDetail.jsp?p_id1=M02040301&p_id2=27&p_id3=2010-10-14&q_name=all,직원록,85_직원록,직원록,,,철도박물관,0,0,1,미부착,제1유형,X,저작권보호기간 만료
86,철도산업정보센터,HOME > 철도역사관 > 역사자료,http://www.kric.go.kr/jsp/board/portal/sub06/historyReferenceDetail.jsp?p_id1=M02040301&p_id2=26&p_id3=2010-10-14&q_name=all,조선철도여행안내지도,86_조선철도여행안내지도,조선철도여행안내지도,,,철도박물관,0,0,1,미부착,제1유형,X,저작권보호기간 만료
87,철도산업정보센터,HOME > 철도역사관 > 역사자료,http://www.kric.go.kr/jsp/board/portal/sub06/historyReferenceDetail.jsp?p_id1=M02040301&p_id2=25&p_id3=2010-10-14&q_name=all,조선지풍광사진첩,87_조선지풍광사진첩,조선지풍광사진첩,,,철도박물관,0,0,1,미부착,제1유형,X,저작권보호기간 만료
88,철도산업정보센터,HOME > 철도역사관 > 역사자료,http://www.kric.go.kr/jsp/board/portal/sub06/historyReferenceDetail.jsp?p_id1=M02040301&p_id2=24&p_id3=2010-10-14&q_name=all,조선여행안내기,88_조선여행안내기,조선여행안내기,,,철도박물관,0,0,1,미부착,개방불가,X,"제3자의귄리, 제작년도 미상"
89,철도산업정보센터,HOME > 철도역사관 > 역사자료,http://www.kric.go.kr/jsp/board/portal/sub06/historyReferenceDetail.jsp?p_id1=M02040301&p_id2=23&p_id3=2010-10-14&q_name=all,조선사진첩,89_조선사진첩,조선사진첩,,,철도박물관,0,0,1,미부착,제1유형,X,저작권보호기간 만료
90,철도산업정보센터,HOME > 철도역사관 > 역사자료,http://www.kric.go.kr/jsp/board/portal/sub06/historyReferenceDetail.jsp?p_id1=M02040301&p_id2=22&p_id3=2010-10-14&q_name=all,조선금강산사진첩,90_조선금강산사진첩,조선금강산사진첩,,,철도박물관,0,0,1,미부착,개방불가,X,"제3자의귄리, 제작년도 미상"
91,철도산업정보센터,HOME > 철도역사관 > 역사자료,http://www.kric.go.kr/jsp/board/portal/sub06/historyReferenceDetail.jsp?p_id1=M02040301&p_id2=21&p_id3=2010-10-13&q_name=all,우량정주보선구,91_우량정주보선구,우량정주보선구,,,철도박물관,0,0,1,미부착,제1유형,X,저작권보호기간 만료
92,철도산업정보센터,HOME > 철도역사관 > 역사자료,http://www.kric.go.kr/jsp/board/portal/sub06/historyReferenceDetail.jsp?p_id1=M02040301&p_id2=20&p_id3=2010-10-13&q_name=all,우량정읍보선구,92_우량정읍보선구,우량정읍보선구,,,철도박물관,0,0,1,미부착,제1유형,X,저작권보호기간 만료
93,철도산업정보센터,HOME > 철도역사관 > 역사자료,http://www.kric.go.kr/jsp/board/portal/sub06/historyReferenceDetail.jsp?p_id1=M02040301&p_id2=19&p_id3=2010-10-13&q_name=all,우량신의주보선구,93_우량신의주보선구,우량신의주보선구,,,철도박물관,0,0,1,미부착,제1유형,X,저작권보호기간 만료
94,철도산업정보센터,HOME > 철도역사관 > 역사자료,http://www.kric.go.kr/jsp/board/portal/sub06/historyReferenceDetail.jsp?p_id1=M02040301&p_id2=18&p_id3=2010-10-13&q_name=all,우량 김천 보선구,94_우량 김천 보선구,우량 김천 보선구,,,철도박물관,0,0,1,미부착,제1유형,X,저작권보호기간 만료
95,철도산업정보센터,HOME > 철도역사관 > 역사자료,http://www.kric.go.kr/jsp/board/portal/sub06/historyReferenceDetail.jsp?p_id1=M02040301&p_id2=17&p_id3=2010-10-13&q_name=all,외비운전취급심득,95_외비운전취급심득,외비운전취급심득,,,철도박물관,0,0,1,미부착,제1유형,X,저작권보호기간 만료
96,철도산업정보센터,HOME > 철도역사관 > 역사자료,http://www.kric.go.kr/jsp/board/portal/sub06/historyReferenceDetail.jsp?p_id1=M02040301&p_id2=16&p_id3=2010-10-13&q_name=all,역원교과서,96_역원교과서,역원교과서,,,철도박물관,0,0,1,미부착,제1유형,X,저작권보호기간 만료
97,철도산업정보센터,HOME > 철도역사관 > 역사자료,http://www.kric.go.kr/jsp/board/portal/sub06/historyReferenceDetail.jsp?p_id1=M02040301&p_id2=15&p_id3=2010-10-13&q_name=all,압록강교량공사보고,97_압록강교량공사보고,압록강교량공사보고,,,철도박물관,0,0,1,미부착,제1유형,X,저작권보호기간 만료
98,철도산업정보센터,HOME > 철도역사관 > 역사자료,http://www.kric.go.kr/jsp/board/portal/sub06/historyReferenceDetail.jsp?p_id1=M02040301&p_id2=14&p_id3=2010-10-13&q_name=all,수재기념사진첩,98_수재기념사진첩,수재기념사진첩,,,철도박물관,0,0,1,미부착,제1유형,X,저작권보호기간 만료
99,철도산업정보센터,HOME > 철도역사관 > 역사자료,http://www.kric.go.kr/jsp/board/portal/sub06/historyReferenceDetail.jsp?p_id1=M02040301&p_id2=13&p_id3=2010-10-13&q_name=all,부산압록강사진첩,99_부산압록강사진첩,부산압록강사진첩,,,철도박물관,0,0,1,미부착,제1유형,X,저작권보호기간 만료
100,철도산업정보센터,HOME > 철도역사관 > 역사자료,http://www.kric.go.kr/jsp/board/portal/sub06/historyReferenceDetail.jsp?p_id1=M02040301&p_id2=12&p_id3=2010-10-13&q_name=all,보선원필휴,100_보선원필휴,보선원필휴,,,철도박물관,0,0,1,미부착,제1유형,X,저작권보호기간 만료
101,철도산업정보센터,HOME > 철도역사관 > 역사자료,http://www.kric.go.kr/jsp/board/portal/sub06/historyReferenceDetail.jsp?p_id1=M02040301&p_id2=11&p_id3=2010-10-13&q_name=all,반도의 인상,101_반도의 인상,반도의 인상,,,철도박물관,0,0,1,미부착,제1유형,X,저작권보호기간 만료
102,철도산업정보센터,HOME > 철도역사관 > 역사자료,http://www.kric.go.kr/jsp/board/portal/sub06/historyReferenceDetail.jsp?p_id1=M02040301&p_id2=10&p_id3=2010-10-13&q_name=all,물품칭호감,102_물품칭호감,물품칭호감,,,철도박물관,0,0,1,미부착,개방불가,X,"발행자, 제작년도 미상"
103,철도산업정보센터,HOME > 철도역사관 > 역사자료,http://www.kric.go.kr/jsp/board/portal/sub06/historyReferenceDetail.jsp?p_id1=M02040301&p_id2=9&p_id3=2010-10-13&q_name=all,만철경성철도주최제1회운수종사원수양단강습회기념사진첩,103_만철경성철도주최제1회운수종사원수양단강습회기념사진첩,만철경성철도주최제1회운수종사원수양단강습회기념사진첩,,,철도박물관,0,0,1,미부착,제1유형,X,저작권보호기간 만료
104,철도산업정보센터,HOME > 철도역사관 > 역사자료,http://www.kric.go.kr/jsp/board/portal/sub06/historyReferenceDetail.jsp?p_id1=M02040301&p_id2=8&p_id3=2010-10-13&q_name=all,국외비운전취급심득,104_국외비운전취급심득,국외비운전취급심득,,,철도박물관,0,0,1,미부착,제1유형,X,저작권보호기간 만료
105,철도산업정보센터,HOME > 철도역사관 > 역사자료,http://www.kric.go.kr/jsp/board/portal/sub06/historyReferenceDetail.jsp?p_id1=M02040301&p_id2=7&p_id3=2010-10-13&q_name=all,경전선북부상동순천간공사사진첩,105_경전선북부상동순천간공사사진첩,경전선북부상동순천간공사사진첩,,,철도박물관,0,0,1,미부착,개방불가,X,"발행자, 제작년도 미상"
106,철도산업정보센터,HOME > 철도역사관 > 역사자료,http://www.kric.go.kr/jsp/board/portal/sub06/historyReferenceDetail.jsp?p_id1=M02040301&p_id2=6&p_id3=2010-10-13&q_name=all,경원선사진첩,106_경원선사진첩,경원선사진첩,,,철도박물관,0,0,1,미부착,제1유형,X,저작권보호기간 만료
107,철도산업정보센터,HOME > 철도역사관 > 역사자료,http://www.kric.go.kr/jsp/board/portal/sub06/historyReferenceDetail.jsp?p_id1=M02040301&p_id2=5&p_id3=2010-10-13&q_name=all,경성열차구1928,107_경성열차구1928,경성열차구1928,,,철도박물관,0,0,1,미부착,제1유형,X,저작권보호기간 만료
108,철도산업정보센터,HOME > 철도역사관 > 역사자료,http://www.kric.go.kr/jsp/board/portal/sub06/historyReferenceDetail.jsp?p_id1=M02040301&p_id2=4&p_id3=2010-10-12&q_name=all,경성열차구37년,108_경성열차구37년,경성열차구37년,,,철도박물관,0,0,1,미부착,제1유형,X,저작권보호기간 만료
109,철도산업정보센터,HOME > 철도역사관 > 역사자료,http://www.kric.go.kr/jsp/board/portal/sub06/historyReferenceDetail.jsp?p_id1=M02040301&p_id2=3&p_id3=2010-10-12&q_name=all,경성역신축기념사진집,109_경성역신축기념사진집,경성역신축기념사진집,,,철도박물관,0,0,1,미부착,개방불가,X,"발행자, 제작년도 미상"
110,철도산업정보센터,HOME > 철도역사관 > 역사자료,http://www.kric.go.kr/jsp/board/portal/sub06/historyReferenceDetail.jsp?p_id1=M02040301&p_id2=2&p_id3=2010-10-12&q_name=all,경성 ALBUM,110_경성 ALBUM,경성 ALBUM,,,철도박물관,0,0,1,미부착,개방불가,X,"발행자, 제작년도 미상"
111,철도산업정보센터,HOME > 철도역사관 > 역사자료,http://www.kric.go.kr/jsp/board/portal/sub06/historyReferenceDetail.jsp?p_id1=M02040301&p_id2=1&p_id3=2010-10-06&q_name=all,경부철도가,111_경부철도가,경부철도가,,,철도박물관,0,0,1,미부착,제1유형,X,저작권보호기간 만료
