한국지역정보개발원(KLID) 권리처리 목록,,,,,,,,,,,,
순번,사이트명,카테고리 진입과정,이름,설명,등록일,영상,사진,문서,기존 공공누리 유형,최종 공공누리 유형,계약서 유무,비고
1,한국지역정보개발원,HOME > 지식마당 > 디지털정책자료 > 정책연구,정보화마을 법제화연구,,2008-03-24 00:00:00,0,0,1,미부착,제1유형,업무상저작물,
2,한국지역정보개발원,HOME > 지식마당 > 디지털정책자료 > 정책연구,서비스만족도 조사모형 연구,,2006-12-04 00:00:00,0,0,1,미부착,제1유형,업무상저작물,
3,한국지역정보개발원,HOME > 지식마당 > 디지털정책자료 > 정책연구,행정정보시스템의 공간정보 수요분석 및 활용방안 연구,,2006-12-04 00:00:00,0,0,1,미부착,제1유형,업무상저작물,
4,한국지역정보개발원,HOME > 지식마당 > 디지털정책자료 > 정책연구,시도·시군구행정정보시스템 운영관리 규정안 연구,,2006-12-04 00:00:00,0,0,1,미부착,제1유형,업무상저작물,
5,한국지역정보개발원,HOME > 지식마당 > 디지털정책자료 > 정책연구,정보화마을 운영평가 지표체계 개발,,2006-12-21 00:00:00,0,0,1,미부착,제1유형,업무상저작물,
6,한국지역정보개발원,HOME > 지식마당 > 디지털정책자료 > 정책연구,S/W 공동활용을 위한 평가지표 체계 개발,,2006-12-21 00:00:00,0,0,1,미부착,제1유형,업무상저작물,
7,한국지역정보개발원,HOME > 지식마당 > 디지털정책자료 > 정책연구,무인민원발급창구 운영방안 연구 보고서,,2008-03-25 00:00:00,0,0,1,미부착,제1유형,업무상저작물,
8,한국지역정보개발원,HOME > 지식마당 > 디지털정책자료 > 정책연구,전자정부법 체계 정비 방안 연구보고서,,2008-03-26 00:00:00,0,0,1,미부착,제1유형,업무상저작물,
9,한국지역정보개발원,HOME > 지식마당 > 디지털정책자료 > 정책연구,2006 지방자치단체 전자정부추진평가,,2008-05-23 00:00:00,0,0,1,미부착,제1유형,업무상저작물,
10,한국지역정보개발원,HOME > 지식마당 > 디지털정책자료 > 정책연구,정보화마을 특성별 발전 방안(4/4),,2010-03-03 00:00:00,0,0,1,미부착,제1유형,업무상저작물,
11,한국지역정보개발원,HOME > 지식마당 > 디지털정책자료 > 정책연구,자치단체 자율통합에 대비한 정보시스템 통합방안 연구,,2010-01-27 00:00:00,0,0,1,미부착,제1유형,업무상저작물,
12,한국지역정보개발원,HOME > 지식마당 > 디지털정책자료 > 정책연구,자치단체 자율통합에 대비한 정보시스템 통합방안 연구(부록_공통표준시스템 시나리오),,2010-01-27 00:00:00,0,0,1,미부착,제1유형,업무상저작물,
13,한국지역정보개발원,HOME > 지식마당 > 디지털정책자료 > 정책연구,자치단체 자율통합에 대비한 정보시스템 통합방안 연구(부록_정보시스템 통합 업무매뉴얼),,2010-01-27 00:00:00,0,0,1,미부착,제1유형,업무상저작물,
14,한국지역정보개발원,HOME > 지식마당 > 디지털정책자료 > 정책연구,지역통합센터 구축방안 연구,,2010-01-27 00:00:00,0,0,1,미부착,제1유형,업무상저작물,
15,한국지역정보개발원,HOME > 지식마당 > 디지털정책자료 > 정책연구,u-지역정보화사업의 경제적 타당성 분석 연구,,2009-04-15 00:00:00,0,0,1,미부착,제1유형,업무상저작물,
16,한국지역정보개발원,HOME > 지식마당 > 디지털정책자료 > 정책연구,차세대 지역정보화 구축 및 발전방안 연구,,2009-04-15 00:00:00,0,0,1,미부착,제1유형,업무상저작물,
17,한국지역정보개발원,HOME > 지식마당 > 디지털정책자료 > 정책연구,자치단체 합법적 소프트웨어 사용방안 연구,,2009-04-15 00:00:00,0,0,1,미부착,제1유형,업무상저작물,
18,한국지역정보개발원,HOME > 지식마당 > 디지털정책자료 > 정책연구,자치단체 IPTV기반 공공서비스 도입방안 연구,,2009-04-15 00:00:00,0,0,1,미부착,제1유형,업무상저작물,
19,한국지역정보개발원,HOME > 지식마당 > 디지털정책자료 > 정책연구,자치단체 정보화 조직 및 인력 운용 개선방안 연구,,2009-09-24 00:00:00,0,0,1,미부착,제1유형,업무상저작물,
20,한국지역정보개발원,HOME > 지식마당 > 디지털정책자료 > 정책연구,공공기관 개인정보파일 등록공개제도 운영방안 연구,,2009-09-24 00:00:00,0,0,1,미부착,제1유형,업무상저작물,
21,한국지역정보개발원,HOME > 지식마당 > 디지털정책자료 > 정책연구,지방행정체제 개편에 대비한 자치단체 정보시스템 전환방안 연구,,2009-10-19 00:00:00,0,0,1,미부착,개방불가,없음,
22,한국지역정보개발원,HOME > 지식마당 > 디지털정책자료 > 정책연구,정보화마을 특성별 발전 방안(1/4),,2009-11-11 00:00:00,0,0,1,미부착,제1유형,업무상저작물,
23,한국지역정보개발원,HOME > 지식마당 > 디지털정책자료 > 정책연구,공통표준시스템 도입 운영 개선방안 연구,,2009-12-15 00:00:00,0,0,1,미부착,제1유형,업무상저작물,
24,한국지역정보개발원,HOME > 지식마당 > 디지털정책자료 > 정책연구,정보화마을 특성별 발전 방안(2/4),,2010-03-03 00:00:00,0,0,1,미부착,제1유형,업무상저작물,
25,한국지역정보개발원,HOME > 지식마당 > 디지털정책자료 > 정책연구,정보화마을 특성별 발전 방안(3/4),,2010-03-03 00:00:00,0,0,1,미부착,제1유형,업무상저작물,
26,한국지역정보개발원,HOME > 지식마당 > 디지털정책자료 > 정책연구,자치단체 전자정부 서비스 성숙도 진단 모델 개발 연구,,2010-08-09 00:00:00,0,0,1,미부착,제1유형,업무상저작물,
27,한국지역정보개발원,HOME > 지식마당 > 디지털정책자료 > 정책연구,자치단체 융합서비스 구현 전략 연구,,2010-08-09 00:00:00,0,0,1,미부착,제1유형,업무상저작물,
28,한국지역정보개발원,HOME > 지식마당 > 디지털정책자료 > 정책연구,녹색지역정보화 추진전략 연구,,2010-08-09 00:00:00,0,0,1,미부착,제1유형,업무상저작물,
29,한국지역정보개발원,HOME > 지식마당 > 디지털정책자료 > 정책연구,2010 정보화마을 운영평가,,2011-01-07 00:00:00,0,0,1,미부착,제1유형,업무상저작물,
30,한국지역정보개발원,HOME > 지식마당 > 디지털정책자료 > 정책연구,Value Chain(가치사슬)을 활용한 정보화마을 자립운영방안 연구,,2011-01-07 00:00:00,0,0,1,미부착,제1유형,업무상저작물,
31,한국지역정보개발원,HOME > 지식마당 > 디지털정책자료 > 정책연구,ICT를 통한 일자리 창출 방안 연구,,2011-01-26 00:00:00,0,0,1,미부착,개방불가,없음,
32,한국지역정보개발원,HOME > 지식마당 > 디지털정책자료 > 정책연구,한국의 지역정보화 추진과 성과 : 지역정보화추진과정과 사례를 중심으로,,2011-03-11 00:00:00,0,0,1,미부착,제1유형,업무상저작물,
33,한국지역정보개발원,HOME > 지식마당 > 디지털정책자료 > 정책연구,모바일 지역정보서비스추진전략 연구,,2011-03-11 00:00:00,0,0,1,미부착,제1유형,업무상저작물,
34,한국지역정보개발원,HOME > 지식마당 > 디지털정책자료 > 정책연구,무인민원발급창구 운영관리체계 개선방안 연구,,2011-10-26 00:00:00,0,0,1,미부착,제1유형,업무상저작물,
35,한국지역정보개발원,HOME > 지식마당 > 디지털정책자료 > 정책연구,지방자치단체 소셜미디어 활용방안 연구,,2011-10-26 00:00:00,0,0,1,미부착,개방불가,없음,
36,한국지역정보개발원,HOME > 지식마당 > 디지털정책자료 > 정책연구,지역정보화백서 추진방안 연구,,2012-02-01 00:00:00,0,0,1,미부착,제1유형,업무상저작물,
37,한국지역정보개발원,HOME > 지식마당 > 디지털정책자료 > 정책연구,지역정보통합센터 시범구축 방안 연구,,2012-02-01 00:00:00,0,0,1,미부착,제1유형,업무상저작물,
38,한국지역정보개발원,HOME > 지식마당 > 디지털정책자료 > 정책연구,지방자치단체 개인정보보호 자치법규 개선방안 연구,,2012-02-01 00:00:00,0,0,1,미부착,제1유형,업무상저작물,
39,한국지역정보개발원,HOME > 지식마당 > 디지털정책자료 > 정책연구,미래형 지역정보화의 가치와 추진전략에 관한 연구,,2012-02-01 00:00:00,0,0,1,미부착,제1유형,업무상저작물,
40,한국지역정보개발원,HOME > 지식마당 > 디지털정책자료 > 정책연구,지역정보시스템 성과평가를 통한 일몰제 도입방안 연구,,2012-08-03 00:00:00,0,0,1,미부착,제1유형,업무상저작물,
41,한국지역정보개발원,HOME > 지식마당 > 디지털정책자료 > 정책연구,소프트웨어 라이선스 계약관리 방안 연구,,2012-08-03 00:00:00,0,0,1,미부착,제1유형,업무상저작물,
42,한국지역정보개발원,HOME > 지식마당 > 디지털정책자료 > 정책연구,소셜미디어의 활용실패 및 극복사례 연구,,2012-08-03 00:00:00,0,0,1,미부착,개방불가,없음,
43,한국지역정보개발원,HOME > 지식마당 > 디지털정책자료 > 정책연구,2011년 정보화마을 운영평가(2011.09.),,2012-09-20 00:00:00,0,0,1,미부착,제1유형,업무상저작물,
44,한국지역정보개발원,HOME > 지식마당 > 디지털정책자료 > 정책연구,정보화마을 특성별 발전방안 (2008.12),,2012-09-21 00:00:00,0,0,1,미부착,제1유형,업무상저작물,
45,한국지역정보개발원,HOME > 지식마당 > 디지털정책자료 > 정책연구,서비스수준협약 기반의 정보화 서비스 만족도 향상 방안,,2012-10-23 00:00:00,0,0,1,미부착,개방불가,없음,
46,한국지역정보개발원,HOME > 지식마당 > 디지털정책자료 > 정책연구,KLID 2012년 하반기 연구과제물 게시,,2013-01-29 00:00:00,0,0,1,미부착,제1유형,업무상저작물,
47,한국지역정보개발원,HOME > 지식마당 > 디지털정책자료 > 정책연구,KLID 2013년 하반기 연구과제물 게시,,2014-01-28 00:00:00,0,0,1,미부착,제1유형,업무상저작물,
48,한국지역정보개발원,HOME > 지식마당 > 디지털정책자료 > 정책연구,"The Study on the Implementation of System Replacement, Adoption and Operation",,2014-04-02 00:00:00,0,0,1,미부착,제1유형,업무상저작물,
49,한국지역정보개발원,HOME > 지식마당 > 디지털정책자료 > 정책연구,Building 3D Geospatial Information using Detailed Address Data for Activation of Road Name Address,,2014-04-02 00:00:00,0,0,1,미부착,제1유형,업무상저작물,
50,한국지역정보개발원,HOME > 지식마당 > 디지털정책자료 > 정책연구,Big Data for Building Governance of Local Government’s Disaster and Safety Management,,2014-04-02 00:00:00,0,0,1,미부착,제1유형,업무상저작물,
51,한국지역정보개발원,HOME > 지식마당 > 디지털정책자료 > 정책연구,Preparing Local Government to Open Public Data:Examining Open Government Data Law and Making Municip,,2014-04-02 00:00:00,0,0,1,미부착,제1유형,업무상저작물,
52,한국지역정보개발원,HOME > 지식마당 > 디지털정책자료 > 정책연구,KLID 2014년 연구과제물 게시,,2015-02-03 00:00:00,0,0,1,미부착,개방불가,없음,
53,한국지역정보개발원,HOME > 지식마당 > 디지털정책자료 > 정책연구,지방자치단체 소셜미디어 활용 현황과 발전방안 연구,,2015-09-07 00:00:00,0,0,1,미부착,개방불가,없음,
54,한국지역정보개발원,HOME > 지식마당 > 디지털정책자료 > 정책연구,지방자치단체 발전을 위한 창조적 정보화 조직 모델 연구,,2016-01-25 00:00:00,0,0,1,미부착,개방불가,없음,
55,한국지역정보개발원,HOME > 지식마당 > 디지털정책자료 > 정책연구,지방자치단체 빅데이터 활용 관점에서 본 데이터 권리관계에 관한 법제도 연구,,2016-01-25 00:00:00,0,0,1,미부착,개방불가,없음,
56,한국지역정보개발원,HOME > 지식마당 > 디지털정책자료 > 정책연구,자치단체 보안인식 제고를 위한 보안윤리 지수개발 연구,,2016-01-25 00:00:00,0,0,1,미부착,개방불가,없음,
57,한국지역정보개발원,HOME > 지식마당 > 디지털정책자료 > 정책연구,전자정부 서비스 전달채널 개선방안 연구,,2016-01-26 00:00:00,0,0,1,미부착,제1유형,업무상저작물,
58,한국지역정보개발원,HOME > 지식마당 > 디지털정책자료 > 정책연구,사용자 중심의 공공데이터 경제적 가치 측정모델 개발 및 적용 연구,,2017-04-18 00:00:00,0,0,1,미부착,제1유형,업무상저작물,
59,한국지역정보개발원,HOME > 지식마당 > 디지털정책자료 > 정책연구,지방자치단체 스마트워크 업무환경 분석 및 대안연구,,2017-04-18 00:00:00,0,0,1,미부착,개방불가,없음,
60,한국지역정보개발원,HOME > 지식마당 > 디지털정책자료 > 정책연구,지방자치단체 의사결정지원라인 관심데이터 발굴 및 활용방안 연구,,2017-04-18 00:00:00,0,0,1,미부착,제1유형,업무상저작물,
61,한국지역정보개발원,HOME > 지식마당 > 디지털정책자료 > 정책연구,증강현실(AR) 기반의 현장행정 시범서비스 모델 연구,,2017-12-12 00:00:00,0,0,1,미부착,제1유형,업무상저작물,
62,한국지역정보개발원,HOME > 지식마당 > 디지털정책자료 > 정책연구,빅데이터 분석을 위한 민간데이터의 효율적 활용 방안 연구,,2017-12-12 00:00:00,0,0,1,미부착,제1유형,업무상저작물,
63,한국지역정보개발원,HOME > 지식마당 > 디지털정책자료 > 정책연구,인공지능 기술 활성화를 위한 정보화사업 제도 개선 연구,,2018-01-12 00:00:00,0,0,1,미부착,제1유형,업무상저작물,
64,한국지역정보개발원,HOME > 지식마당 > 디지털정책자료 > 정책연구,지방세 전자송달 활성화를 위한 제도 개선 방안 연구,,2018-01-17 00:00:00,0,0,1,미부착,제1유형,업무상저작물,
65,한국지역정보개발원,HOME > 지식마당 > 디지털정책자료 > 정책연구,지방데이터 자치권 강화 방안 연구,,2018-01-17 00:00:00,0,0,1,미부착,제1유형,업무상저작물,
66,한국지역정보개발원,HOME > 지식마당 > 디지털정책자료 > 정책연구,지방자치단체 사물인터넷 전용망 활용 방안 연구,,2018-10-30 00:00:00,0,0,1,미부착,제1유형,업무상저작물,
67,한국지역정보개발원,HOME > 지식마당 > 디지털정책자료 > 정책연구,지방자치단체 정보화 촉진 및 지원에 관한 법률 제정 방안 연구,,2018-10-30 00:00:00,0,0,1,미부착,제1유형,업무상저작물,
68,한국지역정보개발원,HOME > 지식마당 > 디지털정책자료 > 정책연구,디지털 기술을 활용한 주민체감형 지역문제 해결 방안,,2019-03-11 00:00:00,0,0,1,미부착,제4유형,이용허락동의서 작성,
69,한국지역정보개발원,HOME > 지식마당 > 디지털정책자료 > 정책연구,지방자치단체 정보화 수준측정 추진 방안 연구(1),,2019-03-11 00:00:00,0,0,1,미부착,개방불가,없음,
70,한국지역정보개발원,HOME > 지식마당 > 디지털정책자료 > 정책연구,해외사례 분석을 통한 민관협력형 ICT 공공서비스 도입방안 연구,,2019-03-11 00:00:00,0,0,1,미부착,개방불가,없음,
71,한국지역정보개발원,HOME > 지식마당 > 디지털정책자료 > 정책연구,주민주도 지역문제 해결조직 구성 및 운영 방안 연구,,2020-03-10 00:00:00,0,0,1,미부착,제1유형,업무상저작물,
72,한국지역정보개발원,HOME > 지식마당 > 디지털정책자료 > 정책연구,스스로해결단 구성·운영 길잡이,,2020-03-10 00:00:00,0,0,1,미부착,제1유형,업무상저작물,
73,한국지역정보개발원,HOME > 지식마당 > 디지털정책자료 > 정책연구,제37회 지역정보화 연구과제 발표대회 발표자료 사전공개,,2020-12-15 00:00:00,0,0,1,미부착,제1유형,국가/지자체 저작물,
74,한국지역정보개발원,HOME > 지식마당 > 디지털정책자료 > 정책연구,스마트시티의 데이터 활용 사례 연구,,2021-02-17 00:00:00,0,0,1,미부착,제1유형,업무상저작물,
75,한국지역정보개발원,HOME > 지식마당 > 디지털정책자료 > 정책연구,디지털 지역혁신을 위한 지방자치단체 ICT 조직 개선 방안 연구,,2021-03-03 00:00:00,0,0,1,미부착,제1유형,업무상저작물,
76,한국지역정보개발원,HOME > 지식마당 > 디지털정책자료 > 정책연구,데이터 3법 개정에 따른 지방자치단체 데이터 분석 추진체계 개선방안 연구,,2021-03-03 00:00:00,0,0,1,미부착,제1유형,업무상저작물,
77,한국지역정보개발원,HOME > 지식마당 > 디지털정책자료 > 정책연구,디지털 지역혁신 활성화를 위한 지방자치단체 제도 정비 연구,,2021-03-03 00:00:00,0,0,1,미부착,제1유형,업무상저작물,
78,한국지역정보개발원,HOME > 지식마당 > 디지털정책자료 > 정책연구,지자체 클라우드 기반 스마트 행정업무 전환 추진방안 연구,,2021-03-05 00:00:00,0,0,1,미부착,제1유형,업무상저작물,
79,한국지역정보개발원,HOME > 지식마당 > 디지털정책자료 > 정책연구,제38회 지역정보화 연구과제 발표대회(9.29) 발표자료 사전공개,,2021-09-17 00:00:00,0,0,1,미부착,제1유형,업무상저작물,
80,한국지역정보개발원,HOME > 지식마당 > 디지털정책자료 > 정책연구,[KLID] 정책과제_민간 플랫폼을 활용한 주민 정책참여 강화방안,,2021-12-27 00:00:00,0,0,1,미부착,제1유형,업무상저작물,
81,한국지역정보개발원,HOME > 지식마당 > 디지털정책자료 > 정책연구,[KLID] 정책과제_메타버스를 이용한 지방행정 서비스 개선방안,,2021-12-27 00:00:00,0,0,1,미부착,개방불가,없음,
82,한국지역정보개발원,HOME > 지식마당 > 디지털정책자료 > 정책연구,"[KLID] 정책과제_일본의 디지털 사회 형성을 위한 사령탑, 디지털청의 발족",,2021-12-27 00:00:00,0,0,1,미부착,제4유형,이용허락동의서 작성,
83,한국지역정보개발원,HOME > 지식마당 > 디지털정책자료 > 정책연구,[KLID] 정책과제_지방자치단체 메타버스 추진사례 및 활용 전제조건,,2021-12-30 00:00:00,0,0,1,미부착,제1유형,업무상저작물,
84,한국지역정보개발원,HOME > 지식마당 > 디지털정책자료 > 정책연구,제39회 지역정보화 연구과제 발표대회(9.26~9.27) 발표자료 사전공개,,2022-09-20 00:00:00,0,0,1,미부착,제1유형,국가/지자체 저작물,
85,한국지역정보개발원,HOME > 지식마당 > 디지털정책자료 > 정책연구,데이터 기반행정 활성화 정책 및 참고 조례(안) 연구,,2022-01-27 00:00:00,0,0,1,미부착,제1유형,업무상저작물,
86,한국지역정보개발원,HOME > 지식마당 > 디지털정책자료 > 정책연구,자치분권 2.0 시대 디지털 지방의회 구현방안 연구,,2022-02-11 00:00:00,0,0,1,미부착,개방불가,없음,
87,한국지역정보개발원,HOME > 지식마당 > 디지털정책자료 > 정책연구,디지털 지방의정 표준모델 정립에 관한 연구,,2023-03-06 00:00:00,0,0,1,미부착,제1유형,업무상저작물,
88,한국지역정보개발원,HOME > 지식마당 > 디지털정책자료 > 리포트,일본의 과제와 IT 활용,,2006-11-22 00:00:00,0,0,1,미부착,개방불가,없음,
89,한국지역정보개발원,HOME > 지식마당 > 디지털정책자료 > 리포트,성공적인 전자정부 구축을 위한 해외연구 동향,,2006-11-23 00:00:00,0,0,1,미부착,개방불가,없음,
90,한국지역정보개발원,HOME > 지식마당 > 디지털정책자료 > 리포트,8월 지역정보화 동향 분석,,2009-08-14 00:00:00,0,0,1,미부착,제1유형,업무상저작물,
91,한국지역정보개발원,HOME > 지식마당 > 디지털정책자료 > 리포트,9월 지역정보화 동향 분석,,2009-09-17 00:00:00,0,0,1,미부착,제1유형,업무상저작물,
92,한국지역정보개발원,HOME > 지식마당 > 디지털정책자료 > 리포트,10월 지역정보화 동향분석,,2009-11-03 00:00:00,0,0,1,미부착,제1유형,업무상저작물,
93,한국지역정보개발원,HOME > 지식마당 > 디지털정책자료 > 리포트,미국/영국 교육분야에서의 IT활용 동향,,2010-04-15 00:00:00,0,0,1,미부착,제1유형,업무상저작물,
94,한국지역정보개발원,HOME > 지식마당 > 디지털정책자료 > 리포트,12월 지역정보화 동향 분석,,2009-12-29 00:00:00,0,0,1,미부착,제1유형,업무상저작물,
95,한국지역정보개발원,HOME > 지식마당 > 디지털정책자료 > 리포트,영국정부의 IT를 활용한 업무개혁 최신동향,,2010-02-19 00:00:00,0,0,1,미부착,제1유형,업무상저작물,
96,한국지역정보개발원,HOME > 지식마당 > 디지털정책자료 > 리포트,지역정보화동향 제1호 - 지방자치단체 녹색정보화 추진동향,,2010-05-14 00:00:00,0,0,1,미부착,제1유형,업무상저작물,
97,한국지역정보개발원,HOME > 지식마당 > 디지털정책자료 > 리포트,지역정보화동향분석 제2호- 전자정부 성과관리를 위한 평가동향,,2010-05-19 00:00:00,0,0,1,미부착,제1유형,업무상저작물,
98,한국지역정보개발원,HOME > 지식마당 > 디지털정책자료 > 리포트,지역정보화동향분석 제3호- 외국 모바일 전자정부 추진 동향,,2010-06-07 00:00:00,0,0,1,미부착,제1유형,업무상저작물,
99,한국지역정보개발원,HOME > 지식마당 > 디지털정책자료 > 리포트,지역정보화동향분석-제4호 업무용 pc(데스크탑) 가상화,,2010-10-04 00:00:00,0,0,1,미부착,제1유형,업무상저작물,
100,한국지역정보개발원,HOME > 지식마당 > 디지털정책자료 > 리포트,지역정보화동향분석-제5호 증강현실(augmented reality) 구현 기술 현황,,2010-10-04 00:00:00,0,0,1,미부착,제1유형,업무상저작물,
101,한국지역정보개발원,HOME > 지식마당 > 디지털정책자료 > 리포트,지역정보화동향분석-제6호 web 기술의 진화와 공공서비스,,2010-10-21 00:00:00,0,0,1,미부착,제1유형,업무상저작물,
102,한국지역정보개발원,HOME > 지식마당 > 디지털정책자료 > 리포트,지역정보화동향분석-제7호 ICT를 통한 일자리 창출 방안,,2011-04-28 00:00:00,0,0,1,미부착,제1유형,업무상저작물,
103,한국지역정보개발원,HOME > 지식마당 > 디지털정책자료 > 리포트,지역정보화동향분석-제8호 스마트폰 환경에서의 정보보안,,2011-04-28 00:00:00,0,0,1,미부착,제1유형,업무상저작물,
104,한국지역정보개발원,HOME > 지식마당 > 디지털정책자료 > 리포트,2011년 지역정보화동향분석 제1호 - ’11년 자치단체 모바일서비스 추진계획 및 시사점,,2011-04-28 00:00:00,0,0,1,미부착,제1유형,업무상저작물,
105,한국지역정보개발원,HOME > 지식마당 > 디지털정책자료 > 리포트,2011년 지역정보화동향분석 제2호 - 2011년 자치단체 CCTV 통합관제센터 추진 현황 및 시사점,,2011-05-31 00:00:00,0,0,1,미부착,제1유형,업무상저작물,
106,한국지역정보개발원,HOME > 지식마당 > 디지털정책자료 > 리포트,2011년 지역정보화동향분석 제3호 - 지방자치단체와 관련한 「개인정보 보호법」의 주요내용 및 시사점,,2011-06-30 00:00:00,0,0,1,미부착,제1유형,업무상저작물,
107,한국지역정보개발원,HOME > 지식마당 > 디지털정책자료 > 리포트,2011년 지역정보화동향분석 제4호 - 워크 스마트의 이해와 시사점,,2011-07-29 00:00:00,0,0,1,미부착,제1유형,업무상저작물,
108,한국지역정보개발원,HOME > 지식마당 > 디지털정책자료 > 리포트,2011년 지역정보화동향분석 제5호 - 지방자치단체 녹색정보화 추진을 위한 법적 근거 검토,,2011-08-31 00:00:00,0,0,1,미부착,제1유형,업무상저작물,
109,한국지역정보개발원,HOME > 지식마당 > 디지털정책자료 > 리포트,2011년 지역정보화동향분석 제6호 - 국내외 소셜미디어 이용현황 및 정책동향,,2011-09-29 00:00:00,0,0,1,미부착,제1유형,업무상저작물,
110,한국지역정보개발원,HOME > 지식마당 > 디지털정책자료 > 리포트,2011년 지역정보화동향분석 제7호 - 미국 지방정부의 선도적 전자정부 정책 동향,,2011-10-31 00:00:00,0,0,1,미부착,개방불가,없음,
111,한국지역정보개발원,HOME > 지식마당 > 디지털정책자료 > 리포트,2011년 지역정보화동향분석 제8호 - 해외 주요국 지방자치단체의 개인정보보호 법제도 현황,,2011-12-28 00:00:00,0,0,1,미부착,제1유형,업무상저작물,
112,한국지역정보개발원,HOME > 지식마당 > 디지털정책자료 > 리포트,2012년 지역정보화 동향분석 제1호 : 2012년 행정기관의 정보화사업 추진 전망,,2012-02-14 00:00:00,0,0,1,미부착,제1유형,업무상저작물,
113,한국지역정보개발원,HOME > 지식마당 > 디지털정책자료 > 리포트,2012년 지역정보화 동향분석 제2호 : 클라우드 컴퓨팅 추진동향과 적용사례 분석,,2012-03-28 00:00:00,0,0,1,미부착,제1유형,업무상저작물,
114,한국지역정보개발원,HOME > 지식마당 > 디지털정책자료 > 리포트,2012년 지역정보화 동향분석 제3호 : 빅데이터 시대의 데이터 활용과 전략,,2012-04-30 00:00:00,0,0,1,미부착,제1유형,업무상저작물,
115,한국지역정보개발원,HOME > 지식마당 > 디지털정책자료 > 리포트,2012년 지역정보화 동향분석 제4호 : 지속가능한 성장을 위한 스마트 전략 EURO 2020,,2012-05-30 00:00:00,0,0,1,미부착,제1유형,업무상저작물,
116,한국지역정보개발원,HOME > 지식마당 > 디지털정책자료 > 리포트,2012년 지역정보화 동향분석 제5호 : 일본의 정보화전략 추진동향과 주요내용,,2012-06-29 00:00:00,0,0,1,미부착,개방불가,없음,
117,한국지역정보개발원,HOME > 지식마당 > 디지털정책자료 > 리포트,2012년 지역정보화 동향분석 제6호 : 소프트웨어 관리 현황 및 제도 동향,,2012-07-30 00:00:00,0,0,1,미부착,제1유형,업무상저작물,
118,한국지역정보개발원,HOME > 지식마당 > 디지털정책자료 > 리포트,2012년 지역정보화 동향분석 제7호 : ICT 거버넌스 체계 개편논의 및 관련 동향,,2012-09-13 00:00:00,0,0,1,미부착,제1유형,업무상저작물,
119,한국지역정보개발원,HOME > 지식마당 > 디지털정책자료 > 리포트,2012년 지역정보화 동향분석 제8호 : 스마트워크 3.0 주요내용과 추진방향,,2012-09-28 00:00:00,0,0,1,미부착,개방불가,없음,
120,한국지역정보개발원,HOME > 지식마당 > 디지털정책자료 > 리포트,2012년 지역정보화 동향분석 제9호 : 정보화 관련 법안의 제개정 동향,,2012-10-30 00:00:00,0,0,1,미부착,개방불가,없음,
121,한국지역정보개발원,HOME > 지식마당 > 디지털정책자료 > 리포트,2012년 지역정보화 동향분석 제10호 : IT 전문기업의 2013년 IT 기술 전망 비교분석,,2012-11-06 00:00:00,0,0,1,미부착,제1유형,업무상저작물,
122,한국지역정보개발원,HOME > 지식마당 > 디지털정책자료 > 리포트,2013년 지역정보화 동향분석 제1호 : 제18대 대통령 당선인의 IT 공약 분석,,2013-01-02 00:00:00,0,0,1,미부착,제1유형,업무상저작물,
123,한국지역정보개발원,HOME > 지식마당 > 디지털정책자료 > 리포트,2013년 지역정보화 동향분석 제2호 : Gov 3.0 시대 지역정보화의 이슈와 전망,,2013-04-04 00:00:00,0,0,1,미부착,제4유형,이용허락동의서 작성,
124,한국지역정보개발원,HOME > 지식마당 > 디지털정책자료 > 리포트,2013년 지역정보화 동양분석 제3호: 공공정보의 민간개방 사례와 향후 전망,,2013-05-03 00:00:00,0,0,1,미부착,개방불가,없음,
125,한국지역정보개발원,HOME > 지식마당 > 디지털정책자료 > 리포트,2013년 지역정보화 동향분석 제4호 : 지방자치단체 정보화교육 프로그램 현황 및 개선방안,,2013-07-01 00:00:00,0,0,1,미부착,개방불가,없음,
126,한국지역정보개발원,HOME > 지식마당 > 디지털정책자료 > 리포트,2013년 지역정보화 동향분석 제5호: 국내외 IT 공적개발원조(ODA) 사업의 추진 동향 분석,,2013-08-02 00:00:00,0,0,1,미부착,개방불가,없음,
127,한국지역정보개발원,HOME > 지식마당 > 디지털정책자료 > 리포트,2013년 지역정보화 동향분석 제6호: 2013년 정보화 입법 추진 동향,,2013-10-02 00:00:00,0,0,1,미부착,개방불가,없음,
128,한국지역정보개발원,HOME > 지식마당 > 디지털정책자료 > 리포트,2013년 지역정보화 동향분석 제7호: 공공데이터 개방에 따른 민간 활용 촉진 방안,,2013-10-02 00:00:00,0,0,1,미부착,제1유형,업무상저작물,
129,한국지역정보개발원,HOME > 지식마당 > 디지털정책자료 > 리포트,2013년 지역정보화 동향분석 제8호:공공분야 빅데이터 사업 동향분석,,2013-10-18 00:00:00,0,0,1,미부착,개방불가,없음,
130,한국지역정보개발원,HOME > 지식마당 > 디지털정책자료 > 리포트,2013년 지역정보화 동향분석 제9호: 자치단체 가치향상을 위한 오픈 이노베이션,,2013-11-14 00:00:00,0,0,1,미부착,개방불가,없음,
131,한국지역정보개발원,HOME > 지식마당 > 디지털정책자료 > 리포트,2013년 지역정보화 동향분석 제10호: 지방3.0 시대의 지방자치단체 소셜 플랫폼,,2013-12-11 00:00:00,0,0,1,미부착,개방불가,없음,
132,한국지역정보개발원,HOME > 지식마당 > 디지털정책자료 > 리포트,2014년 지역정보화 동향분석 제1호: 2014년 정보화 트랜드,,2014-01-17 00:00:00,0,0,1,미부착,개방불가,없음,
133,한국지역정보개발원,HOME > 지식마당 > 디지털정책자료 > 리포트,2014년 지역정보화 동향분석 제2호: 개인정보 보호 인증(PIPL)」도입에 따른 공공기관의 대응방안,,2014-01-17 00:00:00,0,0,1,미부착,개방불가,없음,
134,한국지역정보개발원,HOME > 지식마당 > 디지털정책자료 > 리포트,2014년 지역정보화 동향분석 제3호: 주민등록번호의 유출과 「개인정보 보호법」의 개정,,2014-03-18 00:00:00,0,0,1,미부착,개방불가,없음,
135,한국지역정보개발원,HOME > 지식마당 > 디지털정책자료 > 리포트,2014년 지역정보화 동향분석 제4호: 새롭게 주목 받는 공영무선랜 추진 동향,,2014-03-24 00:00:00,0,0,1,미부착,개방불가,없음,
136,한국지역정보개발원,HOME > 지식마당 > 디지털정책자료 > 리포트,2014년 지역정보화 동향분석 제5호:LOD(Linked Open Data) 기반의 공공데이터 개방,,2014-04-25 00:00:00,0,0,1,미부착,개방불가,없음,
137,한국지역정보개발원,HOME > 지식마당 > 디지털정책자료 > 리포트,2014년 지역정보화 동향분석 제6호:공공데이터 활용에 대한 이해와 해외 사례,,2014-06-27 00:00:00,0,0,1,미부착,개방불가,없음,
138,한국지역정보개발원,HOME > 지식마당 > 디지털정책자료 > 리포트,2014년 지역정보화 동향분석 제7호: 기초자치단체 공공데이터 제공 범위 사례,,2014-07-30 00:00:00,0,0,1,미부착,제1유형,업무상저작물,
139,한국지역정보개발원,HOME > 지식마당 > 디지털정책자료 > 리포트,2014년 지역정보화 동향분석 제8호: 지방자치단체 정보화 민자사업(BTL/BTO) 추진 동향,,2014-09-30 00:00:00,0,0,1,미부착,개방불가,없음,
140,한국지역정보개발원,HOME > 지식마당 > 디지털정책자료 > 리포트,"2014년 지역정보화 동향분석 제9호: 데이터 시각화, 인식과 행동",,2014-11-03 00:00:00,0,0,1,미부착,개방불가,없음,
141,한국지역정보개발원,HOME > 지식마당 > 디지털정책자료 > 리포트,2014년 지역정보화 동향분석 제10호:지방자치단체 빅데이터 도입과 활용사례,,2014-11-25 00:00:00,0,0,1,미부착,개방불가,없음,
142,한국지역정보개발원,HOME > 지식마당 > 디지털정책자료 > 리포트,2014년 지역정보화 동향분석 제11호: 사용자 경험(UX)기반의 서비스 전략 기획(Service Strategy Planning),,2014-12-16 00:00:00,0,0,1,미부착,개방불가,없음,
143,한국지역정보개발원,HOME > 지식마당 > 디지털정책자료 > 리포트,2014년 지역정보화 동향분석 제12호: 데이터 처리 기술 및 데이터 공개 방안,,2014-12-22 00:00:00,0,0,1,미부착,개방불가,없음,
144,한국지역정보개발원,HOME > 지식마당 > 디지털정책자료 > 리포트,2015년 지역정보화 동향분석 제1호: 공공데이터 개방 기술 동향,,2015-02-03 00:00:00,0,0,1,미부착,개방불가,없음,
145,한국지역정보개발원,HOME > 지식마당 > 디지털정책자료 > 리포트,2015년 지역정보화 동향분석 제2호: 공간정보 활용 커뮤니티 활성화 사례,,2015-03-06 00:00:00,0,0,1,미부착,개방불가,없음,
146,한국지역정보개발원,HOME > 지식마당 > 디지털정책자료 > 리포트,2015년 지역정보화 동향분석 제3호: O2O와 로컬서비스 시대,,2015-05-06 00:00:00,0,0,1,미부착,개방불가,없음,
147,한국지역정보개발원,HOME > 지식마당 > 디지털정책자료 > 리포트,2015년 지역정보화 동향분석 제4호: 국가 공간정보 활용 방안,,2015-05-12 00:00:00,0,0,1,미부착,개방불가,없음,
148,한국지역정보개발원,HOME > 지식마당 > 디지털정책자료 > 리포트,2015년 지역정보화 동향분석 제5호: 사물인터넷 활용사례 및 신규사례 개발 전략,,2015-05-22 00:00:00,0,0,1,미부착,개방불가,없음,
149,한국지역정보개발원,HOME > 지식마당 > 디지털정책자료 > 리포트,2015년 지역정보화 동향분석 제6호: 옴니채널 패러다임의 공공 서비스 활용방안,,2015-06-22 00:00:00,0,0,1,미부착,개방불가,없음,
150,한국지역정보개발원,HOME > 지식마당 > 디지털정책자료 > 리포트,2015년 지역정보화 동향분석 제7호:사물인터넷상에서의 보안 및 프라이버시 보호 이슈,,2015-07-29 00:00:00,0,0,1,미부착,개방불가,없음,
151,한국지역정보개발원,HOME > 지식마당 > 디지털정책자료 > 리포트,2015년 지역정보화 동향분석 제8호:스마트 정보격차의 현황과 과제,,2015-08-28 00:00:00,0,0,1,미부착,개방불가,없음,
152,한국지역정보개발원,HOME > 지식마당 > 디지털정책자료 > 리포트,2015년 지역정보화 동향분석 제9호:클라우드 서비스를 이용한 공공기관 활용 사례,,2015-10-02 00:00:00,0,0,1,미부착,개방불가,없음,
153,한국지역정보개발원,HOME > 지식마당 > 디지털정책자료 > 리포트,2015년 지역정보화 동향분석 제10호: 공공소프트웨어사업 영향평가제의 의의와 시사점,,2015-11-06 00:00:00,0,0,1,미부착,제1유형,업무상저작물,
154,한국지역정보개발원,HOME > 지식마당 > 디지털정책자료 > 리포트,2015년 지원정보화 동향분석 제 11호 : 공공데이터와 빅데이터 활용사례 및 지방자치단체 추진전략,,2015-11-26 00:00:00,0,0,1,미부착,제1유형,업무상저작물,
155,한국지역정보개발원,HOME > 지식마당 > 디지털정책자료 > 리포트,2015년 지역정보화 동향분석 제12호: 국가재난안전통신망 추진현황 및 구축전략,,2015-12-11 00:00:00,0,0,1,미부착,개방불가,없음,
156,한국지역정보개발원,HOME > 지식마당 > 디지털정책자료 > 리포트,2016년 지역정보화 이슈 리포트 제1호: 4차 산업혁명 시대의 지역정보화 대응전략,,2016-03-04 00:00:00,0,0,1,미부착,제1유형,업무상저작물,
157,한국지역정보개발원,HOME > 지식마당 > 디지털정책자료 > 리포트,2016년 지역정보화 이슈 리포트 제2호: 지방자치단체 빅데이터 추진현황과 정책적 시사점,,2016-05-20 00:00:00,0,0,1,미부착,제1유형,업무상저작물,
158,한국지역정보개발원,HOME > 지식마당 > 디지털정책자료 > 리포트,2016년 지역정보화 이슈 리포트 제3호: 인공지능 기술로 구현될 지역사회 정보서비스,,2016-05-25 00:00:00,0,0,1,미부착,제1유형,업무상저작물,
159,한국지역정보개발원,HOME > 지식마당 > 디지털정책자료 > 리포트,2016년 지역정보화 이슈 리포트 제4호: 공공부문 클라우드 도입사례와 지방자치단체 대응전략,,2016-07-22 00:00:00,0,0,1,미부착,개방불가,없음,
160,한국지역정보개발원,HOME > 지식마당 > 디지털정책자료 > 리포트,2016년 지역정보화 이슈 리포트 제5호: 국내외 사례분석을 통해 본 모바일 전자지방정부 추진과제,,2016-09-21 00:00:00,0,0,1,미부착,제1유형,업무상저작물,
161,한국지역정보개발원,HOME > 지식마당 > 디지털정책자료 > 리포트,2016년 지역정보화 이슈 리포트 제6호: ICBM 현황과 스마트시티 구축방안,,2016-09-22 00:00:00,0,0,1,미부착,개방불가,없음,
162,한국지역정보개발원,HOME > 지식마당 > 디지털정책자료 > 리포트,"2016년 지역정보화 이슈 리포트 제7호: 제4차 산업사회, 스마트시티로 대응하다",,2016-10-14 00:00:00,0,0,1,미부착,개방불가,없음,
163,한국지역정보개발원,HOME > 지식마당 > 디지털정책자료 > 리포트,2016년 지역정보화 이슈 리포트 제8호 : 웨어러블 헬스케어 현황 및 미래전망,,2016-11-16 00:00:00,0,0,1,미부착,개방불가,없음,
164,한국지역정보개발원,HOME > 지식마당 > 디지털정책자료 > 리포트,2016년 지역정보화 이슈 리포트 제9호 : 실내 위치정보기술 현황과 활용사례,,2016-12-02 00:00:00,0,0,1,미부착,제1유형,업무상저작물,
165,한국지역정보개발원,HOME > 지식마당 > 디지털정책자료 > 리포트,2016년 지역정보화 이슈 리포트 제10호 : 드론을 활용한 지자체 지역정보화 추진방향,,2016-12-13 00:00:00,0,0,1,미부착,제1유형,업무상저작물,
166,한국지역정보개발원,HOME > 지식마당 > 디지털정책자료 > 리포트,2016년 지역정보화 이슈 리포트 제11호 : 가상/증강현실 기술을 통해 변화될 우리의 미래생활,,2016-12-28 00:00:00,0,0,1,미부착,개방불가,없음,
167,한국지역정보개발원,HOME > 지식마당 > 디지털정책자료 > 리포트,2016년 지역정보화 이슈 리포트 제12호 : 2017년 ICT Trend,,2017-01-02 00:00:00,0,0,1,미부착,제1유형,업무상저작물,
168,한국지역정보개발원,HOME > 지식마당 > 디지털정책자료 > 리포트,2017년 지역정보화 이슈 리포트 제1호 : 스마트공장과 지역 경제 파급 효과,,2017-03-31 00:00:00,0,0,1,미부착,제1유형,업무상저작물,
169,한국지역정보개발원,HOME > 지식마당 > 디지털정책자료 > 리포트,2017년 지역정보화 이슈 리포트 제2호 : VR/AR 산업 활성화를 위한 법정책적 과제,,2017-04-24 00:00:00,0,0,1,미부착,개방불가,없음,
170,한국지역정보개발원,HOME > 지식마당 > 디지털정책자료 > 리포트,2018년도 지방자치단체 국가정보화 시행계획 작성지침 설명회 발표자료집,,2017-06-09 00:00:00,0,0,1,미부착,개방불가,없음,
171,한국지역정보개발원,HOME > 지식마당 > 디지털정책자료 > 리포트,2017년 지역정보화 이슈 리포트 제3호 : 인공지능을 연계한 스마트시티 추진 전략,,2017-06-29 00:00:00,0,0,1,미부착,개방불가,없음,
172,한국지역정보개발원,HOME > 지식마당 > 디지털정책자료 > 리포트,2017년 지역정보화 이슈 리포트 제4호 : 사물 소물인터넷의 활용 기술과 지역정보화,,2017-07-19 00:00:00,0,0,1,미부착,제4유형,이용허락동의서 작성,
173,한국지역정보개발원,HOME > 지식마당 > 디지털정책자료 > 리포트,2017년 지역정보화 이슈 리포트 제5호 : 지능형 CCTV 기술 현황 및 활용 사례,,2017-10-25 00:00:00,0,0,1,미부착,개방불가,없음,
174,한국지역정보개발원,HOME > 지식마당 > 디지털정책자료 > 리포트,2017년 지역정보화 이슈 리포트 제6호 : 블록체인의 지역정보화 활용 가능성,,2017-10-30 00:00:00,0,0,1,미부착,개방불가,없음,
175,한국지역정보개발원,HOME > 지식마당 > 디지털정책자료 > 리포트,2017년 지역정보화 이슈 리포트 제8호 : 진료정보교류 활성화를 통한 지역의료 네트워크 구축 전략,,2017-11-21 00:00:00,0,0,1,미부착,개방불가,없음,
176,한국지역정보개발원,HOME > 지식마당 > 디지털정책자료 > 리포트,2017년 지역정보화 이슈 리포트 제9호 : 스마트시티의 Smart Key,,2017-12-01 00:00:00,0,0,1,미부착,개방불가,없음,
177,한국지역정보개발원,HOME > 지식마당 > 디지털정책자료 > 리포트,2017년 지역정보화 이슈 리포트 제10호 : 머신러닝과 공공데이터의 융·복합 및 활용사례,,2017-12-08 00:00:00,0,0,1,미부착,개방불가,없음,
178,한국지역정보개발원,HOME > 지식마당 > 디지털정책자료 > 리포트,2017년 지역정보화 이슈 리포트 제12호 : 실감미디어 기술의 현황과 활용사례,,2017-12-19 00:00:00,0,0,1,미부착,개방불가,없음,
179,한국지역정보개발원,HOME > 지식마당 > 디지털정책자료 > 리포트,2018년 지역정보화 이슈 리포트 제1호 : 지역정보화 최신 동향 및 이슈 리포트 결산,,2018-03-07 00:00:00,0,0,1,미부착,제1유형,업무상저작물,
180,한국지역정보개발원,HOME > 지식마당 > 디지털정책자료 > 리포트,2018년 지역정보화 이슈 리포트 제2호,,2018-04-03 00:00:00,0,0,1,미부착,제1유형,업무상저작물,
181,한국지역정보개발원,HOME > 지식마당 > 디지털정책자료 > 리포트,2018년 지역정보화 이슈 리포트 제3호 : 미국의 화재예방·신속대응을 위한 정보관리와 ICT 활용,,2018-05-15 00:00:00,0,0,1,미부착,개방불가,없음,
182,한국지역정보개발원,HOME > 지식마당 > 디지털정책자료 > 리포트,2018년 지역정보화 이슈 리포트 제4호 : 동일본 대지진의 복구와 재생을 향한 새로운 도전,,2018-05-31 00:00:00,0,0,1,미부착,개방불가,없음,
183,한국지역정보개발원,HOME > 지식마당 > 디지털정책자료 > 리포트,2018년 지역정보화 이슈 리포트 제5호 : 지방자치단체 빅데이터 분석 사업 추진 현황,,2018-07-02 00:00:00,0,0,1,미부착,제1유형,업무상저작물,
184,한국지역정보개발원,HOME > 지식마당 > 디지털정책자료 > 리포트,2018년 지역정보화 이슈 리포트 제6호 : 민선 7기 시·도지사 주요 공약 분석,,2018-08-28 00:00:00,0,0,1,미부착,개방불가,없음,
185,한국지역정보개발원,HOME > 지식마당 > 디지털정책자료 > 리포트,2018년 지역정보화 이슈 리포트 제7호 : 첨단정보기술을 활용한 주민서비스 사례,,2018-10-29 00:00:00,0,0,1,미부착,제1유형,업무상저작물,
186,한국지역정보개발원,HOME > 지식마당 > 디지털정책자료 > 리포트,2018년 지역정보화 이슈 리포트 제8호 : 일본의 ICT활용을 통한 주민참여와 지역활성화,,2018-11-09 00:00:00,0,0,1,미부착,제4유형,이용허락동의서 작성,
187,한국지역정보개발원,HOME > 지식마당 > 디지털정책자료 > 리포트,2018년 지역정보화 이슈 리포트 제9호 : 4차 산업혁명에 대응한 조직 실험(제주특별자치도 미래전략국),,2018-11-26 00:00:00,0,0,1,미부착,개방불가,없음,
188,한국지역정보개발원,HOME > 지식마당 > 디지털정책자료 > 리포트,"2018년 지역정보화 이슈 리포트 제10호 : 지방자치단체, 블록체인 기술에 집중하다",,2018-12-03 00:00:00,0,0,1,미부착,개방불가,없음,
189,한국지역정보개발원,HOME > 지식마당 > 디지털정책자료 > 리포트,2018년 지역정보화 이슈 리포트 제11호 : 미국의 ict를 활용한 시민참여 사례,,2018-12-11 00:00:00,0,0,1,미부착,개방불가,없음,
190,한국지역정보개발원,HOME > 지식마당 > 디지털정책자료 > 리포트,2018년 지역정보화 이슈 리포트 제12호 : IoT 홀로그램 스마트 경관등을 활용한 지역서비스,,2018-12-17 00:00:00,0,0,1,미부착,개방불가,없음,
191,한국지역정보개발원,HOME > 지식마당 > 디지털정책자료 > 리포트,해외(일본) 지자체 디지털 정책 사례 리포트(사회기반시설 보수 디지털화 추진 사례),,2021-07-16 00:00:00,0,0,1,미부착,개방불가,없음,
192,한국지역정보개발원,HOME > 지식마당 > 디지털정책자료 > 리포트,해외(일본) 지자체 디지털 정책 사례 리포트(디지털 전환을 위한 조직과 인재),,2021-07-16 00:00:00,0,0,1,미부착,개방불가,없음,
193,한국지역정보개발원,HOME > 지식마당 > 디지털정책자료 > 리포트,해외(일본) 지자체 디지털 정책 사례 리포트(포용적인 행정서비스를 위한 다국어 번역 AI),,2021-07-16 00:00:00,0,0,1,미부착,개방불가,없음,
194,한국지역정보개발원,HOME > 지식마당 > 디지털정책자료 > 리포트,해외(일본) 지자체 디지털 정책 사례 리포트(코로나백신 접종과 ICT),,2021-07-16 00:00:00,0,0,1,미부착,개방불가,없음,
195,한국지역정보개발원,HOME > 지식마당 > 디지털정책자료 > 리포트,해외(일본) 지자체 디지털 정책 사례 리포트(행정서비스와 디지털 격차),,2021-07-16 00:00:00,0,0,1,미부착,개방불가,없음,
196,한국지역정보개발원,HOME > 지식마당 > 디지털정책자료 > 리포트,해외(일본) 지자체 디지털 정책 사례 리포트(안면인식기술을 이용한 '빈손관광'),,2021-08-10 00:00:00,0,0,1,미부착,개방불가,없음,
197,한국지역정보개발원,HOME > 지식마당 > 디지털정책자료 > 리포트,해외(일본) 지자체 디지털 정책 사례 리포트(드론을 활용한 지역과제 해결과 신산업 창출),,2021-08-10 00:00:00,0,0,1,미부착,개방불가,없음,
198,한국지역정보개발원,HOME > 지식마당 > 디지털정책자료 > 리포트,해외(일본) 지자체 디지털 정책 사례 리포트(보육 ICT 업무지원 시스템),,2021-09-15 00:00:00,0,0,1,미부착,개방불가,없음,
199,한국지역정보개발원,HOME > 지식마당 > 디지털정책자료 > 리포트,해외(일본) 지자체 디지털 정책 사례 리포트(민관협력으로 지역과제 해결),,2021-09-15 00:00:00,0,0,1,미부착,개방불가,없음,
200,한국지역정보개발원,HOME > 지식마당 > 디지털정책자료 > 리포트,해외(일본) 지자체 디지털 정책 사례 리포트(디지털 거버먼트 선진국의 DX 추진조직),,2021-11-03 00:00:00,0,0,1,미부착,개방불가,없음,
201,한국지역정보개발원,HOME > 지식마당 > 디지털정책자료 > 리포트,해외(일본) 지자체 디지털 정책 사례 리포트(지방자치단체의 디지털 전환 관련법),,2021-11-03 00:00:00,0,0,1,미부착,개방불가,없음,
202,한국지역정보개발원,HOME > 지식마당 > 디지털정책자료 > 리포트,해외(일본) 지자체 디지털 정책 사례 리포트(디지털농업 관련 규제개혁),,2021-11-29 00:00:00,0,0,1,미부착,개방불가,없음,
203,한국지역정보개발원,HOME > 지식마당 > 디지털정책자료 > 리포트,해외(일본) 지자체 디지털 정책 사례 리포트(RPA 도입 환경의 구축),,2021-11-29 00:00:00,0,0,1,미부착,개방불가,없음,
204,한국지역정보개발원,HOME > 지식마당 > 디지털정책자료 > 리포트,해외(일본) 지자체 디지털 정책 사례 리포트(클라우드 기반의 종합방재시스템 활용),,2021-12-23 00:00:00,0,0,1,미부착,개방불가,없음,
205,한국지역정보개발원,HOME > 지식마당 > 디지털정책자료 > 리포트,해외(일본) 지자체 디지털 정책 사례 리포트(재난 대비 및 이재민 지원시스템),,2021-12-23 00:00:00,0,0,1,미부착,개방불가,없음,
206,한국지역정보개발원,HOME > 지식마당 > 디지털정책자료 > 리포트,"KLID 디지털 정책 리포트(전자신분증, 신원 확인의 디지털전환)",,2022-04-21 00:00:00,0,0,1,미부착,개방불가,없음,
207,한국지역정보개발원,HOME > 지식마당 > 디지털정책자료 > 리포트,"KLID 디지털 정책 리포트(통합이동서비스, 도시형 MaaS 추진 현황)",,2022-05-25 00:00:00,0,0,1,미부착,개방불가,없음,
208,한국지역정보개발원,HOME > 지식마당 > 디지털정책자료 > 리포트,KLID 디지털 정책 리포트(블록체인 산업 동향과 행정서비스 적용 사례),,2022-09-19 00:00:00,0,0,1,미부착,제4유형,이용허락동의서 작성,
209,한국지역정보개발원,HOME > 지식마당 > 디지털정책자료 > 리포트,KLID 디지털 정책 리포트(클라우드컴퓨팅 시대로 전환),,2022-09-30 00:00:00,0,0,1,미부착,개방불가,없음,
210,한국지역정보개발원,HOME > 지식마당 > 디지털정책자료 > 리포트,"KLID 디지털 정책 리포트(메타버스와 아바타, 로봇서비스 지자체 도입 시 고려사항)",,2022-10-07 00:00:00,0,0,1,미부착,제4유형,이용허락동의서 작성,
211,한국지역정보개발원,HOME > 지식마당 > 디지털정책자료 > 리포트,KLID 디지털 정책 리포트(국내외 지방소멸대응 추진현황 및 사례),,2022-10-21 00:00:00,0,0,1,미부착,개방불가,없음,
212,한국지역정보개발원,HOME > 지식마당 > 디지털정책자료 > 리포트,KLID 디지털 정책 리포트(지역소멸 위기의 극복방안: 워케이션 활성화를 중심으로),,2022-12-30 00:00:00,0,0,1,미부착,개방불가,없음,
213,한국지역정보개발원,HOME > 지식마당 > 디지털정책자료 > 리포트,KLID 디지털 정책 리포트(디지털 전환 측정 국내외 사례 및 시사점),,2022-12-30 00:00:00,0,0,1,미부착,개방불가,없음,
214,한국지역정보개발원,HOME > 지식마당 > 디지털정책자료 > 리포트,KLID 디지털 정책 리포트(지방의회 디지털 플랫폼 구현 방안),,2022-12-30 00:00:00,0,0,1,미부착,제4유형,이용허락동의서 작성,
215,한국지역정보개발원,HOME > 지식마당 > 디지털정책자료 > 리포트,"KLID 디지털 이슈 리포트(챗GPT, 국내외 공공 부문 도입 동향과 지자체 활용방안)",,2023.-8-22,0,0,1,미부착,개방불가,없음,
216,한국지역정보개발원,HOME > 지식마당 > 디지털정책자료 > 수준진단,1999년 기초자치단체 정보화수준측정,,2006-11-27 00:00:00,0,0,1,미부착,제1유형,업무상저작물,
217,한국지역정보개발원,HOME > 지식마당 > 디지털정책자료 > 수준진단,2000년 기초자치단체 정보화수준측정,,2006-11-27 00:00:00,0,0,1,미부착,제1유형,업무상저작물,
218,한국지역정보개발원,HOME > 지식마당 > 디지털정책자료 > 수준진단,2001년 기초자치단체 정보화수준측정,,2006-11-27 00:00:00,0,0,1,미부착,제1유형,업무상저작물,
219,한국지역정보개발원,HOME > 지식마당 > 디지털정책자료 > 수준진단,2002년 기초자치단체 정보화수준측정,,2006-11-27 00:00:00,0,0,1,미부착,제1유형,업무상저작물,
220,한국지역정보개발원,HOME > 지식마당 > 디지털정책자료 > 수준진단,2003년 기초자치단체 정보화수준측정,,2006-11-27 00:00:00,0,0,1,미부착,제1유형,업무상저작물,
221,한국지역정보개발원,HOME > 지식마당 > 디지털정책자료 > 수준진단,2005년 기초자치단체 정보화수준측정,,2006-11-27 00:00:00,0,0,1,미부착,제1유형,업무상저작물,
222,한국지역정보개발원,HOME > 지식마당 > 디지털정책자료 > 수준진단,2005 지방자치단체 정보화평가,,2008-05-22 00:00:00,0,0,1,미부착,제1유형,업무상저작물,
223,한국지역정보개발원,HOME > 지식마당 > 디지털정책자료 > 수준진단,2000년도 기초자치단체 정보화수준측정,,2006-11-01 00:00:00,0,0,1,미부착,제1유형,업무상저작물,
224,한국지역정보개발원,HOME > 지식마당 > 디지털정책자료 > 수준진단,「EU」전자정부과제에 관한 조사,,2010-01-15 00:00:00,0,0,1,미부착,제1유형,업무상저작물,
225,한국지역정보개발원,HOME > 지식마당 > 디지털정책자료 > 수준진단,지역정보화 수준진단 설명회 발표자료집,,2017-07-27 00:00:00,0,0,1,미부착,제1유형,업무상저작물,
226,한국지역정보개발원,HOME > 지식마당 > 디지털정책자료 > 수준진단,지역정보화 수준 진단 성과 공유회,,2018-03-02 00:00:00,0,0,1,미부착,제1유형,업무상저작물,
227,한국지역정보개발원,HOME > 지식마당 > 디지털정책자료 > 수준진단,[2018 지역정보화 수준 진단 20] 가축전염병 예방·방제 서비스,,2019-02-14 00:00:00,0,0,1,미부착,개방불가,없음,
228,한국지역정보개발원,HOME > 지식마당 > 디지털정책자료 > 수준진단,[2018 지역정보화 수준 진단 19] 스마트팜 지원 서비스,,2019-02-14 00:00:00,0,0,1,미부착,개방불가,없음,
229,한국지역정보개발원,HOME > 지식마당 > 디지털정책자료 > 수준진단,[2018 지역정보화 수준 진단 18] 농기계 임대 서비스,,2019-02-14 00:00:00,0,0,1,미부착,개방불가,없음,
230,한국지역정보개발원,HOME > 지식마당 > 디지털정책자료 > 수준진단,[2018 지역정보화 수준 진단 17] 전통시장 활성화 지원 서비스,,2019-02-14 00:00:00,0,0,1,미부착,개방불가,없음,
231,한국지역정보개발원,HOME > 지식마당 > 디지털정책자료 > 수준진단,[2018 지역정보화 수준 진단 16] 교통소외지역 지원 서비스,,2019-02-14 00:00:00,0,0,1,미부착,개방불가,없음,
232,한국지역정보개발원,HOME > 지식마당 > 디지털정책자료 > 수준진단,[2018 지역정보화 수준 진단 15] 재활용품 배출·수거 지원 서비스,,2019-02-14 00:00:00,0,0,1,미부착,개방불가,없음,
233,한국지역정보개발원,HOME > 지식마당 > 디지털정책자료 > 수준진단,[2018 지역정보화 수준 진단 14] 미세먼지 정보제공 서비스,,2019-02-14 00:00:00,0,0,1,미부착,개방불가,없음,
234,한국지역정보개발원,HOME > 지식마당 > 디지털정책자료 > 수준진단,[2018 지역정보화 수준 진단 13] 수질오염원 관리 서비스,,2019-02-14 00:00:00,0,0,1,미부착,개방불가,없음,
235,한국지역정보개발원,HOME > 지식마당 > 디지털정책자료 > 수준진단,[2018 지역정보화 수준 진단 12] 하수관거 관리 서비스,,2019-02-14 00:00:00,0,0,1,미부착,개방불가,없음,
236,한국지역정보개발원,HOME > 지식마당 > 디지털정책자료 > 수준진단,[2018 지역정보화 수준 진단 11] 장애인고령층의 공공시설 활용지원 서비스,,2019-02-14 00:00:00,0,0,1,미부착,개방불가,없음,
237,한국지역정보개발원,HOME > 지식마당 > 디지털정책자료 > 수준진단,[2018 지역정보화 수준 진단 10] 노후시설붕괴위험 관리 서비스,,2019-02-14 00:00:00,0,0,1,미부착,개방불가,없음,
238,한국지역정보개발원,HOME > 지식마당 > 디지털정책자료 > 수준진단,[2018 지역정보화 수준 진단 09] 어린이집 위생·안전 관리 서비스,,2019-02-14 00:00:00,0,0,1,미부착,개방불가,없음,
239,한국지역정보개발원,HOME > 지식마당 > 디지털정책자료 > 수준진단,[2018 지역정보화 수준 진단 08] 모기 방제 서비스,,2019-02-14 00:00:00,0,0,1,미부착,개방불가,없음,
240,한국지역정보개발원,HOME > 지식마당 > 디지털정책자료 > 수준진단,[2018 지역정보화 수준 진단 07] 시민여가시설 위생관리 서비스,,2019-02-14 00:00:00,0,0,1,미부착,개방불가,없음,
241,한국지역정보개발원,HOME > 지식마당 > 디지털정책자료 > 수준진단,[2018 지역정보화 수준 진단 06] 자살예방 서비스,,2019-02-14 00:00:00,0,0,1,미부착,개방불가,없음,
242,한국지역정보개발원,HOME > 지식마당 > 디지털정책자료 > 수준진단,[2018 지역정보화 수준 진단 05] 사회소외계층 안전 지원 서비스,,2019-02-14 00:00:00,0,0,1,미부착,개방불가,없음,
243,한국지역정보개발원,HOME > 지식마당 > 디지털정책자료 > 수준진단,[2018 지역정보화 수준 진단 04] 재난 대응정보 정보제공 서비스,,2019-02-14 00:00:00,0,0,1,미부착,개방불가,없음,
244,한국지역정보개발원,HOME > 지식마당 > 디지털정책자료 > 수준진단,[2018 지역정보화 수준 진단 03] 미아 방지·조기대응 서비스,,2019-02-14 00:00:00,0,0,1,미부착,개방불가,없음,
245,한국지역정보개발원,HOME > 지식마당 > 디지털정책자료 > 수준진단,[2018 지역정보화 수준 진단 02] 옥외광고물 관리 서비스,,2019-02-14 00:00:00,0,0,1,미부착,개방불가,없음,
246,한국지역정보개발원,HOME > 지식마당 > 디지털정책자료 > 수준진단,[2018 지역정보화 수준 진단 01] 시민 정책의견 수렴 서비스,,2019-02-14 00:00:00,0,0,1,미부착,개방불가,없음,
247,한국지역정보개발원,HOME > 지식마당 > 디지털정책자료 > 수준진단,2018 지역정보화 수준 진단 종합보고서,,2019-02-14 00:00:00,0,0,1,미부착,개방불가,없음,
248,한국지역정보개발원,HOME > 지식마당 > 디지털정책자료 > 수준진단,지역정보화 수준진단 연구,,2020-03-10 00:00:00,0,0,1,미부착,제1유형,업무상저작물,
249,한국지역정보개발원,HOME > 지식마당 > 디지털정책자료 > 수준진단,2020 지역정보화 수준진단 종합보고서,,2021-01-13 00:00:00,0,0,1,미부착,개방불가,없음,
250,한국지역정보개발원,HOME > 지식마당 > 디지털정책자료 > 수준진단,2022년 지방자치단체 디지털 수준진단 -진단모형 및 지표 개선-,,2023-04-11 00:00:00,0,0,1,미부착,개방불가,없음,
251,한국지역정보개발원,HOME > 지식마당 > 디지털정책자료 > 수준진단,2021년 지방자치단체 디지털 수준진단 연구,,2022-02-24 00:00:00,0,0,1,미부착,제1유형,업무상저작물,
252,한국지역정보개발원,HOME > 지식마당 > 디지털정책자료 > 공공서비스,독일 eID카드(전자신분증)의 개요와 특징,,2010-03-26 00:00:00,0,0,1,미부착,제1유형,업무상저작물,
253,한국지역정보개발원,HOME > 지식마당 > 디지털정책자료 > 공공서비스,2017 스마트시티 서비스 카탈로그,,2017-10-12 00:00:00,0,0,1,미부착,제1유형,업무상저작물,
254,한국지역정보개발원,HOME > 지식마당 > 디지털정책자료 > 공공서비스,[2017-01]불법주차안내서비스,,2018-04-27 00:00:00,0,0,1,미부착,제1유형,업무상저작물,
255,한국지역정보개발원,HOME > 지식마당 > 디지털정책자료 > 공공서비스,[2017-02]공영주차장 스마트 파킹 서비스,,2018-04-27 00:00:00,0,0,1,미부착,제1유형,업무상저작물,
256,한국지역정보개발원,HOME > 지식마당 > 디지털정책자료 > 공공서비스,[2017-03]스마트횡단보도 서비스,,2018-04-27 00:00:00,0,0,1,미부착,제1유형,업무상저작물,
257,한국지역정보개발원,HOME > 지식마당 > 디지털정책자료 > 공공서비스,[2017-04]주거환경 개선 스마트 방역서비스,,2018-04-27 00:00:00,0,0,1,미부착,제1유형,업무상저작물,
258,한국지역정보개발원,HOME > 지식마당 > 디지털정책자료 > 공공서비스,[2017-05]상수도 스마트미터링 서비스,,2018-04-27 00:00:00,0,0,1,미부착,제1유형,업무상저작물,
259,한국지역정보개발원,HOME > 지식마당 > 디지털정책자료 > 공공서비스,[2017-06]IoT기반 문화재 관리 서비스,,2018-04-27 00:00:00,0,0,1,미부착,제1유형,업무상저작물,
260,한국지역정보개발원,HOME > 지식마당 > 디지털정책자료 > 공공서비스,[2017-07]스마트 도서관 서비스,,2018-04-27 00:00:00,0,0,1,미부착,제1유형,업무상저작물,
261,한국지역정보개발원,HOME > 지식마당 > 디지털정책자료 > 공공서비스,[2017-08]IT기반 섬 지역 긴급구조 환자 이송지원 시스템,,2018-04-27 00:00:00,0,0,1,미부착,제1유형,업무상저작물,
262,한국지역정보개발원,HOME > 지식마당 > 디지털정책자료 > 공공서비스,[2017-09]사회적 약자 안전관리 서비스,,2018-04-27 00:00:00,0,0,1,미부착,제1유형,업무상저작물,
263,한국지역정보개발원,HOME > 지식마당 > 디지털정책자료 > 공공서비스,[2017-10]청각장애인 의사소통을 돕는 스마트 서비스,,2018-04-27 00:00:00,0,0,1,미부착,제1유형,업무상저작물,
264,한국지역정보개발원,HOME > 지식마당 > 디지털정책자료 > 공공서비스,[2017-11]농업용 방제드론 서비스,,2018-04-27 00:00:00,0,0,1,미부착,제1유형,업무상저작물,
265,한국지역정보개발원,HOME > 지식마당 > 디지털정책자료 > 공공서비스,[2017-12]이동식 CCTV 서비스,,2018-04-27 00:00:00,0,0,1,미부착,제1유형,업무상저작물,
266,한국지역정보개발원,HOME > 지식마당 > 디지털정책자료 > 공공서비스,[2017-13]드론 기반 스마트 해상안전 서비스,,2018-04-27 00:00:00,0,0,1,미부착,제1유형,업무상저작물,
267,한국지역정보개발원,HOME > 지식마당 > 디지털정책자료 > 공공서비스,[2017-14]IoT기반 재난 안전 비상대피 시스템,,2018-04-27 00:00:00,0,0,1,미부착,제1유형,업무상저작물,
268,한국지역정보개발원,HOME > 지식마당 > 디지털정책자료 > 공공서비스,[2017-15]대기질 모니터링 서비스,,2018-04-27 00:00:00,0,0,1,미부착,제1유형,업무상저작물,
269,한국지역정보개발원,HOME > 지식마당 > 디지털정책자료 > 공공서비스,[2017-16]실시간 분수 수질 정보 제공 서비스,,2018-04-27 00:00:00,0,0,1,미부착,제1유형,업무상저작물,
270,한국지역정보개발원,HOME > 지식마당 > 디지털정책자료 > 공공서비스,[2017-17]가축분뇨 전자인계 관리 시스템,,2018-04-27 00:00:00,0,0,1,미부착,제1유형,업무상저작물,
271,한국지역정보개발원,HOME > 지식마당 > 디지털정책자료 > 공공서비스,[2017-18]스마트 쓰레기통 서비스,,2018-04-27 00:00:00,0,0,1,미부착,제1유형,업무상저작물,
272,한국지역정보개발원,HOME > 지식마당 > 디지털정책자료 > 공공서비스,[2017-19]시민의견 수렴을 위한 모바일 투표 서비스 (M-Voting),,2018-04-27 00:00:00,0,0,1,미부착,제1유형,업무상저작물,
273,한국지역정보개발원,HOME > 지식마당 > 디지털정책자료 > 공공서비스,[2017-20]드론을 활용한 지적재조사 서비스,,2018-04-27 00:00:00,0,0,1,미부착,제1유형,업무상저작물,
274,한국지역정보개발원,HOME > 지식마당 > 디지털정책자료 > 공공서비스,[스마트서비스 홍보동영상]스마트서비스 카탈로그에서 소개하는 최신 스마트서비스 사례,,2018-05-15 00:00:00,0,0,1,미부착,제1유형,업무상저작물,
275,한국지역정보개발원,HOME > 지식마당 > 디지털정책자료 > 공공서비스,2017 스마트시티 서비스 카탈로그 발행본 (Full Version),,2018-05-30 00:00:00,0,0,1,미부착,제1유형,업무상저작물,
276,한국지역정보개발원,HOME > 지식마당 > 디지털정책자료 > 공공서비스,[2018-국내-01] 사물인터넷(IoT)을 활용한 공사장 미세먼지소음 원격 감시 서비스,,2018-11-20 00:00:00,0,0,1,미부착,제1유형,업무상저작물,
277,한국지역정보개발원,HOME > 지식마당 > 디지털정책자료 > 공공서비스,[2018-국내-02] 사물인터넷(IoT) 센서를 활용한 시설물 안전관리,,2018-11-20 00:00:00,0,0,1,미부착,제1유형,업무상저작물,
278,한국지역정보개발원,HOME > 지식마당 > 디지털정책자료 > 공공서비스,[2018-국내-03] 도로 함몰 방지 등을 위한 지하공간 모니터링 서비스,,2018-11-20 00:00:00,0,0,1,미부착,제1유형,업무상저작물,
279,한국지역정보개발원,HOME > 지식마당 > 디지털정책자료 > 공공서비스,[2018-국내-04] 인공지능(AI) 객체인식 기반 대형 폐기물 처리 서비스,,2018-11-20 00:00:00,0,0,1,미부착,제1유형,업무상저작물,
280,한국지역정보개발원,HOME > 지식마당 > 디지털정책자료 > 공공서비스,[2018-국내-05] 사물인터넷 기반의 공용차량 소외계층 공유 서비스,,2018-11-20 00:00:00,0,0,1,미부착,제1유형,업무상저작물,
281,한국지역정보개발원,HOME > 지식마당 > 디지털정책자료 > 공공서비스,[2018-국내-06] 인공지능 기반 대화형 생활법률지식서비스,,2018-11-20 00:00:00,0,0,1,미부착,제1유형,업무상저작물,
282,한국지역정보개발원,HOME > 지식마당 > 디지털정책자료 > 공공서비스,[2018-국내-07] 지능형 CCTV를 활용한 터널 법규 위반 단속 서비스,,2018-11-20 00:00:00,0,0,1,미부착,제1유형,업무상저작물,
283,한국지역정보개발원,HOME > 지식마당 > 디지털정책자료 > 공공서비스,[2018-국내-08] 딥러닝 기반 야생동물 농작물 피해 방지 서비스,,2018-11-20 00:00:00,0,0,1,미부착,제1유형,업무상저작물,
284,한국지역정보개발원,HOME > 지식마당 > 디지털정책자료 > 공공서비스,[2018-국내-09] 불법주정차 민원 처리를 위한 인공지능 챗봇 서비스,,2018-11-20 00:00:00,0,0,1,미부착,제1유형,업무상저작물,
285,한국지역정보개발원,HOME > 지식마당 > 디지털정책자료 > 공공서비스,[2018-국내-10] 블록체인기술 기반 지역화폐 서비스,,2018-11-20 00:00:00,0,0,1,미부착,제1유형,업무상저작물,
286,한국지역정보개발원,HOME > 지식마당 > 디지털정책자료 > 공공서비스,[2018-국내-11] 선박 안전운항을 위한 첨단 항로표지 서비스,,2018-11-20 00:00:00,0,0,1,미부착,제1유형,업무상저작물,
287,한국지역정보개발원,HOME > 지식마당 > 디지털정책자료 > 공공서비스,[2018-국내-12] 열화상 카메라 장착 드론을 활용한 산간구조 활동 지원 서비스,,2018-11-20 00:00:00,0,0,1,미부착,제1유형,업무상저작물,
288,한국지역정보개발원,HOME > 지식마당 > 디지털정책자료 > 공공서비스,[2018-국내-13] 사물인터넷(IoT) 센서 활용 악취 오염원 감지 서비스,,2018-11-20 00:00:00,0,0,1,미부착,제1유형,업무상저작물,
289,한국지역정보개발원,HOME > 지식마당 > 디지털정책자료 > 공공서비스,[2018-국내-14] 공동체 공모사업 선정을 위한 블록체인 심사,,2018-11-20 00:00:00,0,0,1,미부착,제1유형,업무상저작물,
290,한국지역정보개발원,HOME > 지식마당 > 디지털정책자료 > 공공서비스,[2018-국내-15] 다수사상자 발생 시 대응을 위한 사물인터넷 기반 응급환자 관리,,2018-11-20 00:00:00,0,0,1,미부착,제1유형,업무상저작물,
291,한국지역정보개발원,HOME > 지식마당 > 디지털정책자료 > 공공서비스,[2018-국내-16] 사물인터넷(IoT)을 활용한 종이팩 재활용 보상 서비스,,2018-11-20 00:00:00,0,0,1,미부착,제1유형,업무상저작물,
292,한국지역정보개발원,HOME > 지식마당 > 디지털정책자료 > 공공서비스,[2018-국내-17] 긴급차량 우선 통행을 위한 신호 제어 시스템,,2018-11-20 00:00:00,0,0,1,미부착,제1유형,업무상저작물,
293,한국지역정보개발원,HOME > 지식마당 > 디지털정책자료 > 공공서비스,[2018-국내-18] 버스운전자 졸음 및 부주의 운전 모니터링을 통한 위험상황 알림 서비스,,2018-11-20 00:00:00,0,0,1,미부착,제1유형,업무상저작물,
294,한국지역정보개발원,HOME > 지식마당 > 디지털정책자료 > 공공서비스,[2018-국내-19] 사물인터넷(IoT) 헬멧 활용 사고현장 실시간 대응지원 서비스,,2018-11-20 00:00:00,0,0,1,미부착,제1유형,업무상저작물,
295,한국지역정보개발원,HOME > 지식마당 > 디지털정책자료 > 공공서비스,[2018-국내-20] 사물인터넷(IoT) 기반 지능형 소화전 관리 서비스,,2018-11-20 00:00:00,0,0,1,미부착,제1유형,업무상저작물,
296,한국지역정보개발원,HOME > 지식마당 > 디지털정책자료 > 공공서비스,[2018-해외-01] 실시간 교통 상황에 맞춘 지능형 신호등 조정 서비스,,2018-11-20 00:00:00,0,0,1,미부착,제1유형,업무상저작물,
297,한국지역정보개발원,HOME > 지식마당 > 디지털정책자료 > 공공서비스,[2018-해외-02] 보행자 중심의 인터랙티브 횡단보도 서비스,,2018-11-20 00:00:00,0,0,1,미부착,제1유형,업무상저작물,
298,한국지역정보개발원,HOME > 지식마당 > 디지털정책자료 > 공공서비스,[2018-해외-03] 다국어 지원 로봇을 활용한 관광지 치안유지 서비스,,2018-11-20 00:00:00,0,0,1,미부착,제1유형,업무상저작물,
299,한국지역정보개발원,HOME > 지식마당 > 디지털정책자료 > 공공서비스,[2018-해외-04] 디지털 영주권(e-Residency)를 위한 디지털ID 서비스,,2018-11-20 00:00:00,0,0,1,미부착,제1유형,업무상저작물,
300,한국지역정보개발원,HOME > 지식마당 > 디지털정책자료 > 공공서비스,[2018-해외-05] 블록체인 기반 식품유통 이력관리 서비스,,2018-11-20 00:00:00,0,0,1,미부착,제1유형,업무상저작물,
301,한국지역정보개발원,HOME > 지식마당 > 디지털정책자료 > 공공서비스,[2018-해외-06] 스마트 계약을 적용한 부동산거래 서비스,,2018-11-20 00:00:00,0,0,1,미부착,제1유형,업무상저작물,
302,한국지역정보개발원,HOME > 지식마당 > 디지털정책자료 > 공공서비스,[2018-해외-07] 드론을 활용한 교량 안전점검 서비스,,2018-11-20 00:00:00,0,0,1,미부착,제1유형,업무상저작물,
303,한국지역정보개발원,HOME > 지식마당 > 디지털정책자료 > 공공서비스,[2018-해외-08] 블록체인을 활용한 신원정보가 없는 노숙자 신원관리 서비스,,2018-11-20 00:00:00,0,0,1,미부착,제1유형,업무상저작물,
304,한국지역정보개발원,HOME > 지식마당 > 디지털정책자료 > 공공서비스,[2018-해외-09] 세계 최초의 디지털 공무원 Amelia,,2018-11-20 00:00:00,0,0,1,미부착,제1유형,업무상저작물,
305,한국지역정보개발원,HOME > 지식마당 > 디지털정책자료 > 공공서비스,[2018-해외-10] 안면인식을 통한 승객 신원확인 서비스,,2018-11-20 00:00:00,0,0,1,미부착,제1유형,업무상저작물,
306,한국지역정보개발원,HOME > 지식마당 > 디지털정책자료 > 공공서비스,2018 스마트네이션 서비스 카탈로그(Full version),,2018-11-20 00:00:00,0,0,1,미부착,제1유형,업무상저작물,
307,한국지역정보개발원,HOME > 지식마당 > 디지털정책자료 > 공공서비스,'20년 첨단 공공서비스 지원사업 사업설명회 발표자료,,2020-04-21 00:00:00,0,0,1,미부착,제1유형,업무상저작물,
308,한국지역정보개발원,HOME > 지식마당 > 디지털정책자료 > 공공서비스,[첨단공공서비스] 대전시 민원안내시스템 누리뷰,,2021-01-15 00:00:00,0,0,1,미부착,제1유형,국가/지자체 저작물,
309,한국지역정보개발원,HOME > 지식마당 > 디지털정책자료 > 공공서비스,[첨단공공서비스] 제주도 인공지능 민원서식 작성 도우미,,2021-01-15 00:00:00,0,0,1,미부착,제1유형,국가/지자체 저작물,
310,한국지역정보개발원,HOME > 지식마당 > 디지털정책자료 > 공공서비스,[첨단공공서비스] 대구시 지능형 상담시스템,,2021-01-15 00:00:00,0,0,1,미부착,제1유형,국가/지자체 저작물,
311,한국지역정보개발원,HOME > 지식마당 > 디지털정책자료 > 공공서비스,[첨단공공서비스] 한국국토정보공사 드론 활용 현장 행정 서비스,,2021-01-15 00:00:00,0,0,1,미부착,개방불가,없음,
312,한국지역정보개발원,HOME > 지식마당 > 디지털정책자료 > 공공서비스,[첨단공공서비스] 성동구 지능형 스마트 선별 관제,,2021-01-15 00:00:00,0,0,1,미부착,제1유형,업무상저작물,
313,한국지역정보개발원,HOME > 지식마당 > 디지털정책자료 > 공공서비스,[첨단공공서비스] 경기도 IoT기반 스마트글라스 활용 원격 안전점검시스템,,2021-01-15 00:00:00,0,0,1,미부착,제1유형,국가/지자체 저작물,
314,한국지역정보개발원,HOME > 지식마당 > 디지털정책자료 > 공공서비스,[첨단공공서비스] 법무부 범죄피해자 접근 보호 장치 및 시스템,,2021-01-15 00:00:00,0,0,1,미부착,제1유형,국가/지자체 저작물,
315,한국지역정보개발원,HOME > 지식마당 > 디지털정책자료 > 공공서비스,[첨단공공서비스] 관세청 우범화물 선별 관제 시스템,,2021-01-15 00:00:00,0,0,1,미부착,제1유형,국가/지자체 저작물,
316,한국지역정보개발원,HOME > 지식마당 > 디지털정책자료 > 공공서비스,2021 첨단 정보기술 활용 공공서비스 촉진사업 카탈로그,,2021-04-16 00:00:00,0,0,1,미부착,제1유형,업무상저작물,
317,한국지역정보개발원,HOME > 지식마당 > 디지털정책자료 > 공공서비스,[첨단공공서비스] 2022 ICT MEGATREND,,2022-02-24 00:00:00,0,0,1,미부착,제1유형,업무상저작물,
318,한국지역정보개발원,HOME > 지식마당 > 디지털정책자료 > 공공서비스,[첨단공공서비스] 2023 ICT MEGATREND,,2023-04-21 00:00:00,0,0,1,미부착,제1유형,업무상저작물,
319,한국지역정보개발원,HOME > 지식마당 > 디지털정책자료 > 공공서비스,[첨단공공서비스] 2023 첨단 정보기술 활용 공공서비스 촉진사업 서비스 사례집,,2023-04-21 00:00:00,0,0,1,미부착,제1유형,업무상저작물,
320,한국지역정보개발원,HOME > 지식마당 > 디지털정책자료 > 공공서비스,[2022 공감e 사례] 전기안전AIoT 활용한 취약계층 전기생활안전구축(서울 동작),,2023-06-01 00:00:00,0,0,1,미부착,제1유형,업무상저작물,
321,한국지역정보개발원,HOME > 지식마당 > 디지털정책자료 > 공공서비스,[2022 공감e 사례] 탄소중립을 위한 광진구 음쓰제로 플랫폼 구축(서울 광진),,2023-06-01 00:00:00,0,0,1,미부착,제1유형,국가/지자체 저작물,
322,한국지역정보개발원,HOME > 지식마당 > 디지털정책자료 > 공공서비스,[2022 공감e 사례] 저탄소 생활리빙랩 모여서 넷제로(서울 종로),,2023-06-01 00:00:00,0,0,1,미부착,제1유형,국가/지자체 저작물,
323,한국지역정보개발원,HOME > 지식마당 > 디지털정책자료 > 공공서비스,[2022 공감e 사례] 스마트 역사관광 투어 플랫폼 구성(부산진구),,2023-06-01 00:00:00,0,0,1,미부착,제1유형,국가/지자체 저작물,
324,한국지역정보개발원,HOME > 지식마당 > 디지털정책자료 > 공공서비스,[2022 공감e 사례] 아동비만예방을 위한 맞춤형 건강습관형성(경기하남),,2023-06-01 00:00:00,0,0,1,미부착,제1유형,국가/지자체 저작물,
325,한국지역정보개발원,HOME > 지식마당 > 디지털정책자료 > 공공서비스,[2022 공감e 사례] 탄소중립 푸른고양 나눔마켓 디지털 통합 플랫폼 구축,,2023-06-01 00:00:00,0,0,1,미부착,제1유형,국가/지자체 저작물,
326,한국지역정보개발원,HOME > 지식마당 > 디지털정책자료 > 공공서비스,[2022 공감e 사례] 중랑구 소상공인 지원 정보 제공 앱 플랫폼(서울중랑),,2023-06-01 00:00:00,0,0,1,미부착,제1유형,국가/지자체 저작물,
327,한국지역정보개발원,HOME > 지식마당 > 디지털정책자료 > 공공서비스,[2022 공감e 사례] AI기반 비대면 아동심리 분석 플랫폼 '心터'(경기고양),,2023-06-01 00:00:00,0,0,1,미부착,제1유형,국가/지자체 저작물,
328,한국지역정보개발원,HOME > 지식마당 > 디지털정책자료 > 공공서비스,[2022 공감e 사례] 5070 고립탈피 활동유도서비스 '진이의 하루',,2023-06-01 00:00:00,0,0,1,미부착,제1유형,국가/지자체 저작물,
329,한국지역정보개발원,HOME > 지식마당 > 디지털정책자료 > 공공서비스,[2022 공감e 사례] 탄소저감형 친환경 축제 기획 지원 플랫폼(경남통영),,2023-06-01 00:00:00,0,0,1,미부착,제1유형,국가/지자체 저작물,
330,한국지역정보개발원,HOME > 지식마당 > 디지털정책자료 > 공공서비스,[첨단공공서비스] 2022 우수서비스 가이드,,2022-04-07 00:00:00,0,0,1,미부착,제1유형,국가/지자체 저작물,
331,한국지역정보개발원,HOME > 지식마당 > 디지털정책자료 > 사이버보안,사이버보안 동향 2023년 제1호,,2023-06-05 00:00:00,0,0,1,미부착,제1유형,업무상저작물,
332,한국지역정보개발원,HOME > 지식마당 > 디지털정책자료 > 사이버보안,사이버보안 동향 2023년 제2호,,2023-06-05 00:00:00,0,0,1,미부착,제1유형,업무상저작물,
333,한국지역정보개발원,HOME > 지식마당 > 디지털정책자료 > 기타,제7회 지역정보화 우수사례집,,2006-11-01 00:00:00,0,0,1,미부착,제1유형,국가/지자체 저작물,
334,한국지역정보개발원,HOME > 지식마당 > 디지털정책자료 > 기타,2005 한일 정보화 세미나 발표자료(일본어판),,2006-10-31 00:00:00,0,0,1,미부착,개방불가,없음,
335,한국지역정보개발원,HOME > 지식마당 > 디지털정책자료 > 기타,2005 한일 정보화 세미나 발표자료(한국어판),,2006-10-31 00:00:00,0,0,1,미부착,개방불가,없음,
336,한국지역정보개발원,HOME > 지식마당 > 디지털정책자료 > 기타,전자지방자치의 필요성과 과제,,2006-11-01 00:00:00,0,0,1,미부착,개방불가,없음,
337,한국지역정보개발원,HOME > 지식마당 > 디지털정책자료 > 기타,전자지방자치의 기본모형,,2006-11-01 00:00:00,0,0,1,미부착,개방불가,없음,
338,한국지역정보개발원,HOME > 지식마당 > 디지털정책자료 > 기타,전자지방자치의 현주소 : 사례연구,,2006-11-01 00:00:00,0,0,1,미부착,개방불가,없음,
339,한국지역정보개발원,HOME > 지식마당 > 디지털정책자료 > 기타,e-지방자치의 미래상,,2006-11-01 00:00:00,0,0,1,미부착,개방불가,없음,
340,한국지역정보개발원,HOME > 지식마당 > 디지털정책자료 > 기타,2001년도 광역자치단체 정보화계획,,2006-11-01 00:00:00,0,0,1,미부착,제1유형,국가/지자체 저작물,
341,한국지역정보개발원,HOME > 지식마당 > 디지털정책자료 > 기타,디지털충남 구현전략,,2006-11-01 00:00:00,0,0,1,미부착,개방불가,없음,
342,한국지역정보개발원,HOME > 지식마당 > 디지털정책자료 > 기타,전자정부를 향하여 지속되는 행진,,2006-11-01 00:00:00,0,0,1,미부착,개방불가,없음,
343,한국지역정보개발원,HOME > 지식마당 > 디지털정책자료 > 기타,전자인증의 개요 및 발전방향,,2006-11-01 00:00:00,0,0,1,미부착,개방불가,없음,
344,한국지역정보개발원,HOME > 지식마당 > 디지털정책자료 > 기타,정부전자관인인증기관(GPKI) 구축정책 및 추진방향,,2006-11-22 00:00:00,0,0,1,미부착,개방불가,없음,
345,한국지역정보개발원,HOME > 지식마당 > 디지털정책자료 > 기타,전자서명 인증제도 구축정책 및 추진방향,,2006-11-22 00:00:00,0,0,1,미부착,개방불가,없음,
346,한국지역정보개발원,HOME > 지식마당 > 디지털정책자료 > 기타,한국정보인증의 공인인증서비스,,2006-11-22 00:00:00,0,0,1,미부착,개방불가,없음,
347,한국지역정보개발원,HOME > 지식마당 > 디지털정책자료 > 기타,한국증권전산 공인인증센터 SignKorea,,2006-11-22 00:00:00,0,0,1,미부착,개방불가,없음,
348,한국지역정보개발원,HOME > 지식마당 > 디지털정책자료 > 기타,금융결제원의 yessign 공인인증서비스,,2006-11-22 00:00:00,0,0,1,미부착,개방불가,없음,
349,한국지역정보개발원,HOME > 지식마당 > 디지털정책자료 > 기타,한국전산원의 전자서명 공인인증서비스,,2006-11-22 00:00:00,0,0,1,미부착,개방불가,없음,
350,한국지역정보개발원,HOME > 지식마당 > 디지털정책자료 > 기타,국외 전자인증 동향,,2006-11-22 00:00:00,0,0,1,미부착,개방불가,없음,
351,한국지역정보개발원,HOME > 지식마당 > 디지털정책자료 > 기타,민원서비스 혁신사업(G4C 프로젝트),,2006-11-22 00:00:00,0,0,1,미부착,개방불가,없음,
352,한국지역정보개발원,HOME > 지식마당 > 디지털정책자료 > 기타,부산광역시 '인터넷민원처리시스템 구축 시범사업',,2006-11-22 00:00:00,0,0,1,미부착,개방불가,없음,
353,한국지역정보개발원,HOME > 지식마당 > 디지털정책자료 > 기타,농산물 전자상거래 활성화 방안,,2006-11-22 00:00:00,0,0,1,미부착,개방불가,없음,
354,한국지역정보개발원,HOME > 지식마당 > 디지털정책자료 > 기타,21세기의 전략가 CIO : 영광을 향해 뛰는 사람들,,2006-11-22 00:00:00,0,0,1,미부착,개방불가,없음,
355,한국지역정보개발원,HOME > 지식마당 > 디지털정책자료 > 기타,내일(來日)이 있는 브랜드파워(Brand power),,2006-11-22 00:00:00,0,0,1,미부착,개방불가,없음,
356,한국지역정보개발원,HOME > 지식마당 > 디지털정책자료 > 기타,자치단체 행정정보화의 본원적 특징과 그간의 성과,,2006-11-22 00:00:00,0,0,1,미부착,개방불가,없음,
357,한국지역정보개발원,HOME > 지식마당 > 디지털정책자료 > 기타,자치단체 행정정보화의 허와 실,,2006-11-22 00:00:00,0,0,1,미부착,개방불가,없음,
358,한국지역정보개발원,HOME > 지식마당 > 디지털정책자료 > 기타,자치단체 행정정보화의 본원적 특징과 그간의 성과,,2006-11-22 00:00:00,0,0,1,미부착,개방불가,없음,
359,한국지역정보개발원,HOME > 지식마당 > 디지털정책자료 > 기타,자치단체 행정정보화의 현주소와 향후 과제,,2006-11-22 00:00:00,0,0,1,미부착,개방불가,없음,
360,한국지역정보개발원,HOME > 지식마당 > 디지털정책자료 > 기타,FAX민원 자동화시스템 개발 운영,,2006-11-22 00:00:00,0,0,1,미부착,개방불가,없음,
361,한국지역정보개발원,HOME > 지식마당 > 디지털정책자료 > 기타,연방정부의 IT R&D 투자전략,,2006-11-22 00:00:00,0,0,1,미부착,개방불가,없음,
362,한국지역정보개발원,HOME > 지식마당 > 디지털정책자료 > 기타,미래 농어촌 구현을 위한 정보화마을 조성 및 발전방향,,2006-11-22 00:00:00,0,0,1,미부착,개방불가,없음,
363,한국지역정보개발원,HOME > 지식마당 > 디지털정책자료 > 기타,정보화마을 사업의 평가모형 및 방법의 모색,,2006-11-22 00:00:00,0,0,1,미부착,개방불가,없음,
364,한국지역정보개발원,HOME > 지식마당 > 디지털정책자료 > 기타,민관협력을 통한 농촌정보마을 발전전략,,2006-11-22 00:00:00,0,0,1,미부착,개방불가,없음,
365,한국지역정보개발원,HOME > 지식마당 > 디지털정책자료 > 기타,정보화마을의 활성화 방안,,2006-11-22 00:00:00,0,0,1,미부착,개방불가,없음,
366,한국지역정보개발원,HOME > 지식마당 > 디지털정책자료 > 기타,자치단체의 유비쿼터스 도시(u-City) 구축전략,,2006-11-22 00:00:00,0,0,1,미부착,개방불가,없음,
367,한국지역정보개발원,HOME > 지식마당 > 디지털정책자료 > 기타,자치단체에서 u-City 구축을 위한 접근법,,2006-11-22 00:00:00,0,0,1,미부착,개방불가,없음,
368,한국지역정보개발원,HOME > 지식마당 > 디지털정책자료 > 기타,국가균형발전특별법 개요 및 특별회계 운영,,2006-11-22 00:00:00,0,0,1,미부착,제1유형,업무상저작물,
369,한국지역정보개발원,HOME > 지식마당 > 디지털정책자료 > 기타,소프트웨어 사업 합리화를 위한 기능점수 활용방안,,2006-11-22 00:00:00,0,0,1,미부착,개방불가,없음,
370,한국지역정보개발원,HOME > 지식마당 > 디지털정책자료 > 기타,해외 전자지방정부의 민관협력(Public-Private Partnership) 사례,,2006-11-22 00:00:00,0,0,1,미부착,개방불가,없음,
371,한국지역정보개발원,HOME > 지식마당 > 디지털정책자료 > 기타,일본의 전자자치체 공통화기술표준,,2006-11-22 00:00:00,0,0,1,미부착,제1유형,업무상저작물,
372,한국지역정보개발원,HOME > 지식마당 > 디지털정책자료 > 기타,지역정보화를 위한 이러닝 활성화 방안,,2006-11-22 00:00:00,0,0,1,미부착,개방불가,없음,
373,한국지역정보개발원,HOME > 지식마당 > 디지털정책자료 > 기타,자치단체의 주민정보화교육 현황과 과제,,2006-11-22 00:00:00,0,0,1,미부착,개방불가,없음,
374,한국지역정보개발원,HOME > 지식마당 > 디지털정책자료 > 기타,e-Learning을 통한 주민정보화교육 사례 연구,,2006-11-22 00:00:00,0,0,1,미부착,개방불가,없음,
375,한국지역정보개발원,HOME > 지식마당 > 디지털정책자료 > 기타,효과적인 주민정보화교육을 위한 이러닝 활용방안,,2006-11-22 00:00:00,0,0,1,미부착,개방불가,없음,
376,한국지역정보개발원,HOME > 지식마당 > 디지털정책자료 > 기타,서울의 u-City 구축 전략,,2006-11-22 00:00:00,0,0,1,미부착,개방불가,없음,
377,한국지역정보개발원,HOME > 지식마당 > 디지털정책자료 > 기타,송도 u-City 구축방안,,2006-11-22 00:00:00,0,0,1,미부착,개방불가,없음,
378,한국지역정보개발원,HOME > 지식마당 > 디지털정책자료 > 기타,공유재산 관리체계 혁신을 위한 정보시스템 도입,,2006-11-22 00:00:00,0,0,1,미부착,개방불가,없음,
379,한국지역정보개발원,HOME > 지식마당 > 디지털정책자료 > 기타,문화컨텐츠의 운영현황 및 개선방안,,2006-11-22 00:00:00,0,0,1,미부착,개방불가,없음,
380,한국지역정보개발원,HOME > 지식마당 > 디지털정책자료 > 기타,정보화사업의 체계적인 관리방안,,2006-11-22 00:00:00,0,0,1,미부착,개방불가,없음,
381,한국지역정보개발원,HOME > 지식마당 > 디지털정책자료 > 기타,지역 IT산업의 현황과 육성과제,,2006-11-22 00:00:00,0,0,1,미부착,개방불가,없음,
382,한국지역정보개발원,HOME > 지식마당 > 디지털정책자료 > 기타,IT산업과 지역 전략산업의 연계방안,,2006-11-22 00:00:00,0,0,1,미부착,개방불가,없음,
383,한국지역정보개발원,HOME > 지식마당 > 디지털정책자료 > 기타,IT산업의 입지특성과 지역발전전략,,2006-11-22 00:00:00,0,0,1,미부착,개방불가,없음,
384,한국지역정보개발원,HOME > 지식마당 > 디지털정책자료 > 기타,u-충북 구축 방안 제안,,2006-11-22 00:00:00,0,0,1,미부착,개방불가,없음,
385,한국지역정보개발원,HOME > 지식마당 > 디지털정책자료 > 기타,복식부기 회계제도 정보화,,2006-11-22 00:00:00,0,0,1,미부착,개방불가,없음,
386,한국지역정보개발원,HOME > 지식마당 > 디지털정책자료 > 기타,미국 버지니아 주정부의 정보화사업 관리 사례,,2006-11-22 00:00:00,0,0,1,미부착,개방불가,없음,
387,한국지역정보개발원,HOME > 지식마당 > 디지털정책자료 > 기타,일본 지방자치단체의 오픈소스 도입과 활용,,2006-11-22 00:00:00,0,0,1,미부착,제1유형,업무상저작물,
388,한국지역정보개발원,HOME > 지식마당 > 디지털정책자료 > 기타,국가 EA 비전과 전략,,2006-11-22 00:00:00,0,0,1,미부착,개방불가,없음,
389,한국지역정보개발원,HOME > 지식마당 > 디지털정책자료 > 기타,자치단체의 정보자원관리와 EA,,2006-11-22 00:00:00,0,0,1,미부착,개방불가,없음,
390,한국지역정보개발원,HOME > 지식마당 > 디지털정책자료 > 기타,자치단체의 EA추진전략,,2006-11-22 00:00:00,0,0,1,미부착,개방불가,없음,
391,한국지역정보개발원,HOME > 지식마당 > 디지털정책자료 > 기타,협의조정지원시스템의 의의와 내용,,2006-11-22 00:00:00,0,0,1,미부착,제1유형,업무상저작물,
392,한국지역정보개발원,HOME > 지식마당 > 디지털정책자료 > 기타,u-City 산업화와 지역발전 연계방안,,2006-11-22 00:00:00,0,0,1,미부착,개방불가,없음,
393,한국지역정보개발원,HOME > 지식마당 > 디지털정책자료 > 기타,각국의 전자투표 현황과 한국에서의 적용 가능성 진단,,2006-11-22 00:00:00,0,0,1,미부착,개방불가,없음,
394,한국지역정보개발원,HOME > 지식마당 > 디지털정책자료 > 기타,일본 지방자치단체의 통합형GIS 정비와 활용,,2006-11-22 00:00:00,0,0,1,미부착,제1유형,업무상저작물,
395,한국지역정보개발원,HOME > 지식마당 > 디지털정책자료 > 기타,2005년 광역자치단체 주요정보화사업,,2006-11-22 00:00:00,0,0,1,미부착,제1유형,업무상저작물,
396,한국지역정보개발원,HOME > 지식마당 > 디지털정책자료 > 기타,관광정보화 현황 및 발전방향,,2006-11-22 00:00:00,0,0,1,미부착,개방불가,없음,
397,한국지역정보개발원,HOME > 지식마당 > 디지털정책자료 > 기타,자치단체 콘텐츠를 중심으로 한 관광정보시스템,,2006-11-22 00:00:00,0,0,1,미부착,개방불가,없음,
398,한국지역정보개발원,HOME > 지식마당 > 디지털정책자료 > 기타,관광정보화 시범지역 구축사업,,2006-11-22 00:00:00,0,0,1,미부착,개방불가,없음,
399,한국지역정보개발원,HOME > 지식마당 > 디지털정책자료 > 기타,속초종합관광안내정보 서비스,,2006-11-22 00:00:00,0,0,1,미부착,개방불가,없음,
400,한국지역정보개발원,HOME > 지식마당 > 디지털정책자료 > 기타,세계수준의 전자정부 구현을 위한 정부통합전산센터 구축 추진,,2006-11-22 00:00:00,0,0,1,미부착,개방불가,없음,
401,한국지역정보개발원,HOME > 지식마당 > 디지털정책자료 > 기타,서울시 데이터센터 운영 및 고도화,,2006-11-22 00:00:00,0,0,1,미부착,제1유형,업무상저작물,
402,한국지역정보개발원,HOME > 지식마당 > 디지털정책자료 > 기타,IT 거버넌스의 기본개념,,2006-11-22 00:00:00,0,0,1,미부착,개방불가,없음,
403,한국지역정보개발원,HOME > 지식마당 > 디지털정책자료 > 기타,정부/공공기관의 경영혁신 BPM,,2006-11-22 00:00:00,0,0,1,미부착,개방불가,없음,
404,한국지역정보개발원,HOME > 지식마당 > 디지털정책자료 > 기타,일본 치바현 아비코시의 IP전화 구축사례,,2006-11-22 00:00:00,0,0,1,미부착,제1유형,업무상저작물,
405,한국지역정보개발원,HOME > 지식마당 > 디지털정책자료 > 기타,제3차 국가GIS 기본계획의 방향,,2006-11-22 00:00:00,0,0,1,미부착,개방불가,없음,
406,한국지역정보개발원,HOME > 지식마당 > 디지털정책자료 > 기타,도시정보시스템의 연계활용 방안,,2006-11-22 00:00:00,0,0,1,미부착,개방불가,없음,
407,한국지역정보개발원,HOME > 지식마당 > 디지털정책자료 > 기타,자치단체 통합시스템 구축전략,,2006-11-22 00:00:00,0,0,1,미부착,개방불가,없음,
408,한국지역정보개발원,HOME > 지식마당 > 디지털정책자료 > 기타,개인정보의 보호조치 방안,,2006-11-22 00:00:00,0,0,1,미부착,개방불가,없음,
409,한국지역정보개발원,HOME > 지식마당 > 디지털정책자료 > 기타,2005 기초자치단체 정보화수준측정,,2006-11-22 00:00:00,0,0,1,미부착,제1유형,업무상저작물,
410,한국지역정보개발원,HOME > 지식마당 > 디지털정책자료 > 기타,디지털시대의 정보보호와 네트워크 보안,,2006-11-22 00:00:00,0,0,1,미부착,개방불가,없음,
411,한국지역정보개발원,HOME > 지식마당 > 디지털정책자료 > 기타,ITIL-개관적 소개,,2006-11-22 00:00:00,0,0,1,미부착,제1유형,업무상저작물,
412,한국지역정보개발원,HOME > 지식마당 > 디지털정책자료 > 기타,e-Government 행정서비스의 고객지향성 평가,,2006-11-22 00:00:00,0,0,1,미부착,개방불가,없음,
413,한국지역정보개발원,HOME > 지식마당 > 디지털정책자료 > 기타,유비쿼터스 전자정부 사례와 시사점,,2006-11-22 00:00:00,0,0,1,미부착,개방불가,없음,
414,한국지역정보개발원,HOME > 지식마당 > 디지털정책자료 > 기타,일본 전자지방정부의 공공IDC 구축과 활용,,2006-11-22 00:00:00,0,0,1,미부착,제1유형,업무상저작물,
415,한국지역정보개발원,HOME > 지식마당 > 디지털정책자료 > 기타,공공기관 개인정보보호에 관한 이해,,2006-11-22 00:00:00,0,0,1,미부착,제1유형,업무상저작물,
416,한국지역정보개발원,HOME > 지식마당 > 디지털정책자료 > 기타,유비쿼터스 시대의 정보보호 방안,,2006-11-22 00:00:00,0,0,1,미부착,개방불가,없음,
417,한국지역정보개발원,HOME > 지식마당 > 디지털정책자료 > 기타,RFID/USN 정보보호 위협 및 대응방안,,2006-11-22 00:00:00,0,0,1,미부착,개방불가,없음,
418,한국지역정보개발원,HOME > 지식마당 > 디지털정책자료 > 기타,유비쿼터스 정보보호 기술동향,,2006-11-22 00:00:00,0,0,1,미부착,개방불가,없음,
419,한국지역정보개발원,HOME > 지식마당 > 디지털정책자료 > 기타,정보화마을 활성화를 위한 운영평가 지표체계 개발 개발,,2006-11-22 00:00:00,0,0,1,미부착,제1유형,업무상저작물,
420,한국지역정보개발원,HOME > 지식마당 > 디지털정책자료 > 기타,S/W 공동 활용을 위한 평가지표 체계 개발,,2006-11-22 00:00:00,0,0,1,미부착,제1유형,업무상저작물,
421,한국지역정보개발원,HOME > 지식마당 > 디지털정책자료 > 기타,일본지방자치단체의 정보보호 추진방향,,2006-11-22 00:00:00,0,0,1,미부착,개방불가,없음,
422,한국지역정보개발원,HOME > 지식마당 > 디지털정책자료 > 기타,미야기현의 개인정보보호 사례 소개,,2006-11-22 00:00:00,0,0,1,미부착,제1유형,업무상저작물,
423,한국지역정보개발원,HOME > 지식마당 > 디지털정책자료 > 기타,재난재해관리체계의 문제점과 개선방안,,2006-11-22 00:00:00,0,0,1,미부착,개방불가,없음,
424,한국지역정보개발원,HOME > 지식마당 > 디지털정책자료 > 기타,국가재난관리체계 혁신과 정책방향,,2006-11-22 00:00:00,0,0,1,미부착,개방불가,없음,
425,한국지역정보개발원,HOME > 지식마당 > 디지털정책자료 > 기타,GIS를 이용한 재난관리체계 구축,,2006-11-22 00:00:00,0,0,1,미부착,개방불가,없음,
426,한국지역정보개발원,HOME > 지식마당 > 디지털정책자료 > 기타,선진국의 재난재해관리체계,,2006-11-22 00:00:00,0,0,1,미부착,개방불가,없음,
427,한국지역정보개발원,HOME > 지식마당 > 디지털정책자료 > 기타,특허청 BSC 도입사례 소개,,2006-11-23 00:00:00,0,0,1,미부착,개방불가,없음,
428,한국지역정보개발원,HOME > 지식마당 > 디지털정책자료 > 기타,지자체 성과관리시스템의 올바른 적용방안,,2006-11-23 00:00:00,0,0,1,미부착,개방불가,없음,
429,한국지역정보개발원,HOME > 지식마당 > 디지털정책자료 > 기타,정보화마을 사업 현황,,2006-12-11 00:00:00,0,0,1,미부착,제1유형,업무상저작물,
430,한국지역정보개발원,HOME > 지식마당 > 디지털정책자료 > 기타,자치단체 정보화정책지원시스템,,2006-11-23 00:00:00,0,0,1,미부착,개방불가,없음,
431,한국지역정보개발원,HOME > 지식마당 > 디지털정책자료 > 기타,블루오션과 지역정보화,,2006-11-23 00:00:00,0,0,1,미부착,제1유형,업무상저작물,
432,한국지역정보개발원,HOME > 지식마당 > 디지털정책자료 > 기타,일본의 전자자치제 로드맵,,2006-11-23 00:00:00,0,0,1,미부착,제1유형,업무상저작물,
433,한국지역정보개발원,HOME > 지식마당 > 디지털정책자료 > 기타,국내외 정보접근성 법제도 및 정책동향,,2006-11-23 00:00:00,0,0,1,미부착,개방불가,없음,
434,한국지역정보개발원,HOME > 지식마당 > 디지털정책자료 > 기타,웹 접근성 제도화 동향 및 준수실태,,2006-11-23 00:00:00,0,0,1,미부착,개방불가,없음,
435,한국지역정보개발원,HOME > 지식마당 > 디지털정책자료 > 기타,장애인의 정보화교육 및 정보접근성 현황,,2006-11-23 00:00:00,0,0,1,미부착,개방불가,없음,
436,한국지역정보개발원,HOME > 지식마당 > 디지털정책자료 > 기타,유비쿼터스 컴퓨팅 기술을 통한 정보통신 접근성 향상,,2006-11-23 00:00:00,0,0,1,미부착,개방불가,없음,
437,한국지역정보개발원,HOME > 지식마당 > 디지털정책자료 > 기타,유비쿼터스 시대를 대비하는 교육정책,,2006-11-23 00:00:00,0,0,1,미부착,개방불가,없음,
438,한국지역정보개발원,HOME > 지식마당 > 디지털정책자료 > 기타,'부산 u-City' 사업의 성공전략,,2006-11-23 00:00:00,0,0,1,미부착,개방불가,없음,
439,한국지역정보개발원,HOME > 지식마당 > 디지털정책자료 > 기타,일본 전자정부와 전자적 정보공개,,2006-11-23 00:00:00,0,0,1,미부착,제1유형,업무상저작물,
440,한국지역정보개발원,HOME > 지식마당 > 디지털정책자료 > 기타,자치법규정보시스템(ELIS),,2006-12-05 00:00:00,0,0,1,미부착,제1유형,업무상저작물,
441,한국지역정보개발원,HOME > 지식마당 > 디지털정책자료 > 기타,지방재정정보화사업,,2006-12-05 00:00:00,0,0,1,미부착,개방불가,없음,
442,한국지역정보개발원,HOME > 지식마당 > 디지털정책자료 > 기타,자치정보화조합 CIP자료,,2006-11-27 00:00:00,0,0,1,미부착,제1유형,업무상저작물,
443,한국지역정보개발원,HOME > 지식마당 > 디지털정책자료 > 기타,자치정보화조합 연혁,,2006-11-29 00:00:00,0,0,1,미부착,제1유형,업무상저작물,
444,한국지역정보개발원,HOME > 지식마당 > 디지털정책자료 > 기타,유비쿼터스 컴퓨팅에 따른 데이터베이스 기술 동향,,2006-12-12 00:00:00,0,0,1,미부착,개방불가,없음,
445,한국지역정보개발원,HOME > 지식마당 > 디지털정책자료 > 기타,2006 한일 정보화세미나 일본 라스덱 발표자료,,2006-12-21 00:00:00,0,0,1,미부착,개방불가,없음,
446,한국지역정보개발원,HOME > 지식마당 > 디지털정책자료 > 기타,2006 한일 정보화세미나 서울시 발표자료,,2006-12-21 00:00:00,0,0,1,미부착,개방불가,없음,
447,한국지역정보개발원,HOME > 지식마당 > 디지털정책자료 > 기타,2006 한일 정보화세미나 일본 하이퍼네트워크사회연구소 발표자료,,2006-12-21 00:00:00,0,0,1,미부착,개방불가,없음,
448,한국지역정보개발원,HOME > 지식마당 > 디지털정책자료 > 기타,2006 한일 정보화세미나 대전시 발표자료,,2006-12-21 00:00:00,0,0,1,미부착,개방불가,없음,
449,한국지역정보개발원,HOME > 지식마당 > 디지털정책자료 > 기타,2007 지방자치단체 전자정부추진평가,,2009-01-09 00:00:00,0,0,1,미부착,제1유형,국가/지자체 저작물,
450,한국지역정보개발원,HOME > 지식마당 > 디지털정책자료 > 기타,정보화 법제도 정비 및 체계확립연구,,2009-04-15 00:00:00,0,0,1,미부착,제1유형,업무상저작물,
451,한국지역정보개발원,HOME > 지식마당 > 디지털정책자료 > 기타,정보화사업 품질표준문서,,2007-03-19 00:00:00,0,0,1,미부착,제1유형,업무상저작물,
452,한국지역정보개발원,HOME > 지식마당 > 디지털정책자료 > 기타,시도·시군구 통합 운영지원센터 구축 및 발전방향,,2007-11-07 00:00:00,0,0,1,미부착,제1유형,업무상저작물,
453,한국지역정보개발원,HOME > 지식마당 > 디지털정책자료 > 기타,[그린IT] IT에 의한 환경대책,,2009-05-13 00:00:00,0,0,1,미부착,개방불가,없음,
454,한국지역정보개발원,HOME > 지식마당 > 디지털정책자료 > 기타,2009년 KLID 정책연구 추진 실적,,2009-12-29 00:00:00,0,0,1,미부착,제1유형,업무상저작물,
455,한국지역정보개발원,HOME > 지식마당 > 디지털정책자료 > 기타,일본 신성장전략 비전 <하라구치 비전 2> 개요,,2010-05-07 00:00:00,0,0,1,미부착,개방불가,없음,
456,한국지역정보개발원,HOME > 지식마당 > 디지털정책자료 > 기타,일본 종합행정네트워크(lgwan) 운영상황 및 이용실적(2009),,2010-07-23 00:00:00,0,0,1,미부착,개방불가,없음,
457,한국지역정보개발원,HOME > 지식마당 > 디지털정책자료 > 기타,2010년 KLID 연구 업무 수행 실적,,2011-01-04 00:00:00,0,0,1,미부착,제1유형,업무상저작물,
458,한국지역정보개발원,HOME > 지식마당 > 디지털정책자료 > 기타,[2011년 지역정보화실무네트워크] 개인정보보호 및 모바일 서비스 분과 발표자료,,2011-11-02 00:00:00,0,0,1,미부착,제1유형,업무상저작물,
459,한국지역정보개발원,HOME > 지식마당 > 디지털정책자료 > 기타,2012년 지방자치단체 국가정보화 시행계획,,2012-02-01 00:00:00,0,0,1,미부착,제1유형,업무상저작물,
460,한국지역정보개발원,HOME > 지식마당 > 디지털정책자료 > 기타,지방자치단체 클라우드컴퓨팅 표준전환가이드,,2017-01-04 00:00:00,0,0,1,미부착,제1유형,업무상저작물,
461,한국지역정보개발원,HOME > 지식마당 > 디지털정책자료 > 기타,지능형 CCTV를 활용한 사회안전강화 방안 컨퍼런스 자료집,,2017-03-20 00:00:00,0,0,1,미부착,개방불가,없음,
462,한국지역정보개발원,HOME > 지식마당 > 디지털정책자료 > 기타,제34회 지역정보화 연구과제 자료,,2017-10-10 00:00:00,0,0,1,미부착,제1유형,국가/지자체 저작물,
463,한국지역정보개발원,HOME > 지식마당 > 디지털정책자료 > 기타,2018년 CCTV통합관제 컨퍼런스 자료집,,2018-03-15 00:00:00,0,0,1,미부착,개방불가,없음,
464,한국지역정보개발원,HOME > 지식마당 > 디지털정책자료 > 기타,2019년도 지방자치단체 국가정보화 시행계획 작성지침 설명회 발표자료집,,2018-06-01 00:00:00,0,0,1,미부착,제1유형,업무상저작물,
465,한국지역정보개발원,HOME > 지식마당 > 디지털정책자료 > 기타,4차산업혁명 1차 워크샵 발표자료 및 실시간 질문 답변 공유,,2020-08-07 00:00:00,0,0,1,미부착,개방불가,없음,
466,한국지역정보개발원,HOME > 지식마당 > 디지털정책자료 > 기타,4차산업혁명 2차 워크샵 발표자료 및 실시간 질문 답변 공유,,2020-09-25 00:00:00,0,0,1,미부착,개방불가,없음,
467,한국지역정보개발원,HOME > 지식마당 > 디지털정책자료 > 기타,2022 문서24 이용사례집,,2023-01-12 00:00:00,0,0,1,미부착,제1유형,업무상저작물,
468,한국지역정보개발원,HOME > 지식마당 > 지역정보화지,지역정보화지 제52호,,2009-01-12 00:00:00,0,0,1,미부착,개방불가,없음,
469,한국지역정보개발원,HOME > 지식마당 > 지역정보화지,지역정보화지 제53호,,2009-01-12 00:00:00,0,0,1,미부착,개방불가,없음,
470,한국지역정보개발원,HOME > 지식마당 > 지역정보화지,지역정보화지 제54호,,2009-01-13 00:00:00,0,0,1,미부착,개방불가,없음,
471,한국지역정보개발원,HOME > 지식마당 > 지역정보화지,지역정보화지 제55호,,2009-04-13 00:00:00,0,0,1,미부착,개방불가,없음,
472,한국지역정보개발원,HOME > 지식마당 > 지역정보화지,지역정보화지 제56호,,2009-06-02 00:00:00,0,0,1,미부착,개방불가,없음,
473,한국지역정보개발원,HOME > 지식마당 > 지역정보화지,지역정보화지 제57호,,2009-08-06 00:00:00,0,0,1,미부착,개방불가,없음,
474,한국지역정보개발원,HOME > 지식마당 > 지역정보화지,지역정보화지 제58호,,2009-10-09 00:00:00,0,0,1,미부착,개방불가,없음,
475,한국지역정보개발원,HOME > 지식마당 > 지역정보화지,지역정보화지 제59호,,2009-11-12 00:00:00,0,0,1,미부착,개방불가,없음,
476,한국지역정보개발원,HOME > 지식마당 > 지역정보화지,지역정보화지 제60호,,2010-01-13 00:00:00,0,0,1,미부착,개방불가,없음,
477,한국지역정보개발원,HOME > 지식마당 > 지역정보화지,지역정보화지 제61호,,2010-03-30 00:00:00,0,0,1,미부착,개방불가,없음,
478,한국지역정보개발원,HOME > 지식마당 > 지역정보화지,지역정보화지 제62호,,2010-05-19 00:00:00,0,0,1,미부착,개방불가,없음,
479,한국지역정보개발원,HOME > 지식마당 > 지역정보화지,지역정보화지 제63호,,2010-07-19 00:00:00,0,0,1,미부착,개방불가,없음,
480,한국지역정보개발원,HOME > 지식마당 > 지역정보화지,지역정보화지 제64호,,2010-09-27 00:00:00,0,0,1,미부착,개방불가,없음,
481,한국지역정보개발원,HOME > 지식마당 > 지역정보화지,지역정보화지 제65호,,2010-11-24 00:00:00,0,0,1,미부착,개방불가,없음,
482,한국지역정보개발원,HOME > 지식마당 > 지역정보화지,지역정보화지 제66호,,2010-12-30 00:00:00,0,0,1,미부착,개방불가,없음,
483,한국지역정보개발원,HOME > 지식마당 > 지역정보화지,지역정보화지 제67호,,2011-03-28 00:00:00,0,0,1,미부착,개방불가,없음,
484,한국지역정보개발원,HOME > 지식마당 > 지역정보화지,지역정보화지 제68호,,2011-05-20 00:00:00,0,0,1,미부착,개방불가,없음,
485,한국지역정보개발원,HOME > 지식마당 > 지역정보화지,지역정보화지 제69호,,2011-07-04 00:00:00,0,0,1,미부착,개방불가,없음,
486,한국지역정보개발원,HOME > 지식마당 > 지역정보화지,지역정보화지 제70호,,2011-09-08 00:00:00,0,0,1,미부착,개방불가,없음,
487,한국지역정보개발원,HOME > 지식마당 > 지역정보화지,지역정보화지 제71호,,2012-02-03 00:00:00,0,0,1,미부착,개방불가,없음,
488,한국지역정보개발원,HOME > 지식마당 > 지역정보화지,지역정보화지 제72호,,2012-02-03 00:00:00,0,0,1,미부착,개방불가,없음,
489,한국지역정보개발원,HOME > 지식마당 > 지역정보화지,지역정보화지 제73호,,2012-03-13 00:00:00,0,0,1,미부착,개방불가,없음,
490,한국지역정보개발원,HOME > 지식마당 > 지역정보화지,지역정보화지 제74호,,2012-05-17 00:00:00,0,0,1,미부착,개방불가,없음,
491,한국지역정보개발원,HOME > 지식마당 > 지역정보화지,지역정보화지 제75호,,2012-07-12 00:00:00,0,0,1,미부착,개방불가,없음,
492,한국지역정보개발원,HOME > 지식마당 > 지역정보화지,지역정보화지 제76호,,2012-09-24 00:00:00,0,0,1,미부착,개방불가,없음,
493,한국지역정보개발원,HOME > 지식마당 > 지역정보화지,지역정보화지 제77호,,2012-11-14 00:00:00,0,0,1,미부착,개방불가,없음,
494,한국지역정보개발원,HOME > 지식마당 > 지역정보화지,지역정보화지 제78호,,2013-01-09 00:00:00,0,0,1,미부착,개방불가,없음,
495,한국지역정보개발원,HOME > 지식마당 > 지역정보화지,지역정보화지 제79호,,2013-04-11 00:00:00,0,0,1,미부착,개방불가,없음,
496,한국지역정보개발원,HOME > 지식마당 > 지역정보화지,지역정보화지 제80호,,2013-06-18 00:00:00,0,0,1,미부착,개방불가,없음,
497,한국지역정보개발원,HOME > 지식마당 > 지역정보화지,지역정보화지 제81호,,2013-08-02 00:00:00,0,0,1,미부착,개방불가,없음,
498,한국지역정보개발원,HOME > 지식마당 > 지역정보화지,지역정보화지 제82호,,2013-09-26 00:00:00,0,0,1,미부착,개방불가,없음,
499,한국지역정보개발원,HOME > 지식마당 > 지역정보화지,지역정보화지 제83호,,2013-11-28 00:00:00,0,0,1,미부착,개방불가,없음,
500,한국지역정보개발원,HOME > 지식마당 > 지역정보화지,지역정보화지 제84호,,2014-02-05 00:00:00,0,0,1,미부착,개방불가,없음,
501,한국지역정보개발원,HOME > 지식마당 > 지역정보화지,지역정보화지 스페셜리포트 제4호,,2014-02-05 00:00:00,0,0,1,미부착,개방불가,없음,
502,한국지역정보개발원,HOME > 지식마당 > 지역정보화지,지역정보화지 제85호,,2014-04-14 00:00:00,0,0,1,미부착,개방불가,없음,
503,한국지역정보개발원,HOME > 지식마당 > 지역정보화지,지역정보화지 제86호,,2014-05-23 00:00:00,0,0,1,미부착,개방불가,없음,
504,한국지역정보개발원,HOME > 지식마당 > 지역정보화지,지역정보화지 제87호,,2014-09-22 00:00:00,0,0,1,미부착,개방불가,없음,
505,한국지역정보개발원,HOME > 지식마당 > 지역정보화지,지역정보화지 제88호,,2014-09-22 00:00:00,0,0,1,미부착,개방불가,없음,
506,한국지역정보개발원,HOME > 지식마당 > 지역정보화지,지역정보화지 제89호,,2014-12-12 00:00:00,0,0,1,미부착,개방불가,없음,
507,한국지역정보개발원,HOME > 지식마당 > 지역정보화지,지역정보화지 제90호,,2015-02-04 00:00:00,0,0,1,미부착,개방불가,없음,
508,한국지역정보개발원,HOME > 지식마당 > 지역정보화지,지역정보화지 제92호,,2015-06-04 00:00:00,0,0,1,미부착,개방불가,없음,
509,한국지역정보개발원,HOME > 지식마당 > 지역정보화지,지역정보화지 제93호,,2015-08-20 00:00:00,0,0,1,미부착,개방불가,없음,
510,한국지역정보개발원,HOME > 지식마당 > 지역정보화지,지역정보화지 제94호,,2015-10-02 00:00:00,0,0,1,미부착,개방불가,없음,
511,한국지역정보개발원,HOME > 지식마당 > 지역정보화지,지역정보화지 제95호,,2015-11-30 00:00:00,0,0,1,미부착,개방불가,없음,
512,한국지역정보개발원,HOME > 지식마당 > 지역정보화지,지역정보화지 제96호,,2016-01-15 00:00:00,0,0,1,미부착,개방불가,없음,
513,한국지역정보개발원,HOME > 지식마당 > 지역정보화지,지역정보화지 제97호,,2016-05-12 00:00:00,0,0,1,미부착,개방불가,없음,
514,한국지역정보개발원,HOME > 지식마당 > 지역정보화지,지역정보화지 제98호,,2016-07-12 00:00:00,0,0,1,미부착,개방불가,없음,
515,한국지역정보개발원,HOME > 지식마당 > 지역정보화지,지역정보화지 제99호,,2016-08-19 00:00:00,0,0,1,미부착,개방불가,없음,
516,한국지역정보개발원,HOME > 지식마당 > 지역정보화지,지역정보화지 제100호,,2016-10-05 00:00:00,0,0,1,미부착,개방불가,없음,
517,한국지역정보개발원,HOME > 지식마당 > 지역정보화지,지역정보화지 제101호,,2016-11-22 00:00:00,0,0,1,미부착,개방불가,없음,
518,한국지역정보개발원,HOME > 지식마당 > 지역정보화지,지역정보화지 제102호,,2017-01-04 00:00:00,0,0,1,미부착,개방불가,없음,
519,한국지역정보개발원,HOME > 지식마당 > 지역정보화지,지역정보화지 제103호,,2017-04-28 00:00:00,0,0,1,미부착,개방불가,없음,
520,한국지역정보개발원,HOME > 지식마당 > 지역정보화지,지역정보화지 제104호,,2017-06-19 00:00:00,0,0,1,미부착,개방불가,없음,
521,한국지역정보개발원,HOME > 지식마당 > 지역정보화지,지역정보화지 제105호,,2017-07-24 00:00:00,0,0,1,미부착,개방불가,없음,
522,한국지역정보개발원,HOME > 지식마당 > 지역정보화지,지역정보화지 제106호,,2017-09-13 00:00:00,0,0,1,미부착,개방불가,없음,
523,한국지역정보개발원,HOME > 지식마당 > 지역정보화지,지역정보화지 제107호,,2017-11-09 00:00:00,0,0,1,미부착,개방불가,없음,
524,한국지역정보개발원,HOME > 지식마당 > 지역정보화지,지역정보화지 제108호,,2018-01-03 00:00:00,0,0,1,미부착,개방불가,없음,
525,한국지역정보개발원,HOME > 지식마당 > 지역정보화지,지역정보화지 제109호,,2018-04-12 00:00:00,0,0,1,미부착,개방불가,없음,
526,한국지역정보개발원,HOME > 지식마당 > 지역정보화지,지역정보화지 제110호,,2018-05-23 00:00:00,0,0,1,미부착,개방불가,없음,
527,한국지역정보개발원,HOME > 지식마당 > 지역정보화지,지역정보화지 제111호,,2018-07-31 00:00:00,0,0,1,미부착,개방불가,없음,
528,한국지역정보개발원,HOME > 지식마당 > 지역정보화지,지역정보화지 제112호,,2018-09-18 00:00:00,0,0,1,미부착,개방불가,없음,
529,한국지역정보개발원,HOME > 지식마당 > 지역정보화지,지역정보화지 제113호,,2018-11-19 00:00:00,0,0,1,미부착,개방불가,없음,
530,한국지역정보개발원,HOME > 지식마당 > 지역정보화지,지역정보화지 제114호,,2019-01-14 00:00:00,0,0,1,미부착,개방불가,없음,
531,한국지역정보개발원,HOME > 지식마당 > 지역정보화지,지역정보화지 제115호,,2019-04-15 00:00:00,0,0,1,미부착,개방불가,없음,
532,한국지역정보개발원,HOME > 지식마당 > 지역정보화지,지역정보화지 제116호,,2019-05-17 00:00:00,0,0,1,미부착,개방불가,없음,
533,한국지역정보개발원,HOME > 지식마당 > 지역정보화지,지역정보화지 제117호,,2019-07-02 00:00:00,0,0,1,미부착,개방불가,없음,
534,한국지역정보개발원,HOME > 지식마당 > 지역정보화지,지역정보화지 제118호,,2019-09-17 00:00:00,0,0,1,미부착,개방불가,없음,
535,한국지역정보개발원,HOME > 지식마당 > 지역정보화지,지역정보화지 제 119호,,2019-11-06 00:00:00,0,0,1,미부착,개방불가,없음,
536,한국지역정보개발원,HOME > 지식마당 > 지역정보화지,지역정보화지 제 120호,,2019-12-27 00:00:00,0,0,1,미부착,개방불가,없음,
537,한국지역정보개발원,HOME > 지식마당 > 지역정보화지,지역정보화지 제 121호,,2020-04-06 00:00:00,0,0,1,미부착,개방불가,없음,
538,한국지역정보개발원,HOME > 지식마당 > 지역정보화지,지역정보화지 제 122호,,2020-05-18 00:00:00,0,0,1,미부착,개방불가,없음,
539,한국지역정보개발원,HOME > 지식마당 > 지역정보화지,지역정보화지 제 123호,,2020-06-30 00:00:00,0,0,1,미부착,개방불가,없음,
540,한국지역정보개발원,HOME > 지식마당 > 지역정보화지,지역정보화지 제 124호,,2020-08-28 00:00:00,0,0,1,미부착,개방불가,없음,
541,한국지역정보개발원,HOME > 지식마당 > 지역정보화지,지역정보화지 제 125호,,2020-10-30 00:00:00,0,0,1,미부착,개방불가,없음,
542,한국지역정보개발원,HOME > 지식마당 > 지역정보화지,지역정보화지 제 126호,,2021-01-11 00:00:00,0,0,1,미부착,개방불가,없음,
543,한국지역정보개발원,HOME > 지식마당 > 지역정보화지,지역정보화지 제 127호,,2021-04-23 00:00:00,0,0,1,미부착,개방불가,없음,
544,한국지역정보개발원,HOME > 지식마당 > 지역정보화지,지역정보화지 제 128호,,2021-06-14 00:00:00,0,0,1,미부착,개방불가,없음,
545,한국지역정보개발원,HOME > 지식마당 > 지역정보화지,지역정보화지 제 129호,,2021-08-16 00:00:00,0,0,1,미부착,개방불가,없음,
546,한국지역정보개발원,HOME > 지식마당 > 지역정보화지,지역정보화지 제 130호,,2021-09-16 00:00:00,0,0,1,미부착,개방불가,없음,
547,한국지역정보개발원,HOME > 지식마당 > 지역정보화지,지역정보화지 제 131호,,2021-11-24 00:00:00,0,0,1,미부착,개방불가,없음,
548,한국지역정보개발원,HOME > 지식마당 > 지역정보화지,지역정보화지 제 132호,,2022-01-24 00:00:00,0,0,1,미부착,개방불가,없음,
549,한국지역정보개발원,HOME > 지식마당 > 지역정보화지,지역정보화지 제 133호,,2022-05-19 00:00:00,0,0,1,미부착,개방불가,없음,
550,한국지역정보개발원,HOME > 지식마당 > 지역정보화지,지역정보화지 제 134호,,2022-07-25 00:00:00,0,0,1,미부착,개방불가,없음,
551,한국지역정보개발원,HOME > 지식마당 > 지역정보화지,지역정보화지 제 135호,,2022-10-06 00:00:00,0,0,1,미부착,개방불가,없음,
552,한국지역정보개발원,HOME > 지식마당 > 지역정보화지,지역정보화지 제 136호,,2022-12-28 00:00:00,0,0,1,미부착,개방불가,없음,
553,한국지역정보개발원,HOME > 지식마당 > 지역정보화지,지역정보화지 제137호,,2023-05-31 00:00:00,0,0,1,미부착,개방불가,없음,
554,한국지역정보개발원,HOME > 지식마당 > 지역정보화백서,2012 지역정보화백서,,2012-10-31 00:00:00,0,0,1,미부착,제1유형,업무상저작물,
555,한국지역정보개발원,HOME > 지식마당 > 지역정보화백서,2013 지역정보화백서,,2013-12-02 00:00:00,0,0,1,미부착,제1유형,업무상저작물,
556,한국지역정보개발원,HOME > 지식마당 > 지역정보화백서,2014 지역정보화백서,,2014-12-19 00:00:00,0,0,1,미부착,제1유형,업무상저작물,
557,한국지역정보개발원,HOME > 지식마당 > 지역정보화백서,2015 지역정보화백서,,2016-01-11 00:00:00,0,0,1,미부착,제1유형,업무상저작물,
558,한국지역정보개발원,HOME > 지식마당 > 지역정보화백서,2016년 지역정보화백서,,2017-04-04 00:00:00,0,0,1,미부착,제1유형,업무상저작물,
559,한국지역정보개발원,HOME > 지식마당 > 지역정보화백서,2017년 지역정보화백서 통계자료(엑셀),,2018-05-23 00:00:00,0,0,1,미부착,제1유형,업무상저작물,
560,한국지역정보개발원,HOME > 지식마당 > 지역정보화백서,2017 지역정보화백서,,2018-05-24 00:00:00,0,0,1,미부착,제1유형,업무상저작물,
561,한국지역정보개발원,HOME > 지식마당 > 지역정보화백서,2018년 지역정보화백서,,2019-12-26 00:00:00,0,0,1,미부착,제1유형,업무상저작물,
562,한국지역정보개발원,HOME > 지식마당 > 지역정보화백서,2019 지역정보화백서,,2020-12-04 00:00:00,0,0,1,미부착,제1유형,업무상저작물,
563,한국지역정보개발원,HOME > 지식마당 > 지역정보화백서,2020 지역정보화백서,,2021-12-23 00:00:00,0,0,1,미부착,제1유형,업무상저작물,
564,한국지역정보개발원,HOME > 지식마당 > 지역정보화백서,2020 지역정보화백서 통계자료(엑셀),,2021-12-23 00:00:00,0,0,1,미부착,제1유형,업무상저작물,
565,한국지역정보개발원,HOME > 지식마당 > 지역정보화백서,2021 지역정보화백서(개원 25주년 기념 특별판),,2023-01-02 00:00:00,0,0,1,미부착,제1유형,업무상저작물,
566,한국지역정보개발원,HOME > 지식마당 > 지역정보화백서,2021 지역정보화백서 통계자료(엑셀),,2023-01-03 00:00:00,0,0,1,미부착,제1유형,업무상저작물,
567,한국지역정보개발원,HOME > 지식마당 > 빅데이터사례집,2016 지방자치단체 빅데이터 분석 사례집,,2017-01-05 00:00:00,0,0,1,미부착,제1유형,업무상저작물,
568,한국지역정보개발원,HOME > 지식마당 > 빅데이터사례집,2017 지방자치단체 빅데이터 분석 사례집,,2018-03-05 00:00:00,0,0,1,미부착,제1유형,업무상저작물,
569,한국지역정보개발원,HOME > 지식마당 > 빅데이터사례집,2018 지방자치단체 빅데이터 분석 사례집,,2019-02-20 00:00:00,0,0,1,미부착,제1유형,업무상저작물,
570,한국지역정보개발원,HOME > 지식마당 > 빅데이터사례집,2019 지방자치단체 빅데이터 분석 사례집,,2020-02-19 00:00:00,0,0,1,미부착,제1유형,업무상저작물,
571,한국지역정보개발원,HOME > 지식마당 > 빅데이터사례집,2020 지방자치단체 빅데이터 분석 사례집,,2021-04-01 00:00:00,0,0,1,미부착,제1유형,업무상저작물,
572,한국지역정보개발원,HOME > 지식마당 > 빅데이터사례집,2021 지방자치단체 빅데이터 분석 사례집,,2022-01-20 00:00:00,0,0,1,미부착,제1유형,업무상저작물,
573,한국지역정보개발원,HOME > 지식마당 > 빅데이터사례집,2022년 지방자치단체 빅데이터 분석 사례집,,2023-02-06 00:00:00,0,0,1,미부착,제1유형,업무상저작물,
574,한국지역정보개발원,HOME > 지식마당 > 빅데이터사례집,연도별 지역데이터 분석·활용 사례(전체 목록),,2023-02-06 00:00:00,0,0,1,미부착,제1유형,업무상저작물,
575,한국지역정보개발원,HOME > 지식마당 > 카드뉴스,ICT 최신 동향 제1호 : 스마트시티,,2016-10-21 00:00:00,0,0,1,미부착,제1유형,업무상저작물,
576,한국지역정보개발원,HOME > 지식마당 > 카드뉴스,ICT 최신 동향 제2호 : 웨어러블 기술과 헬스케어,,2016-11-16 00:00:00,0,0,1,미부착,제1유형,업무상저작물,
577,한국지역정보개발원,HOME > 지식마당 > 카드뉴스,ICT 최신 동향 제3호 : 스마트시티 - 재난안전 분야,,2016-12-05 00:00:00,0,0,1,미부착,제1유형,업무상저작물,
578,한국지역정보개발원,HOME > 지식마당 > 카드뉴스,ICT 최신 동향 제4호 : 가상/증강현실 현황과 지역정보화 적용방안,,2016-12-28 00:00:00,0,0,1,미부착,제1유형,업무상저작물,
579,한국지역정보개발원,HOME > 지식마당 > 카드뉴스,ICT 최신 동향 제5호 : 2017년 ICT Trend,,2017-01-24 00:00:00,0,0,1,미부착,제1유형,업무상저작물,
580,한국지역정보개발원,HOME > 지식마당 > 카드뉴스,ICT 최신 동향 제6호 : 차세대 무선 이동통신 5G,,2017-02-27 00:00:00,0,0,1,미부착,제1유형,업무상저작물,
581,한국지역정보개발원,HOME > 지식마당 > 카드뉴스,ICT 최신 동향 제7호 : 스마트공장,,2017-03-31 00:00:00,0,0,1,미부착,제1유형,업무상저작물,
582,한국지역정보개발원,HOME > 지식마당 > 카드뉴스,ICT 최신 동향 제8호 : VR/AR 산업 활성화를 위한 법정책적 과제,,2017-05-08 00:00:00,0,0,1,미부착,제1유형,업무상저작물,
583,한국지역정보개발원,HOME > 지식마당 > 카드뉴스,ICT 최신 동향 제9호 : 인공지능(AI),,2017-06-08 00:00:00,0,0,1,미부착,제1유형,업무상저작물,
584,한국지역정보개발원,HOME > 지식마당 > 카드뉴스,ICT 최신 동향 제10호 : 사물·소물인터넷과 지역정보화,,2017-07-27 00:00:00,0,0,1,미부착,제1유형,업무상저작물,
585,한국지역정보개발원,HOME > 지식마당 > 카드뉴스,"ICT 최신 동향 제11호 : 스마트시티 서비스, 상수도 스마트미터링",,2017-08-18 00:00:00,0,0,1,미부착,제1유형,업무상저작물,
586,한국지역정보개발원,HOME > 지식마당 > 카드뉴스,"ICT 최신 동향 제12호 : 스마트시티 서비스, 스마트 공공 쓰레기통",,2017-09-01 00:00:00,0,0,1,미부착,제1유형,업무상저작물,
587,한국지역정보개발원,HOME > 지식마당 > 카드뉴스,"ICT 최신 동향 제13호 : ""인간의 감성을 이해하고 다가가는 ‘감성컴퓨팅’""",,2017-09-13 00:00:00,0,0,1,미부착,제1유형,업무상저작물,
588,한국지역정보개발원,HOME > 지식마당 > 카드뉴스,ICT 최신 동향 제14호 : 에지 컴퓨팅,,2017-09-27 00:00:00,0,0,1,미부착,제1유형,업무상저작물,
589,한국지역정보개발원,HOME > 지식마당 > 카드뉴스,ICT 최신 동향 제15호 : 정보접근성,,2017-10-20 00:00:00,0,0,1,미부착,제1유형,업무상저작물,
590,한국지역정보개발원,HOME > 지식마당 > 카드뉴스,ICT 최신 동향 제16호 : 스마트시티 해외사례 (싱가포르),,2017-10-30 00:00:00,0,0,1,미부착,제1유형,업무상저작물,
591,한국지역정보개발원,HOME > 지식마당 > 카드뉴스,ICT 최신 동향 제17호 : 블록체인,,2017-11-03 00:00:00,0,0,1,미부착,제1유형,업무상저작물,
592,한국지역정보개발원,HOME > 지식마당 > 카드뉴스,ICT 최신 동향 제18호 : 근거리 무선통신기술,,2017-11-10 00:00:00,0,0,1,미부착,제1유형,업무상저작물,
593,한국지역정보개발원,HOME > 지식마당 > 카드뉴스,ICT 최신 동향 제19호 : 스마트시티 해외사례 - 코펜하겐,,2017-11-24 00:00:00,0,0,1,미부착,제1유형,업무상저작물,
594,한국지역정보개발원,HOME > 지식마당 > 카드뉴스,ICT 최신 동향 제20호 : 생체인증 기술의 글로벌 확장과 활용,,2017-12-01 00:00:00,0,0,1,미부착,제1유형,업무상저작물,
595,한국지역정보개발원,HOME > 지식마당 > 카드뉴스,ICT 최신 동향 제21호 : 머신러닝의 국내외 적용 사례,,2017-12-08 00:00:00,0,0,1,미부착,제1유형,업무상저작물,
596,한국지역정보개발원,HOME > 지식마당 > 카드뉴스,ICT 최신 동향 제22호 : 학부모 만족도가 높은 ‘청소년 건강관리 및 흡연예방 서비스’,,2017-12-15 00:00:00,0,0,1,미부착,제1유형,업무상저작물,
597,한국지역정보개발원,HOME > 지식마당 > 카드뉴스,"ICT 최신 동향 제23호 : 문화·관광 분야의 ICT, 실감미디어",,2017-12-20 00:00:00,0,0,1,미부착,제1유형,업무상저작물,
598,한국지역정보개발원,HOME > 지식마당 > 카드뉴스,ICT 최신 동향 2017년 총괄호,,2017-12-28 00:00:00,0,0,1,미부착,제1유형,업무상저작물,
599,한국지역정보개발원,HOME > 지식마당 > 카드뉴스,ICT 최신 동향 제24호 : 블록체인 활용 사례(가상화폐 등),,2018-01-30 00:00:00,0,0,1,미부착,제1유형,업무상저작물,
600,한국지역정보개발원,HOME > 지식마당 > 카드뉴스,ICT 최신 동향 제25호 : 자율주행차 상용화를 위한 정부 지원강화,,2018-02-26 00:00:00,0,0,1,미부착,제1유형,업무상저작물,
601,한국지역정보개발원,HOME > 지식마당 > 카드뉴스,ICT 최신 동향 제26호 : 드론 기술의 다양한 활용,,2018-03-29 00:00:00,0,0,1,미부착,제1유형,업무상저작물,
602,한국지역정보개발원,HOME > 지식마당 > 카드뉴스,ICT 최신 동향 제27호 : 지방자치단체 빅데이터 조직 및 인력 현황,,2018-05-15 00:00:00,0,0,1,미부착,제1유형,업무상저작물,
603,한국지역정보개발원,HOME > 지식마당 > 카드뉴스,"ICT 최신 동향 제28호 : 현장 데이터를 활용한 화재대응체계 : 미국의 ICT를 활용한 출동지원(Computer-Aided Dispatch, CAD) 시스템 사례",,2018-05-28 00:00:00,0,0,1,미부착,제1유형,업무상저작물,
604,한국지역정보개발원,HOME > 지식마당 > 카드뉴스,ICT 최신 동향 제29호 : 지방자치단체 빅데이터 사업 현황,,2018-07-02 00:00:00,0,0,1,미부착,제1유형,업무상저작물,
605,한국지역정보개발원,HOME > 지식마당 > 카드뉴스,ICT 최신 동향 제30호 : 지방자치단체 빅데이터 플랫폼 구축 현황,,2018-07-18 00:00:00,0,0,1,미부착,제1유형,업무상저작물,
606,한국지역정보개발원,HOME > 지식마당 > 카드뉴스,모바일 지식서비스 제31호 : 민선 7기 시도지사 공약 분석,,2018-09-13 00:00:00,0,0,1,미부착,제1유형,업무상저작물,
607,한국지역정보개발원,HOME > 지식마당 > 카드뉴스,모바일 지식서비스 제32호 : 지방정부 핵심공약 첨단 ICT 적용방향 : 미세먼지 저감 대응,,2018-09-13 00:00:00,0,0,1,미부착,제1유형,업무상저작물,
608,한국지역정보개발원,HOME > 지식마당 > 카드뉴스,"모바일 지식서비스 제33호 : 시스템을 통한 투명행정구현 : ""청백리""는 ""청백-e""로",,2018-09-17 00:00:00,0,0,1,미부착,제1유형,업무상저작물,
609,한국지역정보개발원,HOME > 지식마당 > 카드뉴스,모바일 지식서비스 제34호 : ICT로 지역사회를 활성화한다 : 도시재생,,2018-09-17 00:00:00,0,0,1,미부착,제1유형,업무상저작물,
610,한국지역정보개발원,HOME > 지식마당 > 카드뉴스,모바일 지식서비스 제35호 : 전자정부서비스 문서24,,2018-09-21 00:00:00,0,0,1,미부착,제1유형,업무상저작물,
611,한국지역정보개발원,HOME > 지식마당 > 카드뉴스,모바일 지식서비스 제36호 : IoT 기반 지역사회약자보호서비스 : 고독사 예방,,2018-09-28 00:00:00,0,0,1,미부착,제1유형,업무상저작물,
612,한국지역정보개발원,HOME > 지식마당 > 카드뉴스,모바일 지식서비스 제37호 : 해외 지역정보화 사례 : 일본의 시민참여를 통한 지역문제 해결,,2018-11-09 00:00:00,0,0,1,미부착,제1유형,업무상저작물,
613,한국지역정보개발원,HOME > 지식마당 > 카드뉴스,모바일 지식서비스 제38호 : 4차 산업혁명에 대응한 조직 실험 : 제주특별자치도 미래전략국,,2018-11-27 00:00:00,0,0,1,미부착,제1유형,업무상저작물,
614,한국지역정보개발원,HOME > 지식마당 > 카드뉴스,모바일 지식서비스 제39호 : 지방자치단체의 블록체인 활용 : 영등포구 제안서 평가시스템,,2018-12-28 00:00:00,0,0,1,미부착,제1유형,업무상저작물,
615,한국지역정보개발원,HOME > 지식마당 > 카드뉴스,모바일 지식서비스 제40호 : 인공지능(AI) 수사관의 성공사례,,2019-05-29 00:00:00,0,0,1,미부착,개방불가,없음,
616,한국지역정보개발원,HOME > 지식마당 > 카드뉴스,모바일 지식서비스 제41호 : 운전자 없는 자율주행차 경기도 판교 제로셔틀,,2019-06-21 00:00:00,0,0,1,미부착,개방불가,없음,
617,한국지역정보개발원,HOME > 지식마당 > 카드뉴스,모바일 지식서비스 제42호 : 빅데이터를 활용한 무인민원 발급기 운영현황 분석,,2019-07-23 00:00:00,0,0,1,미부착,개방불가,없음,
618,한국지역정보개발원,HOME > 지식마당 > 카드뉴스,모바일 지식서비스 제43호 : 전자신원(Electronic-ID) 도입이 가져다줄 정부 혁신,,2019-08-23 00:00:00,0,0,1,미부착,개방불가,없음,
619,한국지역정보개발원,HOME > 지식마당 > 카드뉴스,모바일 지식서비스 제44호 : 지자체 대상 정보화 공모사업 소개서,,2019-09-30 00:00:00,0,0,1,미부착,개방불가,없음,
620,한국지역정보개발원,HOME > 지식마당 > 카드뉴스,모바일 지식서비스 제45호 : 지자체 대상 정보화 공모사업 소개서 Part2,,2019-10-28 00:00:00,0,0,1,미부착,개방불가,없음,
621,한국지역정보개발원,HOME > 지식마당 > 카드뉴스,모바일 지식서비스 제46호 : 대기오염 및 도시문제를 해결하기 위한 IoT기반 솔루션,,2019-11-25 00:00:00,0,0,1,미부착,개방불가,없음,
622,한국지역정보개발원,HOME > 지식마당 > 카드뉴스,모바일 지식서비스 제47호 : 2020년 정부가 주목해야 할 ICT 기술 트렌드 멀티채널 시민참여,,2019-12-30 00:00:00,0,0,1,미부착,개방불가,없음,
623,한국지역정보개발원,HOME > 지식마당 > 카드뉴스,모바일 지식서비스 제48호 : 경찰관의 행정업무 시간을 줄여주는 인공지능 기반 음성인식 기술,,2020-02-03 00:00:00,0,0,1,미부착,개방불가,없음,
624,한국지역정보개발원,HOME > 지식마당 > 카드뉴스,모바일 지식서비스 제49호 : 빅데이터를 활용한 도로 미세먼지 발생량 예측 및 노면 청소차량 운행 효율화,,2020-04-13 00:00:00,0,0,1,미부착,개방불가,없음,
625,한국지역정보개발원,HOME > 지식마당 > 카드뉴스,모바일 지식서비스 제50호 : 생활 행정에 인공지능을 접목해 똑똑한 행정 펼친다,,2020-04-27 00:00:00,0,0,1,미부착,개방불가,없음,
626,한국지역정보개발원,HOME > 지식마당 > 카드뉴스,모바일 지식서비스 제51호 : RPA를 활용한 스웨덴의 복지 행정지원 절차 자동화,,2020-05-15 00:00:00,0,0,1,미부착,개방불가,없음,
627,한국지역정보개발원,HOME > 지식마당 > 카드뉴스,모바일 지식서비스 제52호 : 싱가포르 공원의 사회적 거리두기를 도와주는 AI 기반 로봇강아지 SPOT,,2020-06-05 00:00:00,0,0,1,미부착,개방불가,없음,
628,한국지역정보개발원,HOME > 지식마당 > 카드뉴스,모바일 지식서비스 제53호 : 비상 시 골든타임 확보 Perfect 안심 강원 실현,,2020-06-22 00:00:00,0,0,1,미부착,개방불가,없음,
629,한국지역정보개발원,HOME > 지식마당 > 카드뉴스,모바일 지식서비스 제54호 : 대구광역시 지능형 상담서비스 뚜봇,,2020-07-10 00:00:00,0,0,1,미부착,개방불가,없음,
630,한국지역정보개발원,HOME > 지식마당 > 카드뉴스,"모바일 지식서비스 제55호 : 경기도 카셰어링 서비스 ""행복카셰어""",,2020-07-23 00:00:00,0,0,1,미부착,개방불가,없음,
631,한국지역정보개발원,HOME > 지식마당 > 카드뉴스,모바일 지식서비스 제56호 : 서울은평구 인공지능 대형폐기물 처리서비스,,2020-08-06 00:00:00,0,0,1,미부착,개방불가,없음,
632,한국지역정보개발원,HOME > 지식마당 > 카드뉴스,모바일 지식서비스 제57호 : 충남 서천군 지역주민과 디지털노마드를 위한 스마트타운 조성,,2020-08-18 00:00:00,0,0,1,미부착,개방불가,없음,
633,한국지역정보개발원,HOME > 지식마당 > 카드뉴스,모바일 지식서비스 제58호 : 유럽 공공 블록체인,,2020-09-07 00:00:00,0,0,1,미부착,개방불가,없음,
634,한국지역정보개발원,HOME > 지식마당 > 카드뉴스,"모바일 지식서비스 제59호 : 스마트시티 주요 사례 - 호주, 스웨덴, 노르웨이",,2020-09-21 00:00:00,0,0,1,미부착,개방불가,없음,
635,한국지역정보개발원,HOME > 지식마당 > 카드뉴스,모바일 지식서비스 제60호 : 원스톱 포털서비스 세종엔,,2020-10-08 00:00:00,0,0,1,미부착,개방불가,없음,
636,한국지역정보개발원,HOME > 지식마당 > 카드뉴스,"모바일 지식서비스 제61호 : Pay It Forward London, 런던 크라우드펀딩",,2020-10-26 00:00:00,0,0,1,미부착,개방불가,없음,
637,한국지역정보개발원,HOME > 지식마당 > 카드뉴스,모바일 지식서비스 제62호 : 노년층에게 희망이 되는 MaaS를 활용한 모바일 클리닉,,2020-11-13 00:00:00,0,0,1,미부착,개방불가,없음,
638,한국지역정보개발원,HOME > 지식마당 > 카드뉴스,모바일 지식서비스 제63호 : 지구를 구하라! 탄소배출 저감 프로젝트,,2020-11-30 00:00:00,0,0,1,미부착,개방불가,없음,
639,한국지역정보개발원,HOME > 지식마당 > 카드뉴스,모바일 지식서비스 제64호 : 웨어러블 기기의 다양한 변신,,2020-12-15 00:00:00,0,0,1,미부착,개방불가,없음,
640,한국지역정보개발원,HOME > 지식마당 > 카드뉴스,"모바일 지식서비스 제65호 : AI, 실종아동 수색을 해결하다!",,2021-04-06 00:00:00,0,0,1,미부착,개방불가,없음,
641,한국지역정보개발원,HOME > 지식마당 > 카드뉴스,모바일 지식서비스 제66호 : 스마트시티의 차세대 사회 인프라 '스마트폴',,2021-04-06 00:00:00,0,0,1,미부착,개방불가,없음,
642,한국지역정보개발원,HOME > 지식마당 > 카드뉴스,"모바일 지식서비스 제67호 : 미래형 스마트 모빌리티, 자율주행 모빌리티 서비스",,2021-04-19 00:00:00,0,0,1,미부착,개방불가,없음,
643,한국지역정보개발원,HOME > 지식마당 > 카드뉴스,모바일 지식서비스 제68호 : 다중이용시설 방문자 등록 안심콜,,2021-05-03 00:00:00,0,0,1,미부착,제1유형,업무상저작물,
644,한국지역정보개발원,HOME > 지식마당 > 카드뉴스,"모바일 지식서비스 제69호 : 미래 로봇 기술, 반려 로봇의 등장",,2021-05-14 00:00:00,0,0,1,미부착,제1유형,업무상저작물,
645,한국지역정보개발원,HOME > 지식마당 > 카드뉴스,"모바일 지식서비스 제70호 : 3차원 가상세계, 메타버스 시대",,2021-06-01 00:00:00,0,0,1,미부착,제1유형,업무상저작물,
646,한국지역정보개발원,HOME > 지식마당 > 카드뉴스,"모바일 지식서비스 제71호 : 차세대 의복형 웨어러블 로봇기술, 근육 옷감의 탄생",,2021-06-11 00:00:00,0,0,1,미부착,개방불가,없음,
647,한국지역정보개발원,HOME > 지식마당 > 카드뉴스,"모바일 지식서비스 제72호 : 경상남도 하동군, 탄소없는 별천지마을",,2021-06-28 00:00:00,0,0,1,미부착,제1유형,업무상저작물,
648,한국지역정보개발원,HOME > 지식마당 > 카드뉴스,"모바일 지식서비스 제73호 : 꿀잠이 필요한 당신을 위한 기술, 슬립테크",,2021-07-09 00:00:00,0,0,1,미부착,개방불가,없음,
649,한국지역정보개발원,HOME > 지식마당 > 카드뉴스,"모바일 지식서비스 제74호 : 골든타임을 지켜줄 똑똑한 공공서비스, '5G,AI기반 응급의료 시스템'",,2021-07-23 00:00:00,0,0,1,미부착,제1유형,국가/지자체 저작물,
650,한국지역정보개발원,HOME > 지식마당 > 카드뉴스,모바일 지식서비스 제75호 : 우리 집의 놀라운 변신 '스마트홈',,2021-08-09 00:00:00,0,0,1,미부착,개방불가,없음,
651,한국지역정보개발원,HOME > 지식마당 > 카드뉴스,"모바일 지식서비스 제76호 : 도로 위의 혁신, 스마트시티 교통기술",,2021-08-20 00:00:00,0,0,1,미부착,제1유형,업무상저작물,
652,한국지역정보개발원,HOME > 지식마당 > 카드뉴스,모바일 지식서비스 제77호 : 서울특별시 은평구의 특별한 보건소 'AI보건소',,2021-09-03 00:00:00,0,0,1,미부착,제1유형,업무상저작물,
653,한국지역정보개발원,HOME > 지식마당 > 카드뉴스,"모바일 지식서비스 제78호 : 한국형 GPS의 탄생, KPS(Korea Positioning System)",,2021-09-17 00:00:00,0,0,1,미부착,제1유형,국가/지자체 저작물,
654,한국지역정보개발원,HOME > 지식마당 > 카드뉴스,모바일 지식서비스 제79호 : 산업재해를 예방하는 스마트안전 경보시스템,,2021-10-28 00:00:00,0,0,1,미부착,제1유형,국가/지자체 저작물,
655,한국지역정보개발원,HOME > 지식마당 > 카드뉴스,모바일 지식서비스 제80호 : 교육과 기술의 만남 에듀테크,,2021-11-03 00:00:00,0,0,1,미부착,개방불가,없음,
656,한국지역정보개발원,HOME > 지식마당 > 카드뉴스,모바일지식서비스 81호 : Iot&AI 기술을 활용한 겨울철 도로 노면 관리,,2021-11-24 00:00:00,0,0,1,미부착,제1유형,국가/지자체 저작물,
657,한국지역정보개발원,HOME > 지식마당 > 카드뉴스,모바일지식서비스 82호 : 가상공간에서 확인하고 구매하는XR쇼핑,,2021-11-24 00:00:00,0,0,1,미부착,개방불가,없음,
658,한국지역정보개발원,HOME > 지식마당 > 카드뉴스,모바일지식서비스 83호 : 가상세계로 지능적인 국토관리 '디지털 트윈국토 시범사업',,2021-12-03 00:00:00,0,0,1,미부착,제1유형,국가/지자체 저작물,
659,한국지역정보개발원,HOME > 지식마당 > 카드뉴스,모바일지식서비스 84호 : 무인이동체(드론) 활용 공공서비스 사업,,2021-12-20 00:00:00,0,0,1,미부착,제1유형,국가/지자체 저작물,
660,한국지역정보개발원,HOME > 지식마당 > 카드뉴스,모바일지식서비스 85호 : 신원 확인의 디지털전환 : 전자신분증 - 행정안전부 KLID,,2022-04-29 00:00:00,0,0,1,미부착,제1유형,업무상저작물,
661,한국지역정보개발원,HOME > 지식마당 > 카드뉴스,모바일지식서비스 86호 : 4차 산업혁명 시대의 세금 '디지털세',,2022-05-23 00:00:00,0,0,1,미부착,제1유형,업무상저작물,
662,한국지역정보개발원,HOME > 지식마당 > 카드뉴스,모바일지식서비스 87호 : 통합 이동 서비스 '도시형 MaaS 추진 현황',,2022-05-27 00:00:00,0,0,1,미부착,제1유형,업무상저작물,
663,한국지역정보개발원,HOME > 지식마당 > 카드뉴스,모바일지식서비스 88호 : 보이스피싱 피해 STOP! 든든한 ICT 시스템,,2022-06-30 00:00:00,0,0,1,미부착,개방불가,없음,
664,한국지역정보개발원,HOME > 지식마당 > 카드뉴스,"모바일지식서비스 89호 : '소송 자판기' 리걸 테크의 등장, 에스토니아의 AI판사 제도",,2022-07-29 00:00:00,0,0,1,미부착,제2유형,"한국행정연구원 홈페이지에 공공누리 2유형으로 분류, 고지됨",
665,한국지역정보개발원,HOME > 지식마당 > 카드뉴스,모바일지식서비스 90호 : 초연결시대의 행정모델 '디지털트윈 관료제',,2022-08-29 00:00:00,0,0,1,미부착,개방불가,없음,
666,한국지역정보개발원,HOME > 지식마당 > 카드뉴스,모바일지식서비스 91호 : 블록체인 기술동향과 행정서비스 적용사례,,2022-09-23 00:00:00,0,0,1,미부착,제1유형,업무상저작물,
667,한국지역정보개발원,HOME > 지식마당 > 카드뉴스,모바일지식서비스 92호 : 국민정보주권시대 '공공마이데이터 서비스' 활용법,,2022-10-14 00:00:00,0,0,1,미부착,제1유형,국가/지자체 저작물,
668,한국지역정보개발원,HOME > 지식마당 > 카드뉴스,모바일지식서비스 93호 : 첨단정보기술활용 공공서비스 촉진사업 소개,,2022-10-28 00:00:00,0,0,1,미부착,제1유형,업무상저작물,
669,한국지역정보개발원,HOME > 지식마당 > 카드뉴스,"모바일지식서비스 94호 : 세계최초, 최대규모로 발전한 미국 디지털 헬스케어 산업",,2022-11-21 00:00:00,0,0,1,미부착,개방불가,없음,
670,한국지역정보개발원,HOME > 지식마당 > 카드뉴스,모바일지식서비스 95호 : 클라우드컴퓨팅 시대로 전환 '정보자원의 활용과 혁신으로',,2022-12-13 00:00:00,0,0,1,미부착,제1유형,업무상저작물,
671,한국지역정보개발원,HOME > 지식마당 > 카드뉴스,모바일지식서비스 96호 : 공감e가득 사업소개(주민참여 기반 지역문제 해결사업),,2023-01-04 00:00:00,0,0,1,미부착,제1유형,업무상저작물,
672,한국지역정보개발원,HOME > 지식마당 > 카드뉴스,"모바일지식서비스 97호 : 물관리도 인공지능으로 똑똑하게, 스마트워터시티",,2023-01-30 00:00:00,0,0,1,미부착,개방불가,없음,
673,한국지역정보개발원,HOME > 지식마당 > 카드뉴스,모바일지식서비스 98호 : 법인잡는 인공지능 시스템,,2023-02-17 00:00:00,0,0,1,미부착,제1유형,국가/지자체 저작물,
674,한국지역정보개발원,HOME > 지식마당 > 카드뉴스,모바일지식서비스 99호 : 농사? 참 쉽다! 팜봇의 등장,,2023-03-24 00:00:00,0,0,1,미부착,개방불가,없음,
675,한국지역정보개발원,HOME > 지식마당 > 카드뉴스,모바일지식서비스 100호 : AI 청년 일자리 매칭 서비스,,2023-04-21 00:00:00,0,0,1,미부착,제1유형,국가/지자체 저작물,
676,한국지역정보개발원,HOME > 지식마당 > 카드뉴스,모바일지식서비스 101호: ChatGPT 국내외 공공 부문 도입 동향과 지자체 활용방안,,2023-05-26 00:00:00,0,0,1,미부착,제1유형,업무상저작물,
677,한국지역정보개발원,HOME > 지식마당 > 카드뉴스,모바일지식서비스 102호: 서울시 생활현장 스마트시티 시범사업,,2023-06-23 00:00:00,0,0,1,미부착,제1유형,국가/지자체 저작물,
678,한국지역정보개발원,HOME > 기관소개 > 홍보자료,홍보영상보기,,,1,0,0,미부착,개방불가,없음,
679,한국지역정보개발원,HOME > 기관소개 > 홍보자료,홍보 리플릿(한국어),,,0,0,1,미부착,제1유형,업무상저작물,
680,한국지역정보개발원,HOME > 기관소개 > 홍보자료,홍보 리플릿(영어),,,0,0,1,미부착,제1유형,업무상저작물,
