순번,대분류,중분류,기관명,사이트명,카테고리,이름,설명,등록일,수량,기존 공공누리 유형,최종 공공누리 유형,계약서 유무,비고,저작물명,,유형,디지털형태,설명,주제어,언어,제작일,,계약서,저작권자,,공동저작자,저작인접권자,공개유형,저작물성,비보호저작물,업무상저작물,상업적이용허락,저작재산권,,,,,,,공동저작자동의,유효기간,,초상권
1,이미지,문화유산,국가유산청,국가유산청,국가유산청,촬영본,,2024,430,전환구축,제1유형,유,,촬영본,,사진,이미지,,문화유산,한국어,2024,,저작재산권양도계약서,국가유산청,,,,제1유형,저작물,보호저작물,○,상업적이용가능,○,○,○,○,○,○,○,,2094,,
2,이미지,문화유산,국가유산청,국가유산청,"문화재대관 (석조II, 보물편)",익산 연동리석불좌상,"연동리석불좌상 광배(우측면)
소재지 : 전라북도 익산시 삼기면 연동리 2202
소유자 : 국유
규모: 전체 높이 : 4.48m, 불상 높이 : 1.69m
재질: 화강암
시대 : 벡제 7세기 전반",1982,1,미부착,제4유형,유,,익산 연동리석불좌상,,사진,이미지,,문화유산,한국어,1982,,저작물이용허락동의서,안장헌,,,국가유산청,제4유형,저작물,보호저작물,X,상업적이용금지,○,○,○,○,○,○,X,,,,
3,이미지,문화유산,국가유산청,국가유산청,"문화재대관 (석조II, 보물편)",용담사지 석불입상,"용담사지 석불입상_2
소재지 : 전라북도 남원시 주천면 용담리 298
소유자 : 국유
규모: 높이 : 6m
재질: 화강암
시대 : 고려시대",1984,1,미부착,제4유형,유,,용담사지 석불입상,,사진,이미지,,문화유산,한국어,1984,,저작물이용허락동의서,안장헌,,,국가유산청,제4유형,저작물,보호저작물,X,상업적이용금지,○,○,○,○,○,○,X,,,,
4,이미지,문화유산,국가유산청,국가유산청,"문화재대관 (석조II, 보물편)",용담사지 석불입상,"석불입상의 상반신(얼굴 부분)
소재지 : 전라북도 남원시 주천면 용담리 298
소유자 : 국유
규모: 높이 : 6m
재질: 화강암
시대 : 고려시대",미확인,1,미부착,제4유형,유,,용담사지 석불입상,,사진,이미지,,문화유산,한국어,미확인,,저작물이용허락동의서,안장헌,,,국가유산청,제4유형,저작물,보호저작물,X,상업적이용금지,○,○,○,○,○,○,X,,,,
5,이미지,문화유산,국가유산청,국가유산청,"문화재대관 (석조II, 보물편)",용담사지 석불입상,"연화 대좌의 연꽃 무늬
소재지 : 전라북도 남원시 주천면 용담리 298
소유자 : 국유
규모: 높이 : 6m
재질: 화강암
시대 : 고려시대",미확인,1,미부착,제4유형,유,,용담사지 석불입상,,사진,이미지,,문화유산,한국어,미확인,,저작물이용허락동의서,안장헌,,,국가유산청,제4유형,저작물,보호저작물,X,상업적이용금지,○,○,○,○,○,○,X,,,,
6,이미지,문화유산,국가유산청,국가유산청,"문화재대관 (석조II, 보물편)",용담사지 석불입상,"용담사지 석불입상_1
소재지 : 전라북도 남원시 주천면 용담리 298
소유자 : 국유
규모: 높이 : 6m
재질: 화강암
시대 : 고려시대",미확인,1,미부착,제4유형,유,,용담사지 석불입상,,사진,이미지,,문화유산,한국어,미확인,,저작물이용허락동의서,안장헌,,,국가유산청,제4유형,저작물,보호저작물,X,상업적이용금지,○,○,○,○,○,○,X,,,,
7,이미지,문화유산,국가유산청,국가유산청,"문화재대관 (석조II, 보물편)",만복사지 석불입상,"만복사지 석불입상_5
소재지 : 전라북도 남원시 왕정동 482 만복사지
소유자 : 국유
규모: 높이 : 3.74m
재질: 화강암
시대 : 고려 11세기",1996,1,미부착,제4유형,유,,만복사지 석불입상,,사진,이미지,,문화유산,한국어,1996,,저작물이용허락동의서,안장헌,,,국가유산청,제4유형,저작물,보호저작물,X,상업적이용금지,○,○,○,○,○,○,X,,,,
8,이미지,문화유산,국가유산청,국가유산청,"문화재대관 (석조II, 보물편)",만복사지 석불입상,"광배 뒷면 음각 여래입상
소재지 : 전라북도 남원시 왕정동 482 만복사지
소유자 : 국유
규모: 높이 : 3.74m
재질: 화강암
시대 : 고려 11세기",2001,1,미부착,제4유형,유,,만복사지 석불입상,,사진,이미지,,문화유산,한국어,2001,,저작물이용허락동의서,안장헌,,,국가유산청,제4유형,저작물,보호저작물,X,상업적이용금지,○,○,○,○,○,○,X,,,,
9,이미지,문화유산,국가유산청,국가유산청,"문화재대관 (석조II, 보물편)",만복사지 석불입상,"만복사지 석불입상_2
소재지 : 전라북도 남원시 왕정동 482 만복사지
소유자 : 국유
규모: 높이 : 3.74m
재질: 화강암
시대 : 고려 11세기",2001,1,미부착,제4유형,유,,만복사지 석불입상,,사진,이미지,,문화유산,한국어,2001,,저작물이용허락동의서,안장헌,,,국가유산청,제4유형,저작물,보호저작물,X,상업적이용금지,○,○,○,○,○,○,X,,,,
10,이미지,문화유산,국가유산청,국가유산청,"문화재대관 (석조II, 보물편)",만복사지 석불입상,"광배 뒷면 음각 여래입상_3
소재지 : 전라북도 남원시 왕정동 482 만복사지
소유자 : 국유
규모: 높이 : 3.74m
재질: 화강암
시대 : 고려 11세기",2001,1,미부착,제4유형,유,,만복사지 석불입상,,사진,이미지,,문화유산,한국어,2001,,저작물이용허락동의서,안장헌,,,국가유산청,제4유형,저작물,보호저작물,X,상업적이용금지,○,○,○,○,○,○,X,,,,
11,이미지,문화유산,국가유산청,국가유산청,"문화재대관 (석조II, 보물편)",만복사지 석불입상,"석불입상 대좌 상대석과 하대석
소재지 : 전라북도 남원시 왕정동 482 만복사지
소유자 : 국유
규모: 높이 : 3.74m
재질: 화강암
시대 : 고려 11세기",2001,1,미부착,제4유형,유,,만복사지 석불입상,,사진,이미지,,문화유산,한국어,2001,,저작물이용허락동의서,안장헌,,,국가유산청,제4유형,저작물,보호저작물,X,상업적이용금지,○,○,○,○,○,○,X,,,,
12,이미지,문화유산,국가유산청,국가유산청,"문화재대관 (석조II, 보물편)",부여 정림사지석불좌상,"부여 정림사지석불좌상
소재지 : 충청남도 부여군 부여읍 동남리 254 정림사지
소유자 : 국유
규모: 높이 : 5.62m
재질: 화강암
시대 : 고려시대(11세기)",2002,1,미부착,제4유형,유,,부여 정림사지석불좌상,,사진,이미지,,문화유산,한국어,2002,,저작물이용허락동의서,안장헌,,,국가유산청,제4유형,저작물,보호저작물,X,상업적이용금지,○,○,○,○,○,○,X,,,,
13,이미지,문화유산,국가유산청,국가유산청,"문화재대관 (석조II, 보물편)",부여 정림사지석불좌상,"부여 정림사지석불좌상_2
소재지 : 충청남도 부여군 부여읍 동남리 254 정림사지
소유자 : 국유
규모: 높이 : 5.62m
재질: 화강암
시대 : 고려시대(11세기)",2002,1,미부착,제4유형,유,,부여 정림사지석불좌상,,사진,이미지,,문화유산,한국어,2002,,저작물이용허락동의서,안장헌,,,국가유산청,제4유형,저작물,보호저작물,X,상업적이용금지,○,○,○,○,○,○,X,,,,
14,이미지,문화유산,국가유산청,국가유산청,"문화재대관 (석조II, 보물편)",부여 정림사지석불좌상,"석불좌상 삼단좌대 하대 상단의 복려문
소재지 : 충청남도 부여군 부여읍 동남리 254 정림사지
소유자 : 국유
규모: 높이 : 5.62m
재질: 화강암
시대 : 고려시대(11세기)",2002,1,미부착,제4유형,유,,부여 정림사지석불좌상,,사진,이미지,,문화유산,한국어,2002,,저작물이용허락동의서,안장헌,,,국가유산청,제4유형,저작물,보호저작물,X,상업적이용금지,○,○,○,○,○,○,X,,,,
15,이미지,문화유산,국가유산청,국가유산청,"문화재대관 (석조II, 보물편)",부여 정림사지석불좌상,"석불좌상 삼단대좌
소재지 : 충청남도 부여군 부여읍 동남리 254 정림사지
소유자 : 국유
규모: 높이 : 5.62m
재질: 화강암
시대 : 고려시대(11세기)",2002,1,미부착,제4유형,유,,부여 정림사지석불좌상,,사진,이미지,,문화유산,한국어,2002,,저작물이용허락동의서,안장헌,,,국가유산청,제4유형,저작물,보호저작물,X,상업적이용금지,○,○,○,○,○,○,X,,,,
16,이미지,문화유산,국가유산청,국가유산청,"문화재대관 (석조II, 보물편)",의성 관덕동석사자,"석사자 1쌍 중 암사자 상
소재지 : 경상북도 경주시 인왕동 76 국립경주박물관
소유자 : 국유
규모: 높이 : 0.35m
재질: 화강암
시대 : 통일신라시대",2002,1,미부착,제4유형,유,,의성 관덕동석사자,,사진,이미지,,문화유산,한국어,2002,,저작물이용허락동의서,안장헌,,,국가유산청,제4유형,저작물,보호저작물,X,상업적이용금지,○,○,○,○,○,○,X,,,,
17,이미지,문화유산,국가유산청,국가유산청,"문화재대관 (석조II, 보물편)",의성 관덕동석사자,"의성 관덕동사자_2
소재지 : 경상북도 경주시 인왕동 76 국립경주박물관
소유자 : 국유
규모: 높이 : 0.35m
재질: 화강암
시대 : 통일신라시대",2002,1,미부착,제4유형,유,,의성 관덕동석사자,,사진,이미지,,문화유산,한국어,2002,,저작물이용허락동의서,안장헌,,,국가유산청,제4유형,저작물,보호저작물,X,상업적이용금지,○,○,○,○,○,○,X,,,,
18,이미지,문화유산,국가유산청,국가유산청,"문화재대관 (석조II, 보물편)",의성 관덕동석사자,"의성 관덕동사자_3
소재지 : 경상북도 경주시 인왕동 76 국립경주박물관
소유자 : 국유
규모: 높이 : 0.35m
재질: 화강암
시대 : 통일신라시대",2002,1,미부착,제4유형,유,,의성 관덕동석사자,,사진,이미지,,문화유산,한국어,2002,,저작물이용허락동의서,안장헌,,,국가유산청,제4유형,저작물,보호저작물,X,상업적이용금지,○,○,○,○,○,○,X,,,,
19,이미지,문화유산,국가유산청,국가유산청,"문화재대관 (석조II, 보물편)",의성 관덕동석사자,"석사자 1쌍 중 숫사자 상
소재지 : 경상북도 경주시 인왕동 76 국립경주박물관
소유자 : 국유
규모: 높이 : 0.35m
재질: 화강암
시대 : 통일신라시대",2002,1,미부착,제4유형,유,,의성 관덕동석사자,,사진,이미지,,문화유산,한국어,2002,,저작물이용허락동의서,안장헌,,,국가유산청,제4유형,저작물,보호저작물,X,상업적이용금지,○,○,○,○,○,○,X,,,,
20,이미지,문화유산,국가유산청,국가유산청,"문화재대관 (석조II, 보물편)",의성 관덕동석사자,"의성 관덕동사자_5
소재지 : 경상북도 경주시 인왕동 76 국립경주박물관
소유자 : 국유
규모: 높이 : 0.35m
재질: 화강암
시대 : 통일신라시대",2002,1,미부착,제4유형,유,,의성 관덕동석사자,,사진,이미지,,문화유산,한국어,2002,,저작물이용허락동의서,안장헌,,,국가유산청,제4유형,저작물,보호저작물,X,상업적이용금지,○,○,○,○,○,○,X,,,,
21,이미지,문화유산,국가유산청,국가유산청,"문화재대관 (석조II, 보물편)",청도 박곡동석조석가여래좌상,"여래좌상 대좌 복련석
소재지 : 경상북도 청도군 금천면 박곡리 653
소유자 : 국유
규모: 전체높이 2.76m, 불상높이 1.54m
재질: 화강암
시대 : 통일신라시대",2001,1,미부착,제4유형,유,,청도 박곡동석조석가여래좌상,,사진,이미지,,문화유산,한국어,2001,,저작물이용허락동의서,안장헌,,,국가유산청,제4유형,저작물,보호저작물,X,상업적이용금지,○,○,○,○,○,○,X,,,,
22,이미지,문화유산,국가유산청,국가유산청,"문화재대관 (석조II, 보물편)",청도 박곡동석조석가여래좌상,"청도 박곡동석조석가여래좌상_2
소재지 : 경상북도 청도군 금천면 박곡리 653
소유자 : 국유
규모: 전체높이 2.76m, 불상높이 1.54m
재질: 화강암
시대 : 통일신라시대",2001,1,미부착,제4유형,유,,청도 박곡동석조석가여래좌상,,사진,이미지,,문화유산,한국어,2001,,저작물이용허락동의서,안장헌,,,국가유산청,제4유형,저작물,보호저작물,X,상업적이용금지,○,○,○,○,○,○,X,,,,
23,이미지,문화유산,국가유산청,국가유산청,"문화재대관 (석조II, 보물편)",청도 박곡동석조석가여래좌상,"여래좌상 불신의 측후면
소재지 : 경상북도 청도군 금천면 박곡리 653
소유자 : 국유
규모: 전체높이 2.76m, 불상높이 1.54m
재질: 화강암
시대 : 통일신라시대",2001,1,미부착,제4유형,유,,청도 박곡동석조석가여래좌상,,사진,이미지,,문화유산,한국어,2001,,저작물이용허락동의서,안장헌,,,국가유산청,제4유형,저작물,보호저작물,X,상업적이용금지,○,○,○,○,○,○,X,,,,
24,이미지,문화유산,국가유산청,국가유산청,"문화재대관 (석조II, 보물편)",청도 박곡동석조석가여래좌상,"청도 박곡동석조석가여래좌상_4
소재지 : 경상북도 청도군 금천면 박곡리 653
소유자 : 국유
규모: 전체높이 2.76m, 불상높이 1.54m
재질: 화강암
시대 : 통일신라시대",2001,1,미부착,제4유형,유,,청도 박곡동석조석가여래좌상,,사진,이미지,,문화유산,한국어,2001,,저작물이용허락동의서,안장헌,,,국가유산청,제4유형,저작물,보호저작물,X,상업적이용금지,○,○,○,○,○,○,X,,,,
25,이미지,문화유산,국가유산청,국가유산청,"문화재대관 (석조II, 보물편)",북한산 구기리마애석가여래좌상,"여래좌상 두부 및 갓(우측면 향)
소재지 : 서울특별시 종로구 구기동 승가사
소유자 : 국유
규모: 상높이 : 5.94m
재질: 화강암
시대 : 고려시대",1983,1,미부착,제4유형,유,,북한산 구기리마애석가여래좌상,,사진,이미지,,문화유산,한국어,1983,,저작물이용허락동의서,안장헌,,,국가유산청,제4유형,저작물,보호저작물,X,상업적이용금지,○,○,○,○,○,○,X,,,,
26,이미지,문화유산,국가유산청,국가유산청,"문화재대관 (석조II, 보물편)",북한산 구기리마애석가여래좌상,"여래좌상 두부 및 갓(정면 향)
소재지 : 서울특별시 종로구 구기동 승가사
소유자 : 국유
규모: 상높이 : 5.94m
재질: 화강암
시대 : 고려시대",1990,1,미부착,제4유형,유,,북한산 구기리마애석가여래좌상,,사진,이미지,,문화유산,한국어,1990,,저작물이용허락동의서,안장헌,,,국가유산청,제4유형,저작물,보호저작물,X,상업적이용금지,○,○,○,○,○,○,X,,,,
27,이미지,문화유산,국가유산청,국가유산청,"문화재대관 (석조II, 보물편)",북한산 구기리마애석가여래좌상,"여래좌상 손 모습 및 연화대좌
소재지 : 서울특별시 종로구 구기동 승가사
소유자 : 국유
규모: 상높이 : 5.94m
재질: 화강암
시대 : 고려시대",1990,1,미부착,제4유형,유,,북한산 구기리마애석가여래좌상,,사진,이미지,,문화유산,한국어,1990,,저작물이용허락동의서,안장헌,,,국가유산청,제4유형,저작물,보호저작물,X,상업적이용금지,○,○,○,○,○,○,X,,,,
28,이미지,문화유산,국가유산청,국가유산청,"문화재대관 (석조II, 보물편)",북한산 구기리마애석가여래좌상,"북한산 구기리마애석가여래좌상_1
소재지 : 서울특별시 종로구 구기동 승가사
소유자 : 국유
규모: 상높이 : 5.94m
재질: 화강암
시대 : 고려시대",1990,1,미부착,제4유형,유,,북한산 구기리마애석가여래좌상,,사진,이미지,,문화유산,한국어,1990,,저작물이용허락동의서,안장헌,,,국가유산청,제4유형,저작물,보호저작물,X,상업적이용금지,○,○,○,○,○,○,X,,,,
29,이미지,문화유산,국가유산청,국가유산청,"문화재대관 (석조II, 보물편)",북한산 구기리마애석가여래좌상,"여래좌상 전체 및 오르는 계단
소재지 : 서울특별시 종로구 구기동 승가사
소유자 : 국유
규모: 상높이 : 5.94m
재질: 화강암
시대 : 고려시대",1990,1,미부착,제4유형,유,,북한산 구기리마애석가여래좌상,,사진,이미지,,문화유산,한국어,1990,,저작물이용허락동의서,안장헌,,,국가유산청,제4유형,저작물,보호저작물,X,상업적이용금지,○,○,○,○,○,○,X,,,,
30,이미지,문화유산,국가유산청,국가유산청,"문화재대관 (석조1, 보물편)",의성 빙산사지오층석탑,"의성 빙산사지오층석탑_5
소재지 : 경상북도 의성군 춘산면 빙계리 산 70
소유자 : 국유
규모: 높이 : 8.15m
재질: 화강암
시대 : 통일신라말~고려시대초",1991,1,미부착,제4유형,유,,의성 빙산사지오층석탑,,사진,이미지,,문화유산,한국어,1991,,저작물이용허락동의서,안장헌,,,국가유산청,제4유형,저작물,보호저작물,X,상업적이용금지,○,○,○,○,○,○,X,,,,
31,이미지,문화유산,국가유산청,국가유산청,"문화재대관 (석조1, 보물편)",의성 빙산사지오층석탑,"의성 빙산사지오층석탑_6
소재지 : 경상북도 의성군 춘산면 빙계리 산 70
소유자 : 국유
규모: 높이 : 8.15m
재질: 화강암
시대 : 통일신라말~고려시대초",1991,1,미부착,제4유형,유,,의성 빙산사지오층석탑,,사진,이미지,,문화유산,한국어,1991,,저작물이용허락동의서,안장헌,,,국가유산청,제4유형,저작물,보호저작물,X,상업적이용금지,○,○,○,○,○,○,X,,,,
32,이미지,문화유산,국가유산청,국가유산청,"문화재대관 (석조1, 보물편)",정선 서정리구층석탑,"정산 서정리구층석탑
소재지 : 충청남도 청양군 정산면 서정리 16
소유자 : 국유
규모: 높이 : 6m
재질: 화강암
시대 : 고려시대",2002,1,미부착,제4유형,유,,정선 서정리구층석탑,,사진,이미지,,문화유산,한국어,2002,,저작물이용허락동의서,안장헌,,,국가유산청,제4유형,저작물,보호저작물,X,상업적이용금지,○,○,○,○,○,○,X,,,,
33,이미지,문화유산,국가유산청,국가유산청,"문화재대관 (석조1, 보물편)",경주 효현리삼층석탑,"탑신부
소재지 : 경상북도 경주시 효현동 420
소유자 : 국유
규모: 높이 : 4.06m
재질: 화강암
시대 : 통일신라시대",2000,1,미부착,제4유형,유,,경주 효현리삼층석탑,,사진,이미지,,문화유산,한국어,2000,,저작물이용허락동의서,안장헌,,,국가유산청,제4유형,저작물,보호저작물,X,상업적이용금지,○,○,○,○,○,○,X,,,,
34,이미지,문화유산,국가유산청,국가유산청,"문화재대관 (석조1, 보물편)",경주 효현리삼층석탑,"기단부 전체
소재지 : 경상북도 경주시 효현동 420
소유자 : 국유
규모: 높이 : 4.06m
재질: 화강암
시대 : 통일신라시대",2000,1,미부착,제4유형,유,,경주 효현리삼층석탑,,사진,이미지,,문화유산,한국어,2000,,저작물이용허락동의서,안장헌,,,국가유산청,제4유형,저작물,보호저작물,X,상업적이용금지,○,○,○,○,○,○,X,,,,
35,이미지,문화유산,국가유산청,국가유산청,"문화재대관 (석조1, 보물편)",경주 효현리삼층석탑,"상층기단 갑석과 탑신괴임
소재지 : 경상북도 경주시 효현동 420
소유자 : 국유
규모: 높이 : 4.06m
재질: 화강암
시대 : 통일신라시대",2000,1,미부착,제4유형,유,,경주 효현리삼층석탑,,사진,이미지,,문화유산,한국어,2000,,저작물이용허락동의서,안장헌,,,국가유산청,제4유형,저작물,보호저작물,X,상업적이용금지,○,○,○,○,○,○,X,,,,
36,이미지,문화유산,국가유산청,국가유산청,"문화재대관 (석조1, 보물편)",경주 효현리삼층석탑,"경주 효현리삼층석탑_4
소재지 : 경상북도 경주시 효현동 420
소유자 : 국유
규모: 높이 : 4.06m
재질: 화강암
시대 : 통일신라시대",2000,1,미부착,제4유형,유,,경주 효현리삼층석탑,,사진,이미지,,문화유산,한국어,2000,,저작물이용허락동의서,안장헌,,,국가유산청,제4유형,저작물,보호저작물,X,상업적이용금지,○,○,○,○,○,○,X,,,,
37,이미지,문화유산,국가유산청,국가유산청,"문화재대관 (석조1, 보물편)",여주 창리삼층석탑,"기단부 전체
소재지 : 경기도 여주군 여주읍 창리 136-6
소유자 : 국유
규모: 높이 : 2.46m
재질: 화강암
시대 : 고려시대",2002,1,미부착,제4유형,유,,여주 창리삼층석탑,,사진,이미지,,문화유산,한국어,2002,,저작물이용허락동의서,안장헌,,,국가유산청,제4유형,저작물,보호저작물,X,상업적이용금지,○,○,○,○,○,○,X,,,,
38,이미지,문화유산,국가유산청,국가유산청,"문화재대관 (석조1, 보물편)",여주 창리삼층석탑,"기단부의 복련석
소재지 : 경기도 여주군 여주읍 창리 136-6
소유자 : 국유
규모: 높이 : 2.46m
재질: 화강암
시대 : 고려시대",2002,1,미부착,제4유형,유,,여주 창리삼층석탑,,사진,이미지,,문화유산,한국어,2002,,저작물이용허락동의서,안장헌,,,국가유산청,제4유형,저작물,보호저작물,X,상업적이용금지,○,○,○,○,○,○,X,,,,
39,이미지,문화유산,국가유산청,국가유산청,"문화재대관 (석조1, 보물편)",여주 창리삼층석탑,"여주 창리삼층석탑_3
소재지 : 경기도 여주군 여주읍 창리 136-6
소유자 : 국유
규모: 높이 : 2.46m
재질: 화강암
시대 : 고려시대",2002,1,미부착,제4유형,유,,여주 창리삼층석탑,,사진,이미지,,문화유산,한국어,2002,,저작물이용허락동의서,안장헌,,,국가유산청,제4유형,저작물,보호저작물,X,상업적이용금지,○,○,○,○,○,○,X,,,,
40,이미지,문화유산,국가유산청,국가유산청,"문화재대관 (석조1, 보물편)",여주 창리삼층석탑,"여주 창리삼층석탑_4
소재지 : 경기도 여주군 여주읍 창리 136-6
소유자 : 국유
규모: 높이 : 2.46m
재질: 화강암
시대 : 고려시대",2002,1,미부착,제4유형,유,,여주 창리삼층석탑,,사진,이미지,,문화유산,한국어,2002,,저작물이용허락동의서,안장헌,,,국가유산청,제4유형,저작물,보호저작물,X,상업적이용금지,○,○,○,○,○,○,X,,,,
41,이미지,문화유산,국가유산청,국가유산청,"문화재대관 (석조1, 보물편)",보원사 법인국사보승탑,"보원사 법인국사보승탑_1
소재지 : 충청남도 서산시 운산면 용현리
소유자 : 국유
규모: 높이 : 4.75m
재질: 화강암
시대 : 고려시대",2002,1,미부착,제4유형,유,,보원사 법인국사보승탑,,사진,이미지,,문화유산,한국어,2002,,저작물이용허락동의서,안장헌,,,국가유산청,제4유형,저작물,보호저작물,X,상업적이용금지,○,○,○,○,○,○,X,,,,
42,이미지,문화유산,국가유산청,국가유산청,"문화재대관 (석조1, 보물편)",보원사 법인국사보승탑,"보원사 법인국사보승탑_2
소재지 : 충청남도 서산시 운산면 용현리
소유자 : 국유
규모: 높이 : 4.75m
재질: 화강암
시대 : 고려시대",2002,1,미부착,제4유형,유,,보원사 법인국사보승탑,,사진,이미지,,문화유산,한국어,2002,,저작물이용허락동의서,안장헌,,,국가유산청,제4유형,저작물,보호저작물,X,상업적이용금지,○,○,○,○,○,○,X,,,,
43,이미지,문화유산,국가유산청,국가유산청,"문화재대관 (석조1, 보물편)",보원사 법인국사보승탑,"기단부 하대석 상단(운룡문)
소재지 : 충청남도 서산시 운산면 용현리
소유자 : 국유
규모: 높이 : 4.75m
재질: 화강암
시대 : 고려시대",2001,1,미부착,제4유형,유,,보원사 법인국사보승탑,,사진,이미지,,문화유산,한국어,2001,,저작물이용허락동의서,안장헌,,,국가유산청,제4유형,저작물,보호저작물,X,상업적이용금지,○,○,○,○,○,○,X,,,,
44,이미지,문화유산,국가유산청,국가유산청,"문화재대관 (석조1, 보물편)",보원사 법인국사보승탑,"옥개석 및 상륜부
소재지 : 충청남도 서산시 운산면 용현리
소유자 : 국유
규모: 높이 : 4.75m
재질: 화강암
시대 : 고려시대",2002,1,미부착,제4유형,유,,보원사 법인국사보승탑,,사진,이미지,,문화유산,한국어,2002,,저작물이용허락동의서,안장헌,,,국가유산청,제4유형,저작물,보호저작물,X,상업적이용금지,○,○,○,○,○,○,X,,,,
45,이미지,문화유산,국가유산청,국가유산청,"문화재대관 (석조1, 보물편)",보원사 법인국사보승탑,"기단부 갑석(양련석)과 탑신부 조각
소재지 : 충청남도 서산시 운산면 용현리
소유자 : 국유
규모: 높이 : 4.75m
재질: 화강암
시대 : 고려시대",2002,1,미부착,제4유형,유,,보원사 법인국사보승탑,,사진,이미지,,문화유산,한국어,2002,,저작물이용허락동의서,안장헌,,,국가유산청,제4유형,저작물,보호저작물,X,상업적이용금지,○,○,○,○,○,○,X,,,,
46,이미지,문화유산,국가유산청,국가유산청,"문화재대관 (석조1, 보물편)",보원사 법인국사보승탑,"보원사 법인국사보승탑_5
소재지 : 충청남도 서산시 운산면 용현리
소유자 : 국유
규모: 높이 : 4.75m
재질: 화강암
시대 : 고려시대",2002,1,미부착,제4유형,유,,보원사 법인국사보승탑,,사진,이미지,,문화유산,한국어,2002,,저작물이용허락동의서,안장헌,,,국가유산청,제4유형,저작물,보호저작물,X,상업적이용금지,○,○,○,○,○,○,X,,,,
47,이미지,문화유산,국가유산청,국가유산청,"문화재대관 (석조1, 보물편)",청도 봉기동삼층석탑,"청도 봉기동삼층석탑_2
소재지 : 경상북도 청도군 풍각면 봉기리 714-4
소유자 : 국유
규모: 높이 : 5.47m
재질: 화강암
시대 : 통일신라시대",2001,1,미부착,제4유형,유,,청도 봉기동삼층석탑,,사진,이미지,,문화유산,한국어,2001,,저작물이용허락동의서,안장헌,,,국가유산청,제4유형,저작물,보호저작물,X,상업적이용금지,○,○,○,○,○,○,X,,,,
48,이미지,문화유산,국가유산청,국가유산청,"문화재대관 (석조1, 보물편)",청도 봉기동삼층석탑,"상단기단부 갑석 및 탑신괴임
소재지 : 경상북도 청도군 풍각면 봉기리 714-4
소유자 : 국유
규모: 높이 : 5.47m
재질: 화강암
시대 : 통일신라시대",2001,1,미부착,제4유형,유,,청도 봉기동삼층석탑,,사진,이미지,,문화유산,한국어,2001,,저작물이용허락동의서,안장헌,,,국가유산청,제4유형,저작물,보호저작물,X,상업적이용금지,○,○,○,○,○,○,X,,,,
49,이미지,문화유산,국가유산청,국가유산청,"문화재대관 (석조1, 보물편)",상주 화달리삼층석탑,"탑신부
소재지 : 경상북도 상주시 사벌면 화달리422
소유자 : 국유
규모: 높이 : 6.24m
재질: 화강암
시대 : 통일신라시대",미확인,1,미부착,제4유형,유,,상주 화달리삼층석탑,,사진,이미지,,문화유산,한국어,미확인,,저작물이용허락동의서,안장헌,,,국가유산청,제4유형,저작물,보호저작물,X,상업적이용금지,○,○,○,○,○,○,X,,,,
50,이미지,문화유산,국가유산청,국가유산청,"문화재대관 (석조1, 보물편)",상주 화달리삼층석탑,"기단부_2
소재지 : 경상북도 상주시 사벌면 화달리422
소유자 : 국유
규모: 높이 : 6.24m
재질: 화강암
시대 : 통일신라시대",미확인,1,미부착,제4유형,유,,상주 화달리삼층석탑,,사진,이미지,,문화유산,한국어,미확인,,저작물이용허락동의서,안장헌,,,국가유산청,제4유형,저작물,보호저작물,X,상업적이용금지,○,○,○,○,○,○,X,,,,
51,이미지,문화유산,국가유산청,국가유산청,"문화재대관 (석조1, 보물편)",상주 화달리삼층석탑,"1층탑신 및 석불좌상
소재지 : 경상북도 상주시 사벌면 화달리422
소유자 : 국유
규모: 높이 : 6.24m
재질: 화강암
시대 : 통일신라시대",미확인,1,미부착,제4유형,유,,상주 화달리삼층석탑,,사진,이미지,,문화유산,한국어,미확인,,저작물이용허락동의서,안장헌,,,국가유산청,제4유형,저작물,보호저작물,X,상업적이용금지,○,○,○,○,○,○,X,,,,
52,이미지,문화유산,국가유산청,국가유산청,"문화재대관 (석조1, 보물편)",부여 장하리삼층석탑,"기단부 및 1층탑신
소재지 : 충청남도 부여군 장암면 장하리 536
소유자 : 국유
규모: 높이 : 4.9m
재질: 화강암
시대 : 고려시대",2002,1,미부착,제4유형,유,,부여 장하리삼층석탑,,사진,이미지,,문화유산,한국어,2002,,저작물이용허락동의서,안장헌,,,국가유산청,제4유형,저작물,보호저작물,X,상업적이용금지,○,○,○,○,○,○,X,,,,
53,이미지,문화유산,국가유산청,국가유산청,"문화재대관 (석조1, 보물편)",부여 장하리삼층석탑,"부여 장하리삼층석탑_3
소재지 : 충청남도 부여군 장암면 장하리 536
소유자 : 국유
규모: 높이 : 4.9m
재질: 화강암
시대 : 고려시대",2002,1,미부착,제4유형,유,,부여 장하리삼층석탑,,사진,이미지,,문화유산,한국어,2002,,저작물이용허락동의서,안장헌,,,국가유산청,제4유형,저작물,보호저작물,X,상업적이용금지,○,○,○,○,○,○,X,,,,
54,이미지,문화유산,국가유산청,국가유산청,"문화재대관 (석조1, 보물편)",부여 장하리삼층석탑,"3층탑신의 감실
소재지 : 충청남도 부여군 장암면 장하리 536
소유자 : 국유
규모: 높이 : 4.9m
재질: 화강암
시대 : 고려시대",2002,1,미부착,제4유형,유,,부여 장하리삼층석탑,,사진,이미지,,문화유산,한국어,2002,,저작물이용허락동의서,안장헌,,,국가유산청,제4유형,저작물,보호저작물,X,상업적이용금지,○,○,○,○,○,○,X,,,,
55,이미지,문화유산,국가유산청,국가유산청,"문화재대관 (석조1, 보물편)",부여 장하리삼층석탑,"1층옥개석 세부
소재지 : 충청남도 부여군 장암면 장하리 536
소유자 : 국유
규모: 높이 : 4.9m
재질: 화강암
시대 : 고려시대",2002,1,미부착,제4유형,유,,부여 장하리삼층석탑,,사진,이미지,,문화유산,한국어,2002,,저작물이용허락동의서,안장헌,,,국가유산청,제4유형,저작물,보호저작물,X,상업적이용금지,○,○,○,○,○,○,X,,,,
56,이미지,문화유산,국가유산청,국가유산청,"문화재대관 (석조1, 보물편)",송림사 오층전탑,"상륜부 세부(금속장식)
소재지 : 경상북도 칠곡군 동명면 구덕리 91-6
소유자 : 송림사
규모: 높이 : 16.13m
재질: 화강암
시대 : 통일신라시대",2000,1,미부착,제4유형,유,,송림사 오층전탑,,사진,이미지,,문화유산,한국어,2000,,저작물이용허락동의서,안장헌,,,국가유산청,제4유형,저작물,보호저작물,X,상업적이용금지,○,○,○,○,○,○,X,,,,
57,이미지,문화유산,국가유산청,국가유산청,"문화재대관 (석조1, 보물편)",송림사 오층전탑,"탑신옥개 층급받침 세부
소재지 : 경상북도 칠곡군 동명면 구덕리 91-6
소유자 : 송림사
규모: 높이 : 16.13m
재질: 화강암
시대 : 통일신라시대",2000,1,미부착,제4유형,유,,송림사 오층전탑,,사진,이미지,,문화유산,한국어,2000,,저작물이용허락동의서,안장헌,,,국가유산청,제4유형,저작물,보호저작물,X,상업적이용금지,○,○,○,○,○,○,X,,,,
58,이미지,문화유산,국가유산청,국가유산청,"문화재대관 (석조1, 보물편)",보현사 낭원대사오진탑,"상륜부 보개
소재지 : 강원도 강릉시 구정면 학산리 731
소유자 : 국유
규모: 높이 : 2m
재질: 화강암
시대 : 고려시대(940년 이전 추정)",2002,1,미부착,제4유형,유,,보현사 낭원대사오진탑,,사진,이미지,,문화유산,한국어,2002,,저작물이용허락동의서,안장헌,,,국가유산청,제4유형,저작물,보호저작물,X,상업적이용금지,○,○,○,○,○,○,X,,,,
59,이미지,문화유산,국가유산청,국가유산청,"문화재대관 (석조1, 보물편)",보현사 낭원대사오진탑,"복발형 하대석의 운룡문
소재지 : 강원도 강릉시 구정면 학산리 731
소유자 : 국유
규모: 높이 : 2m
재질: 화강암
시대 : 고려시대(940년 이전 추정)",2002,1,미부착,제4유형,유,,보현사 낭원대사오진탑,,사진,이미지,,문화유산,한국어,2002,,저작물이용허락동의서,안장헌,,,국가유산청,제4유형,저작물,보호저작물,X,상업적이용금지,○,○,○,○,○,○,X,,,,
60,이미지,문화유산,국가유산청,국가유산청,"문화재대관 (석조1, 보물편)",보현사 낭원대사오진탑,"상대석(양련) 및 탑신부(문비)
소재지 : 강원도 강릉시 구정면 학산리 731
소유자 : 국유
규모: 높이 : 2m
재질: 화강암
시대 : 고려시대(940년 이전 추정)",2002,1,미부착,제4유형,유,,보현사 낭원대사오진탑,,사진,이미지,,문화유산,한국어,2002,,저작물이용허락동의서,안장헌,,,국가유산청,제4유형,저작물,보호저작물,X,상업적이용금지,○,○,○,○,○,○,X,,,,
61,이미지,문화유산,국가유산청,국가유산청,"문화재대관 (석조1, 보물편)",보현사 낭원대사오진탑,"기단부 전체_5
소재지 : 강원도 강릉시 구정면 학산리 731
소유자 : 국유
규모: 높이 : 2m
재질: 화강암
시대 : 고려시대(940년 이전 추정)",2002,1,미부착,제4유형,유,,보현사 낭원대사오진탑,,사진,이미지,,문화유산,한국어,2002,,저작물이용허락동의서,안장헌,,,국가유산청,제4유형,저작물,보호저작물,X,상업적이용금지,○,○,○,○,○,○,X,,,,
62,이미지,문화유산,국가유산청,국가유산청,"문화재대관 (석조1, 보물편)",춘천 칠층석탑,"연꽃방석 형태의 탑신괴임
소재지 : 강원도 춘천시 소양로 2가 162-2
소유자 : 국유
규모: 높이 : 5.5m
재질: 화강암
시대 : 고려시대",2002,1,미부착,제4유형,유,,춘천 칠층석탑,,사진,이미지,,문화유산,한국어,2002,,저작물이용허락동의서,안장헌,,,국가유산청,제4유형,저작물,보호저작물,X,상업적이용금지,○,○,○,○,○,○,X,,,,
63,이미지,문화유산,국가유산청,국가유산청,"문화재대관 (석조1, 보물편)",춘천 칠층석탑,"탑신부 옥개석
소재지 : 강원도 춘천시 소양로 2가 162-2
소유자 : 국유
규모: 높이 : 5.5m
재질: 화강암
시대 : 고려시대",2002,1,미부착,제4유형,유,,춘천 칠층석탑,,사진,이미지,,문화유산,한국어,2002,,저작물이용허락동의서,안장헌,,,국가유산청,제4유형,저작물,보호저작물,X,상업적이용금지,○,○,○,○,○,○,X,,,,
64,이미지,문화유산,국가유산청,국가유산청,"문화재대관 (석조1, 보물편)",춘천 칠층석탑,"기단부 전체모습(상하층기단)
소재지 : 강원도 춘천시 소양로 2가 162-2
소유자 : 국유
규모: 높이 : 5.5m
재질: 화강암
시대 : 고려시대",2002,1,미부착,제4유형,유,,춘천 칠층석탑,,사진,이미지,,문화유산,한국어,2002,,저작물이용허락동의서,안장헌,,,국가유산청,제4유형,저작물,보호저작물,X,상업적이용금지,○,○,○,○,○,○,X,,,,
65,이미지,문화유산,국가유산청,국가유산청,"문화재대관 (석조1, 보물편)",춘천 칠층석탑,"괴임돌과 탑신부
소재지 : 강원도 춘천시 소양로 2가 162-2
소유자 : 국유
규모: 높이 : 5.5m
재질: 화강암
시대 : 고려시대",2002,1,미부착,제4유형,유,,춘천 칠층석탑,,사진,이미지,,문화유산,한국어,2002,,저작물이용허락동의서,안장헌,,,국가유산청,제4유형,저작물,보호저작물,X,상업적이용금지,○,○,○,○,○,○,X,,,,
66,이미지,문화유산,국가유산청,국가유산청,"문화재대관 (석조1, 보물편)",춘천 칠층석탑,"춘천 칠층석탑_5
소재지 : 강원도 춘천시 소양로 2가 162-2
소유자 : 국유
규모: 높이 : 5.5m
재질: 화강암
시대 : 고려시대",2002,1,미부착,제4유형,유,,춘천 칠층석탑,,사진,이미지,,문화유산,한국어,2002,,저작물이용허락동의서,안장헌,,,국가유산청,제4유형,저작물,보호저작물,X,상업적이용금지,○,○,○,○,○,○,X,,,,
67,이미지,문화유산,국가유산청,국가유산청,"문화재대관 (석조1, 보물편)",춘천 칠층석탑,"춘천 칠층석탑_6
소재지 : 강원도 춘천시 소양로 2가 162-2
소유자 : 국유
규모: 높이 : 5.5m
재질: 화강암
시대 : 고려시대",2002,1,미부착,제4유형,유,,춘천 칠층석탑,,사진,이미지,,문화유산,한국어,2002,,저작물이용허락동의서,안장헌,,,국가유산청,제4유형,저작물,보호저작물,X,상업적이용금지,○,○,○,○,○,○,X,,,,
68,이미지,문화유산,국가유산청,국가유산청,"문화재대관 (석조1, 보물편)",안국사지 석탑,"기단부와 1층탑신석
소재지 : 충청남도 당진군 정미면 수당리 산 102-1
소유자 : 국유
규모: 높이 : 3m
재질: 화강암
시대 : 고려시대",미확인,1,미부착,제4유형,유,,안국사지 석탑,,사진,이미지,,문화유산,한국어,미확인,,저작물이용허락동의서,안장헌,,,국가유산청,제4유형,저작물,보호저작물,X,상업적이용금지,○,○,○,○,○,○,X,,,,
69,이미지,문화유산,국가유산청,국가유산청,"문화재대관 (석조1, 보물편)",광주 서오층석탑,"기단부 및 초층탑신
소재지 : 광구광역시 남구 구동 16-2
소유자 : 국유
규모: 높이 : 7m
재질: 화강암
시대 : 고려시대",미확인,1,미부착,제4유형,유,,광주 서오층석탑,,사진,이미지,,문화유산,한국어,미확인,,저작물이용허락동의서,안장헌,,,국가유산청,제4유형,저작물,보호저작물,X,상업적이용금지,○,○,○,○,○,○,X,,,,
70,이미지,문화유산,국가유산청,국가유산청,"문화재대관 (석조1, 보물편)",광주 서오층석탑,"탑신부
소재지 : 광구광역시 남구 구동 16-2
소유자 : 국유
규모: 높이 : 7m
재질: 화강암
시대 : 고려시대",미확인,1,미부착,제4유형,유,,광주 서오층석탑,,사진,이미지,,문화유산,한국어,미확인,,저작물이용허락동의서,안장헌,,,국가유산청,제4유형,저작물,보호저작물,X,상업적이용금지,○,○,○,○,○,○,X,,,,
71,이미지,문화유산,국가유산청,국가유산청,"문화재대관 (석조1, 보물편)",광주 서오층석탑,"광주 서오층석탑_4
소재지 : 광구광역시 남구 구동 16-2
소유자 : 국유
규모: 높이 : 7m
재질: 화강암
시대 : 고려시대",미확인,1,미부착,제4유형,유,,광주 서오층석탑,,사진,이미지,,문화유산,한국어,미확인,,저작물이용허락동의서,안장헌,,,국가유산청,제4유형,저작물,보호저작물,X,상업적이용금지,○,○,○,○,○,○,X,,,,
72,이미지,문화유산,국가유산청,국가유산청,"문화재대관 (석조1, 보물편)",봉암사 정진대사원오탑,"옥개석 및 상륜부
소재지 : 경상북도 문경시 가은읍 원복리 485
소유자 : 봉암사
규모: 높이 : 5m
재질: 화강암
시대 : 고려(광종)시대",2001,1,미부착,제4유형,유,,봉암사 정진대사원오탑,,사진,이미지,,문화유산,한국어,2001,,저작물이용허락동의서,안장헌,,,국가유산청,제4유형,저작물,보호저작물,X,상업적이용금지,○,○,○,○,○,○,X,,,,
73,이미지,문화유산,국가유산청,국가유산청,"문화재대관 (석조1, 보물편)",봉암사 정진대사원오탑,"봉암사 정진대사원오탑_6
소재지 : 경상북도 문경시 가은읍 원복리 485
소유자 : 봉암사
규모: 높이 : 5m
재질: 화강암
시대 : 고려(광종)시대",2001,1,미부착,제4유형,유,,봉암사 정진대사원오탑,,사진,이미지,,문화유산,한국어,2001,,저작물이용허락동의서,안장헌,,,국가유산청,제4유형,저작물,보호저작물,X,상업적이용금지,○,○,○,○,○,○,X,,,,
74,이미지,문화유산,국가유산청,국가유산청,"문화재대관 (석조II, 보물편)",신륵사 보제존자석종 앞 석등,"신륵사 보제존자석종 앞 석등_1
소재지 : 경기도 여주군 북내면 천송리 신륵사
소유자 : 신륵사
규모: 총높이 : 1.94m, 화사석높이 : 0.66m
재질: 기단부분 : 화강석, 화석 : 납석
시대 : 고려시대",미확인,1,미부착,제4유형,유,,신륵사 보제존자석종 앞 석등,,사진,이미지,,문화유산,한국어,미확인,,저작물이용허락동의서,안장헌,,,국가유산청,제4유형,저작물,보호저작물,X,상업적이용금지,○,○,○,○,○,○,X,,,,
75,이미지,문화유산,국가유산청,국가유산청,"문화재대관 (석조II, 보물편)",신륵사 보제존자석종 앞 석등,"석등 화사석 기둥의 번룡조각과 화두형 화창 및 벽면의 비천상 조각
소재지 : 경기도 여주군 북내면 천송리 신륵사
소유자 : 신륵사
규모: 총높이 : 1.94m, 화사석높이 : 0.66m
재질: 기단부분 : 화강석, 화석 : 납석
시대 : 고려시대",2002,1,미부착,제4유형,유,,신륵사 보제존자석종 앞 석등,,사진,이미지,,문화유산,한국어,2002,,저작물이용허락동의서,안장헌,,,국가유산청,제4유형,저작물,보호저작물,X,상업적이용금지,○,○,○,○,○,○,X,,,,
76,이미지,문화유산,국가유산청,국가유산청,"문화재대관 (석조II, 보물편)",신륵사 보제존자석종 앞 석등,"석등의 상중하대석
소재지 : 경기도 여주군 북내면 천송리 신륵사
소유자 : 신륵사
규모: 총높이 : 1.94m, 화사석높이 : 0.66m
재질: 기단부분 : 화강석, 화석 : 납석
시대 : 고려시대",2002,1,미부착,제4유형,유,,신륵사 보제존자석종 앞 석등,,사진,이미지,,문화유산,한국어,2002,,저작물이용허락동의서,안장헌,,,국가유산청,제4유형,저작물,보호저작물,X,상업적이용금지,○,○,○,○,○,○,X,,,,
77,이미지,문화유산,국가유산청,국가유산청,"문화재대관 (석조II, 보물편)",신륵사 보제존자석종 앞 석등,"석등의 옥개석 및 노반과 보주
소재지 : 경기도 여주군 북내면 천송리 신륵사
소유자 : 신륵사
규모: 총높이 : 1.94m, 화사석높이 : 0.66m
재질: 기단부분 : 화강석, 화석 : 납석
시대 : 고려시대",2002,1,미부착,제4유형,유,,신륵사 보제존자석종 앞 석등,,사진,이미지,,문화유산,한국어,2002,,저작물이용허락동의서,안장헌,,,국가유산청,제4유형,저작물,보호저작물,X,상업적이용금지,○,○,○,○,○,○,X,,,,
78,이미지,문화유산,국가유산청,국가유산청,"문화재대관 (석조II, 보물편)",청량사 석등,"청량사 석등_1
소재지 : 경상남도 협천군 가야면 황산리 청량사
소유자 : 청량사
규모: 총 높이 : 3.4m
재질: 화강석
시대 : 통일신라시대",2001,1,미부착,제4유형,유,,청량사 석등,,사진,이미지,,문화유산,한국어,2001,,저작물이용허락동의서,안장헌,,,국가유산청,제4유형,저작물,보호저작물,X,상업적이용금지,○,○,○,○,○,○,X,,,,
79,이미지,문화유산,국가유산청,국가유산청,"문화재대관 (석조II, 보물편)",청량사 석등,"석등 기단부 하대의 복련문과 향로 조각
소재지 : 경상남도 협천군 가야면 황산리 청량사
소유자 : 청량사
규모: 총 높이 : 3.4m
재질: 화강석
시대 : 통일신라시대",2001,1,미부착,제4유형,유,,청량사 석등,,사진,이미지,,문화유산,한국어,2001,,저작물이용허락동의서,안장헌,,,국가유산청,제4유형,저작물,보호저작물,X,상업적이용금지,○,○,○,○,○,○,X,,,,
80,이미지,문화유산,국가유산청,국가유산청,"문화재대관 (석조II, 보물편)",청량사 석등,"석등의 화사석,옥개석,앙련석
소재지 : 경상남도 협천군 가야면 황산리 청량사
소유자 : 청량사
규모: 총 높이 : 3.4m
재질: 화강석
시대 : 통일신라시대",2001,1,미부착,제4유형,유,,청량사 석등,,사진,이미지,,문화유산,한국어,2001,,저작물이용허락동의서,안장헌,,,국가유산청,제4유형,저작물,보호저작물,X,상업적이용금지,○,○,○,○,○,○,X,,,,
81,이미지,문화유산,국가유산청,국가유산청,"문화재대관 (석조II, 보물편)",청룡사 석조여래좌상,"여래좌상 상반신 좌측면 향
소재지 : 경상북도 예천군 용문면 선리 520-1 청룡사
소유자 : 청룡사
규모: 불상 높이 : 0.93m, 대좌 높이 : 0.67m, 광배 높이 : 1.5m
재질: 화강석
시대 : 통일신라시대",2001,1,미부착,제4유형,유,,청룡사 석조여래좌상,,사진,이미지,,문화유산,한국어,2001,,저작물이용허락동의서,안장헌,,,국가유산청,제4유형,저작물,보호저작물,X,상업적이용금지,○,○,○,○,○,○,X,,,,
82,이미지,문화유산,국가유산청,국가유산청,"문화재대관 (석조II, 보물편)",청룡사 석조여래좌상,"여래좌상 연화대좌
소재지 : 경상북도 예천군 용문면 선리 520-1 청룡사
소유자 : 청룡사
규모: 불상 높이 : 0.93m, 대좌 높이 : 0.67m, 광배 높이 : 1.5m
재질: 화강석
시대 : 통일신라시대",2001,1,미부착,제4유형,유,,청룡사 석조여래좌상,,사진,이미지,,문화유산,한국어,2001,,저작물이용허락동의서,안장헌,,,국가유산청,제4유형,저작물,보호저작물,X,상업적이용금지,○,○,○,○,○,○,X,,,,
83,이미지,문화유산,국가유산청,국가유산청,"문화재대관 (석조II, 보물편)",청룡사 석조여래좌상,"청룡사 석조여래좌상_3
소재지 : 경상북도 예천군 용문면 선리 520-1 청룡사
소유자 : 청룡사
규모: 불상 높이 : 0.93m, 대좌 높이 : 0.67m, 광배 높이 : 1.5m
재질: 화강석
시대 : 통일신라시대",2001,1,미부착,제4유형,유,,청룡사 석조여래좌상,,사진,이미지,,문화유산,한국어,2001,,저작물이용허락동의서,안장헌,,,국가유산청,제4유형,저작물,보호저작물,X,상업적이용금지,○,○,○,○,○,○,X,,,,
84,이미지,문화유산,국가유산청,국가유산청,"문화재대관 (석조II, 보물편)",청룡사 석조여래좌상,"여래좌상 상반신 및 광배
소재지 : 경상북도 예천군 용문면 선리 520-1 청룡사
소유자 : 청룡사
규모: 불상 높이 : 0.93m, 대좌 높이 : 0.67m, 광배 높이 : 1.5m
재질: 화강석
시대 : 통일신라시대",2001,1,미부착,제4유형,유,,청룡사 석조여래좌상,,사진,이미지,,문화유산,한국어,2001,,저작물이용허락동의서,안장헌,,,국가유산청,제4유형,저작물,보호저작물,X,상업적이용금지,○,○,○,○,○,○,X,,,,
85,이미지,문화유산,국가유산청,국가유산청,"문화재대관 (석조II, 보물편)",청룡사 석조여래좌상,"여래좌상 상반신 우측면 향
소재지 : 경상북도 예천군 용문면 선리 520-1 청룡사
소유자 : 청룡사
규모: 불상 높이 : 0.93m, 대좌 높이 : 0.67m, 광배 높이 : 1.5m
재질: 화강석
시대 : 통일신라시대",2001,1,미부착,제4유형,유,,청룡사 석조여래좌상,,사진,이미지,,문화유산,한국어,2001,,저작물이용허락동의서,안장헌,,,국가유산청,제4유형,저작물,보호저작물,X,상업적이용금지,○,○,○,○,○,○,X,,,,
86,이미지,문화유산,국가유산청,국가유산청,"문화재대관 (석조II, 보물편)",예산 삽교석조보살입상,"예산 삽교석조보살입상_1
소재지 : 충청남도 예산군 삽교읍 신산리 산 16
소유자 : 국유
규모: 높이 : 5.3m
재질: 화강석
시대 : 고려시대",2002,1,미부착,제4유형,유,,예산 삽교석조보살입상,,사진,이미지,,문화유산,한국어,2002,,저작물이용허락동의서,안장헌,,,국가유산청,제4유형,저작물,보호저작물,X,상업적이용금지,○,○,○,○,○,○,X,,,,
87,이미지,문화유산,국가유산청,국가유산청,"문화재대관 (석조II, 보물편)",예산 삽교석조보살입상,"동안의 보살입상 얼굴과 팔각형 갓
소재지 : 충청남도 예산군 삽교읍 신산리 산 16
소유자 : 국유
규모: 높이 : 5.3m
재질: 화강석
시대 : 고려시대",2002,1,미부착,제4유형,유,,예산 삽교석조보살입상,,사진,이미지,,문화유산,한국어,2002,,저작물이용허락동의서,안장헌,,,국가유산청,제4유형,저작물,보호저작물,X,상업적이용금지,○,○,○,○,○,○,X,,,,
88,이미지,문화유산,국가유산청,국가유산청,"문화재대관 (석조II, 보물편)",예산 삽교석조보살입상,"보살입상 전체(우측면 향)
소재지 : 충청남도 예산군 삽교읍 신산리 산 16
소유자 : 국유
규모: 높이 : 5.3m
재질: 화강석
시대 : 고려시대",2002,1,미부착,제4유형,유,,예산 삽교석조보살입상,,사진,이미지,,문화유산,한국어,2002,,저작물이용허락동의서,안장헌,,,국가유산청,제4유형,저작물,보호저작물,X,상업적이용금지,○,○,○,○,○,○,X,,,,
89,이미지,문화유산,국가유산청,국가유산청,"문화재대관 (석조II, 보물편)",예산 삽교석조보살입상,"띠 모양 관대가 돌려진 보살입상 머리 뒷 부분
소재지 : 충청남도 예산군 삽교읍 신산리 산 16
소유자 : 국유
규모: 높이 : 5.3m
재질: 화강석
시대 : 고려시대",2002,1,미부착,제4유형,유,,예산 삽교석조보살입상,,사진,이미지,,문화유산,한국어,2002,,저작물이용허락동의서,안장헌,,,국가유산청,제4유형,저작물,보호저작물,X,상업적이용금지,○,○,○,○,○,○,X,,,,
90,이미지,문화유산,국가유산청,국가유산청,"문화재대관 (석조II, 보물편)",예산 삽교석조보살입상,"보살이상이 오른손으로 잡고 있는 지물과 왼손의 모습
소재지 : 충청남도 예산군 삽교읍 신산리 산 16
소유자 : 국유
규모: 높이 : 5.3m
재질: 화강석
시대 : 고려시대",2002,1,미부착,제4유형,유,,예산 삽교석조보살입상,,사진,이미지,,문화유산,한국어,2002,,저작물이용허락동의서,안장헌,,,국가유산청,제4유형,저작물,보호저작물,X,상업적이용금지,○,○,○,○,○,○,X,,,,
91,이미지,문화유산,국가유산청,국가유산청,"문화재대관 (석조II, 보물편)",예산 삽교석조보살입상,"예산 삽교석조보살입상_6
소재지 : 충청남도 예산군 삽교읍 신산리 산 16
소유자 : 국유
규모: 높이 : 5.3m
재질: 화강석
시대 : 고려시대",2002,1,미부착,제4유형,유,,예산 삽교석조보살입상,,사진,이미지,,문화유산,한국어,2002,,저작물이용허락동의서,안장헌,,,국가유산청,제4유형,저작물,보호저작물,X,상업적이용금지,○,○,○,○,○,○,X,,,,
92,이미지,문화유산,국가유산청,국가유산청,"문화재대관 (석조I, 보물편)",만복사지 오층석탑,"기단부와 초층탑신
소재지 : 전라북도 남원시 왕정동 481
소유자 : 국유
규모: 높이 : 5.75m
재질: 화강석
시대 : 고려시대",2001,1,미부착,제4유형,유,,만복사지 오층석탑,,사진,이미지,,문화유산,한국어,2001,,저작물이용허락동의서,안장헌,,,국가유산청,제4유형,저작물,보호저작물,X,상업적이용금지,○,○,○,○,○,○,X,,,,
93,이미지,문화유산,국가유산청,국가유산청,"문화재대관 (석조I, 보물편)",만복사지 오층석탑,"만복사지 오층석탑_3
소재지 : 전라북도 남원시 왕정동 481
소유자 : 국유
규모: 높이 : 5.75m
재질: 화강석
시대 : 고려시대",2001,1,미부착,제4유형,유,,만복사지 오층석탑,,사진,이미지,,문화유산,한국어,2001,,저작물이용허락동의서,안장헌,,,국가유산청,제4유형,저작물,보호저작물,X,상업적이용금지,○,○,○,○,○,○,X,,,,
94,이미지,문화유산,국가유산청,국가유산청,"문화재대관 (석조I, 보물편)",만복사지 오층석탑,"탑신부와 상륜
소재지 : 전라북도 남원시 왕정동 481
소유자 : 국유
규모: 높이 : 5.75m
재질: 화강석
시대 : 고려시대",2001,1,미부착,제4유형,유,,만복사지 오층석탑,,사진,이미지,,문화유산,한국어,2001,,저작물이용허락동의서,안장헌,,,국가유산청,제4유형,저작물,보호저작물,X,상업적이용금지,○,○,○,○,○,○,X,,,,
95,이미지,문화유산,국가유산청,국가유산청,"문화재대관 (석조I, 보물편)",신륵사 보제존자석종,"탑신부 꼭대기의 화염보주
소재지 : 경기도 여주군 북내면 천송리 282
소유자 : 신륵사
규모: 탑신 높이 : 1.6m, 탑신 밑지름 : 1.1m
재질: 화강석
시대 : 고려시대 말기",2002,1,미부착,제4유형,유,,신륵사 보제존자석종,,사진,이미지,,문화유산,한국어,2002,,저작물이용허락동의서,안장헌,,,국가유산청,제4유형,저작물,보호저작물,X,상업적이용금지,○,○,○,○,○,○,X,,,,
96,이미지,문화유산,국가유산청,국가유산청,"문화재대관 (석조II, 보물편)",관룡사 용선대석조석가여래좌상,"여래좌상 대좌 상대의 연꽃 무늬
소재지 : 경상남도 창녕군 창녕읍 옥천리
소유자 : 관룡사
규모: 불신 높이 : 1.81m, 대좌 높이 : 1.17m
재질: 화강석
시대 : 통일신라시대(8세기 말~9세기 초)",1991,1,미부착,제4유형,유,,관룡사 용선대석조석가여래좌상,,사진,이미지,,문화유산,한국어,1991,,저작물이용허락동의서,안장헌,,,국가유산청,제4유형,저작물,보호저작물,X,상업적이용금지,○,○,○,○,○,○,X,,,,
97,이미지,문화유산,국가유산청,국가유산청,"문화재대관 (석조II, 보물편)",관룡사 용선대석조석가여래좌상,"관룡사 용선대석조석가여래좌상_5
소재지 : 경상남도 창녕군 창녕읍 옥천리
소유자 : 관룡사
규모: 불신 높이 : 1.81m, 대좌 높이 : 1.17m
재질: 화강석
시대 : 통일신라시대(8세기 말~9세기 초)",1991,1,미부착,제4유형,유,,관룡사 용선대석조석가여래좌상,,사진,이미지,,문화유산,한국어,1991,,저작물이용허락동의서,안장헌,,,국가유산청,제4유형,저작물,보호저작물,X,상업적이용금지,○,○,○,○,○,○,X,,,,
98,이미지,문화유산,국가유산청,국가유산청,"문화재대관 (석조I, 보물편)",청암사 수도암삼층석탑,"동탑
소재지 : 경상북도 김천시 증산면 수도리 513
소유자 : 수도암
규모: 동탑 3.76m, 서탑 : 4.25m
재질: 화강암
시대 : 통일신라시대",1994,1,미부착,제4유형,유,,청암사 수도암삼층석탑,,사진,이미지,,문화유산,한국어,1994,,저작물이용허락동의서,안장헌,,,국가유산청,제4유형,저작물,보호저작물,X,상업적이용금지,○,○,○,○,○,○,X,,,,
99,이미지,문화유산,국가유산청,국가유산청,"문화재대관 (석조I, 보물편)",청암사 수도암삼층석탑,"서탑
소재지 : 경상북도 김천시 증산면 수도리 513
소유자 : 수도암
규모: 동탑 3.76m, 서탑 : 4.25m
재질: 화강암
시대 : 통일신라시대",1994,1,미부착,제4유형,유,,청암사 수도암삼층석탑,,사진,이미지,,문화유산,한국어,1994,,저작물이용허락동의서,안장헌,,,국가유산청,제4유형,저작물,보호저작물,X,상업적이용금지,○,○,○,○,○,○,X,,,,
100,이미지,문화유산,국가유산청,국가유산청,"문화재대관 (석조I, 보물편)",청암사 수도암삼층석탑,"청암사 수도암삼층석탑_3
소재지 : 경상북도 김천시 증산면 수도리 513
소유자 : 수도암
규모: 동탑 3.76m, 서탑 : 4.25m
재질: 화강암
시대 : 통일신라시대",2001,1,미부착,제4유형,유,,청암사 수도암삼층석탑,,사진,이미지,,문화유산,한국어,2001,,저작물이용허락동의서,안장헌,,,국가유산청,제4유형,저작물,보호저작물,X,상업적이용금지,○,○,○,○,○,○,X,,,,
101,이미지,문화유산,국가유산청,국가유산청,"문화재대관 (석조I, 보물편)",청암사 수도암삼층석탑,"청암사 수도암삼층석탑_4
소재지 : 경상북도 김천시 증산면 수도리 513
소유자 : 수도암
규모: 동탑 3.76m, 서탑 : 4.25m
재질: 화강암
시대 : 통일신라시대",2001,1,미부착,제4유형,유,,청암사 수도암삼층석탑,,사진,이미지,,문화유산,한국어,2001,,저작물이용허락동의서,안장헌,,,국가유산청,제4유형,저작물,보호저작물,X,상업적이용금지,○,○,○,○,○,○,X,,,,
102,이미지,문화유산,국가유산청,국가유산청,"문화재대관 (석조I, 보물편)",청암사 수도암삼층석탑,"동탑 초층탑신부의 사방불
소재지 : 경상북도 김천시 증산면 수도리 513
소유자 : 수도암
규모: 동탑 3.76m, 서탑 : 4.25m
재질: 화강암
시대 : 통일신라시대",1983,1,미부착,제4유형,유,,청암사 수도암삼층석탑,,사진,이미지,,문화유산,한국어,1983,,저작물이용허락동의서,안장헌,,,국가유산청,제4유형,저작물,보호저작물,X,상업적이용금지,○,○,○,○,○,○,X,,,,
103,이미지,문화유산,국가유산청,국가유산청,"문화재대관 (석조I, 보물편)",화엄사 원통전 앞 사자탑,"상층 기단부의 4사자상
소재지 : 전라남도 구례군 마산면 황전리 12
소유자 : 화엄사
규모: 높이 3.43m
재질: 화강암
시대 : 통일신라시대",1986,1,미부착,제4유형,유,,화엄사 원통전 앞 사자탑,,사진,이미지,,문화유산,한국어,1986,,저작물이용허락동의서,안장헌,,,국가유산청,제4유형,저작물,보호저작물,X,상업적이용금지,○,○,○,○,○,○,X,,,,
104,이미지,문화유산,국가유산청,국가유산청,"문화재대관 (석조I, 보물편)",화엄사 원통전 앞 사자탑,"탑신부의 신장상
소재지 : 전라남도 구례군 마산면 황전리 12
소유자 : 화엄사
규모: 높이 3.43m
재질: 화강암
시대 : 통일신라시대",1986,1,미부착,제4유형,유,,화엄사 원통전 앞 사자탑,,사진,이미지,,문화유산,한국어,1986,,저작물이용허락동의서,안장헌,,,국가유산청,제4유형,저작물,보호저작물,X,상업적이용금지,○,○,○,○,○,○,X,,,,
105,이미지,문화유산,국가유산청,국가유산청,"문화재대관 (석조I, 보물편)",화엄사 원통전 앞 사자탑,"사장상의 얼굴모습
소재지 : 전라남도 구례군 마산면 황전리 12
소유자 : 화엄사
규모: 높이 3.43m
재질: 화강암
시대 : 통일신라시대",1986,1,미부착,제4유형,유,,화엄사 원통전 앞 사자탑,,사진,이미지,,문화유산,한국어,1986,,저작물이용허락동의서,안장헌,,,국가유산청,제4유형,저작물,보호저작물,X,상업적이용금지,○,○,○,○,○,○,X,,,,
106,이미지,문화유산,국가유산청,국가유산청,"문화재대관 (석조I, 보물편)",천곡사지 칠층석탑,"천곡사지 칠층석탑_1
소재지 : 전라북도 정읍시 망제동 산 10
소유자 : 국유
규모: 높이 7.5m
재질: 화강암
시대 : 고려시대",1990,1,미부착,제4유형,유,,천곡사지 칠층석탑,,사진,이미지,,문화유산,한국어,1990,,저작물이용허락동의서,안장헌,,,국가유산청,제4유형,저작물,보호저작물,X,상업적이용금지,○,○,○,○,○,○,X,,,,
107,이미지,문화유산,국가유산청,국가유산청,"문화재대관 (석조I, 보물편)",천곡사지 칠층석탑,"천곡사지 칠층석탑_2
소재지 : 전라북도 정읍시 망제동 산 10
소유자 : 국유
규모: 높이 7.5m
재질: 화강암
시대 : 고려시대",1990,1,미부착,제4유형,유,,천곡사지 칠층석탑,,사진,이미지,,문화유산,한국어,1990,,저작물이용허락동의서,안장헌,,,국가유산청,제4유형,저작물,보호저작물,X,상업적이용금지,○,○,○,○,○,○,X,,,,
108,이미지,문화유산,국가유산청,국가유산청,"문화재대관 (석조I, 보물편)",석조부도,"석조부도
소재지 : 서울특별시 서대문구 대현동 산 11-1(이화여자대학교 박물관)
소유자 : 이화여대
규모: 높이 2.7m
재질: 화강암
시대 : 고려시대 초기",미확인,1,미부착,제4유형,유,,석조부도,,사진,이미지,,문화유산,한국어,미확인,,저작물이용허락동의서,안장헌,,,국가유산청,제4유형,저작물,보호저작물,X,상업적이용금지,○,○,○,○,○,○,X,,,,
109,이미지,문화유산,국가유산청,국가유산청,"문화재대관 (석조Ii, 보물편)",인각사 보각국사 탑 및 비,"인각사 보각국사 탑 및 비_1
소재지 : 경상북도 군위군 고로면 화북리 612, 613-3
소유자 : 인각사
규모: 탑 높이 2.42m, 비 높이 : 1.8m
재질: 수성암
시대 : 고려시대(1295년)",미확인,1,미부착,제4유형,유,,인각사 보각국사 탑 및 비,,사진,이미지,,문화유산,한국어,미확인,,저작물이용허락동의서,안장헌,,,국가유산청,제4유형,저작물,보호저작물,X,상업적이용금지,○,○,○,○,○,○,X,,,,
110,이미지,문화유산,국가유산청,국가유산청,"문화재대관 (석조Ii, 보물편)",인각사 보각국사 탑 및 비,"인각사 보각국사 탑 및 비_2
소재지 : 경상북도 군위군 고로면 화북리 612, 613-3
소유자 : 인각사
규모: 탑 높이 2.42m, 비 높이 : 1.8m
재질: 수성암
시대 : 고려시대(1295년)",미확인,1,미부착,제4유형,유,,인각사 보각국사 탑 및 비,,사진,이미지,,문화유산,한국어,미확인,,저작물이용허락동의서,안장헌,,,국가유산청,제4유형,저작물,보호저작물,X,상업적이용금지,○,○,○,○,○,○,X,,,,
111,이미지,문화유산,국가유산청,국가유산청,"문화재대관 (석조Ii, 보물편)",인각사 보각국사 탑 및 비,"파손이 심한 보각국사비
소재지 : 경상북도 군위군 고로면 화북리 612, 613-3
소유자 : 인각사
규모: 탑 높이 2.42m, 비 높이 : 1.8m
재질: 수성암
시대 : 고려시대(1295년)",2000,1,미부착,제4유형,유,,인각사 보각국사 탑 및 비,,사진,이미지,,문화유산,한국어,2000,,저작물이용허락동의서,안장헌,,,국가유산청,제4유형,저작물,보호저작물,X,상업적이용금지,○,○,○,○,○,○,X,,,,
112,이미지,문화유산,국가유산청,국가유산청,"문화재대관 (석조Ii, 보물편)",인각사 보각국사 탑 및 비,"비문 부분 1
소재지 : 경상북도 군위군 고로면 화북리 612, 613-3
소유자 : 인각사
규모: 탑 높이 2.42m, 비 높이 : 1.8m
재질: 수성암
시대 : 고려시대(1295년)",2000,1,미부착,제4유형,유,,인각사 보각국사 탑 및 비,,사진,이미지,,문화유산,한국어,2000,,저작물이용허락동의서,안장헌,,,국가유산청,제4유형,저작물,보호저작물,X,상업적이용금지,○,○,○,○,○,○,X,,,,
113,이미지,문화유산,국가유산청,국가유산청,"문화재대관 (석조Ii, 보물편)",인각사 보각국사 탑 및 비,"인각사 보각국사 탑 및 비_5
소재지 : 경상북도 군위군 고로면 화북리 612, 613-3
소유자 : 인각사
규모: 탑 높이 2.42m, 비 높이 : 1.8m
재질: 수성암
시대 : 고려시대(1295년)",1994,1,미부착,제4유형,유,,인각사 보각국사 탑 및 비,,사진,이미지,,문화유산,한국어,1994,,저작물이용허락동의서,안장헌,,,국가유산청,제4유형,저작물,보호저작물,X,상업적이용금지,○,○,○,○,○,○,X,,,,
114,이미지,문화유산,국가유산청,국가유산청,"문화재대관 (석조Ii, 보물편)",인각사 보각국사 탑 및 비,"묘탑 대좌 중대석의 조각상
소재지 : 경상북도 군위군 고로면 화북리 612, 613-3
소유자 : 인각사
규모: 탑 높이 2.42m, 비 높이 : 1.8m
재질: 수성암
시대 : 고려시대(1295년)",1982,1,미부착,제4유형,유,,인각사 보각국사 탑 및 비,,사진,이미지,,문화유산,한국어,1982,,저작물이용허락동의서,안장헌,,,국가유산청,제4유형,저작물,보호저작물,X,상업적이용금지,○,○,○,○,○,○,X,,,,
115,이미지,문화유산,국가유산청,국가유산청,"문화재대관 (석조Ii, 보물편)",담양읍 석당간,"담양읍 석당간_1
소재지 : 전라남도 담양군 담양읍 객사리 45
소유자 : 국유
규모: 높이 15m
재질: 화강암
시대 : 고려시대",1982,1,미부착,제4유형,유,,담양읍 석당간,,사진,이미지,,문화유산,한국어,1982,,저작물이용허락동의서,안장헌,,,국가유산청,제4유형,저작물,보호저작물,X,상업적이용금지,○,○,○,○,○,○,X,,,,
116,이미지,문화유산,국가유산청,국가유산청,"문화재대관 (석조Ii, 보물편)",담양읍 석당간,"당간 상부의 철통과 정상부의 금속제 보륜 장식
소재지 : 전라남도 담양군 담양읍 객사리 45
소유자 : 국유
규모: 높이 15m
재질: 화강암
시대 : 고려시대",1982,1,미부착,제4유형,유,,담양읍 석당간,,사진,이미지,,문화유산,한국어,1982,,저작물이용허락동의서,안장헌,,,국가유산청,제4유형,저작물,보호저작물,X,상업적이용금지,○,○,○,○,○,○,X,,,,
117,이미지,문화유산,국가유산청,국가유산청,"문화재대관 (석조Ii, 보물편)",무위사 선각대사편광탑비,"용 머리 형태의 탑비 귀두
소재지 : 전라남도 강진군 성전면 월하리 274 무위사
소유자 : 무위사
규모: 높이 2.35m
재질: 화강암
시대 : 고려시대(946년)",1982,1,미부착,제4유형,유,,무위사 선각대사편광탑비,,사진,이미지,,문화유산,한국어,1982,,저작물이용허락동의서,안장헌,,,국가유산청,제4유형,저작물,보호저작물,X,상업적이용금지,○,○,○,○,○,○,X,,,,
118,이미지,문화유산,국가유산청,국가유산청,"문화재대관 (석조Ii, 보물편)",무위사 선각대사편광탑비,"무위사 선각대사편광탑비_2
소재지 : 전라남도 강진군 성전면 월하리 274 무위사
소유자 : 무위사
규모: 높이 2.35m
재질: 화강암
시대 : 고려시대(946년)",1982,1,미부착,제4유형,유,,무위사 선각대사편광탑비,,사진,이미지,,문화유산,한국어,1982,,저작물이용허락동의서,안장헌,,,국가유산청,제4유형,저작물,보호저작물,X,상업적이용금지,○,○,○,○,○,○,X,,,,
119,이미지,문화유산,국가유산청,국가유산청,"문화재대관 (석조Ii, 보물편)",무위사 선각대사편광탑비,"탑비 귀부의 귀갑문과 비좌
소재지 : 전라남도 강진군 성전면 월하리 274 무위사
소유자 : 무위사
규모: 높이 2.35m
재질: 화강암
시대 : 고려시대(946년)",1982,1,미부착,제4유형,유,,무위사 선각대사편광탑비,,사진,이미지,,문화유산,한국어,1982,,저작물이용허락동의서,안장헌,,,국가유산청,제4유형,저작물,보호저작물,X,상업적이용금지,○,○,○,○,○,○,X,,,,
120,이미지,문화유산,국가유산청,국가유산청,"문화재대관 (석조Ii, 보물편)",무위사 선각대사편광탑비,"무위사 선각대사편광탑비_4
소재지 : 전라남도 강진군 성전면 월하리 274 무위사
소유자 : 무위사
규모: 높이 2.35m
재질: 화강암
시대 : 고려시대(946년)",1982,1,미부착,제4유형,유,,무위사 선각대사편광탑비,,사진,이미지,,문화유산,한국어,1982,,저작물이용허락동의서,안장헌,,,국가유산청,제4유형,저작물,보호저작물,X,상업적이용금지,○,○,○,○,○,○,X,,,,
121,이미지,문화유산,국가유산청,국가유산청,"문화재대관 (석조Ii, 보물편)",선운사 도솔암마애불,"암벽면에 높게 새겨진 마애불좌상 전경
소재지 : 전라북도 고창군 아산면 삼인리 500
소유자 : 선운사
규모: 높이 13m, 폭 : 3m
재질: 화강암
시대 : 고려시대 10~11세기(1200년 이전)",2000,1,미부착,제4유형,유,,선운사 도솔암마애불,,사진,이미지,,문화유산,한국어,2000,,저작물이용허락동의서,안장헌,,,국가유산청,제4유형,저작물,보호저작물,X,상업적이용금지,○,○,○,○,○,○,X,,,,
122,이미지,문화유산,국가유산청,국가유산청,"문화재대관 (목조, 보물편)",은해사 백흥암 극락전 수미단,"은해사 백흥암 극락전 수미단(불단 받침)
소재지 : 경상북도 영천시 청통면 치일리 549
소유자 : 은해사
규모: 높이 1.25m, 너비 : 4.13m
시대 : 조선시대(중기이전)",2001,1,미부착,제4유형,유,,은해사 백흥암 극락전 수미단,,사진,이미지,,문화유산,한국어,2001,,저작물이용허락동의서,안장헌,,,국가유산청,제4유형,저작물,보호저작물,X,상업적이용금지,○,○,○,○,○,○,X,,,,
123,이미지,문화유산,국가유산청,국가유산청,"문화재대관 (목조, 보물편)",은해사 백흥암 극락전 수미단,"은해사 백흥암 극락전 수미단_1
소재지 : 경상북도 영천시 청통면 치일리 549
소유자 : 은해사
규모: 높이 1.25m, 너비 : 4.13m
시대 : 조선시대(중기이전)",2001,1,미부착,제4유형,유,,은해사 백흥암 극락전 수미단,,사진,이미지,,문화유산,한국어,2001,,저작물이용허락동의서,안장헌,,,국가유산청,제4유형,저작물,보호저작물,X,상업적이용금지,○,○,○,○,○,○,X,,,,
124,이미지,문화유산,국가유산청,국가유산청,"문화재대관 (목조, 보물편)",은해사 백흥암 극락전 수미단,"은해사 백흥암 극락전 수미단_3
소재지 : 경상북도 영천시 청통면 치일리 549
소유자 : 은해사
규모: 높이 1.25m, 너비 : 4.13m
시대 : 조선시대(중기이전)",2001,1,미부착,제4유형,유,,은해사 백흥암 극락전 수미단,,사진,이미지,,문화유산,한국어,2001,,저작물이용허락동의서,안장헌,,,국가유산청,제4유형,저작물,보호저작물,X,상업적이용금지,○,○,○,○,○,○,X,,,,
125,이미지,문화유산,국가유산청,국가유산청,"문화재대관 (목조, 보물편)",은해사 백흥암 극락전 수미단,"은해사 백흥암 극락전 수미단(남면 좌1간~2간)
소재지 : 경상북도 영천시 청통면 치일리 549
소유자 : 은해사
규모: 높이 1.25m, 너비 : 4.13m
시대 : 조선시대(중기이전)",2001,1,미부착,제4유형,유,,은해사 백흥암 극락전 수미단,,사진,이미지,,문화유산,한국어,2001,,저작물이용허락동의서,안장헌,,,국가유산청,제4유형,저작물,보호저작물,X,상업적이용금지,○,○,○,○,○,○,X,,,,
126,이미지,문화유산,국가유산청,국가유산청,"문화재대관 (목조, 보물편)",은해사 백흥암 극락전 수미단,"은해사 백흥암 극락전 수미단_5
소재지 : 경상북도 영천시 청통면 치일리 549
소유자 : 은해사
규모: 높이 1.25m, 너비 : 4.13m
시대 : 조선시대(중기이전)",2001,1,미부착,제4유형,유,,은해사 백흥암 극락전 수미단,,사진,이미지,,문화유산,한국어,2001,,저작물이용허락동의서,안장헌,,,국가유산청,제4유형,저작물,보호저작물,X,상업적이용금지,○,○,○,○,○,○,X,,,,
127,이미지,문화유산,국가유산청,국가유산청,"문화재대관 (목조, 보물편)",은해사 백흥암 극락전 수미단,"은해사 백흥암 극락전 수미단_6
소재지 : 경상북도 영천시 청통면 치일리 549
소유자 : 은해사
규모: 높이 1.25m, 너비 : 4.13m
시대 : 조선시대(중기이전)",2001,1,미부착,제4유형,유,,은해사 백흥암 극락전 수미단,,사진,이미지,,문화유산,한국어,2001,,저작물이용허락동의서,안장헌,,,국가유산청,제4유형,저작물,보호저작물,X,상업적이용금지,○,○,○,○,○,○,X,,,,
128,이미지,문화유산,국가유산청,국가유산청,"문화재대관 (목조, 보물편)",은해사 백흥암 극락전 수미단,"은해사 백흥암 극락전 수미단(동면)
소재지 : 경상북도 영천시 청통면 치일리 549
소유자 : 은해사
규모: 높이 1.25m, 너비 : 4.13m
시대 : 조선시대(중기이전)",2001,1,미부착,제4유형,유,,은해사 백흥암 극락전 수미단,,사진,이미지,,문화유산,한국어,2001,,저작물이용허락동의서,안장헌,,,국가유산청,제4유형,저작물,보호저작물,X,상업적이용금지,○,○,○,○,○,○,X,,,,
129,이미지,문화유산,국가유산청,국가유산청,"문화재대관 (목조, 보물편)",은해사 백흥암 극락전 수미단,"은해사 백흥암 극락전 수미단(좌에서 5번째,우-1간)
소재지 : 경상북도 영천시 청통면 치일리 549
소유자 : 은해사
규모: 높이 1.25m, 너비 : 4.13m
시대 : 조선시대(중기이전)",2001,1,미부착,제4유형,유,,은해사 백흥암 극락전 수미단,,사진,이미지,,문화유산,한국어,2001,,저작물이용허락동의서,안장헌,,,국가유산청,제4유형,저작물,보호저작물,X,상업적이용금지,○,○,○,○,○,○,X,,,,
130,이미지,문화유산,국가유산청,국가유산청,"문화재대관 (목조, 보물편)",은해사 백흥암 극락전 수미단,"은해사 백흥암 극락전 수미단(동면 우간)
소재지 : 경상북도 영천시 청통면 치일리 549
소유자 : 은해사
규모: 높이 1.25m, 너비 : 4.13m
시대 : 조선시대(중기이전)",2001,1,미부착,제4유형,유,,은해사 백흥암 극락전 수미단,,사진,이미지,,문화유산,한국어,2001,,저작물이용허락동의서,안장헌,,,국가유산청,제4유형,저작물,보호저작물,X,상업적이용금지,○,○,○,○,○,○,X,,,,
131,이미지,문화유산,국가유산청,국가유산청,"문화재대관 (목조, 보물편)",쌍계사 대웅전,"쌍계사 대웅전_00
소재지 : 경상남도 하동군 화개면 운수리 207
소유자 : 쌍계사
규모: 정면 5칸, 측면 3칸, 단층 다포계 팔작지붕
시대 : 조선 인조 10년(1632)",2000,1,미부착,제4유형,유,,쌍계사 대웅전,,사진,이미지,,문화유산,한국어,2000,,저작물이용허락동의서,안장헌,,,국가유산청,제4유형,저작물,보호저작물,X,상업적이용금지,○,○,○,○,○,○,X,,,,
132,이미지,문화유산,국가유산청,국가유산청,"문화재대관 (목조, 보물편)",쌍계사 대웅전,"쌍계사 대웅전 내부 천정 구조
소재지 : 경상남도 하동군 화개면 운수리 207
소유자 : 쌍계사
규모: 정면 5칸, 측면 3칸, 단층 다포계 팔작지붕
시대 : 조선 인조 10년(1632)",2000,1,미부착,제4유형,유,,쌍계사 대웅전,,사진,이미지,,문화유산,한국어,2000,,저작물이용허락동의서,안장헌,,,국가유산청,제4유형,저작물,보호저작물,X,상업적이용금지,○,○,○,○,○,○,X,,,,
133,이미지,문화유산,국가유산청,국가유산청,"문화재대관 (목조, 보물편)",쌍계사 대웅전,"쌍계사 대웅전_02
소재지 : 경상남도 하동군 화개면 운수리 207
소유자 : 쌍계사
규모: 정면 5칸, 측면 3칸, 단층 다포계 팔작지붕
시대 : 조선 인조 10년(1632)",2000,1,미부착,제4유형,유,,쌍계사 대웅전,,사진,이미지,,문화유산,한국어,2000,,저작물이용허락동의서,안장헌,,,국가유산청,제4유형,저작물,보호저작물,X,상업적이용금지,○,○,○,○,○,○,X,,,,
134,이미지,문화유산,국가유산청,국가유산청,"문화재대관 (목조, 보물편)",쌍계사 대웅전,"쌍계사 대웅전_03
소재지 : 경상남도 하동군 화개면 운수리 207
소유자 : 쌍계사
규모: 정면 5칸, 측면 3칸, 단층 다포계 팔작지붕
시대 : 조선 인조 10년(1632)",2000,1,미부착,제4유형,유,,쌍계사 대웅전,,사진,이미지,,문화유산,한국어,2000,,저작물이용허락동의서,안장헌,,,국가유산청,제4유형,저작물,보호저작물,X,상업적이용금지,○,○,○,○,○,○,X,,,,
135,이미지,문화유산,국가유산청,국가유산청,"문화재대관 (목조, 보물편)",쌍계사 대웅전,"쌍계사 대웅전 공포
소재지 : 경상남도 하동군 화개면 운수리 207
소유자 : 쌍계사
규모: 정면 5칸, 측면 3칸, 단층 다포계 팔작지붕
시대 : 조선 인조 10년(1632)",2000,1,미부착,제4유형,유,,쌍계사 대웅전,,사진,이미지,,문화유산,한국어,2000,,저작물이용허락동의서,안장헌,,,국가유산청,제4유형,저작물,보호저작물,X,상업적이용금지,○,○,○,○,○,○,X,,,,
136,이미지,문화유산,국가유산청,국가유산청,"문화재대관 (목조, 보물편)",쌍계사 대웅전,"쌍계사 대웅전 내부
소재지 : 경상남도 하동군 화개면 운수리 207
소유자 : 쌍계사
규모: 정면 5칸, 측면 3칸, 단층 다포계 팔작지붕
시대 : 조선 인조 10년(1632)",2000,1,미부착,제4유형,유,,쌍계사 대웅전,,사진,이미지,,문화유산,한국어,2000,,저작물이용허락동의서,안장헌,,,국가유산청,제4유형,저작물,보호저작물,X,상업적이용금지,○,○,○,○,○,○,X,,,,
137,이미지,문화유산,국가유산청,국가유산청,"문화재대관 (목조, 보물편)",숭렬당,"숭렬당 동측면
소재지 : 경상북도 영천시 성내동 9-2
소유자 : 이수채 외 13인
규모: 정면 5칸, 측면 3칸, 맞배지붕+가적지붕 이익공
시대 : 조선 세종 15년(1433)",2001,1,미부착,제4유형,유,,숭렬당,,사진,이미지,,문화유산,한국어,2001,,저작물이용허락동의서,안장헌,,,국가유산청,제4유형,저작물,보호저작물,X,상업적이용금지,○,○,○,○,○,○,X,,,,
138,이미지,문화유산,국가유산청,국가유산청,"문화재대관 (목조, 보물편)",숭렬당,"숭렬당 대청마루
소재지 : 경상북도 영천시 성내동 9-2
소유자 : 이수채 외 13인
규모: 정면 5칸, 측면 3칸, 맞배지붕+가적지붕 이익공
시대 : 조선 세종 15년(1433)",2001,1,미부착,제4유형,유,,숭렬당,,사진,이미지,,문화유산,한국어,2001,,저작물이용허락동의서,안장헌,,,국가유산청,제4유형,저작물,보호저작물,X,상업적이용금지,○,○,○,○,○,○,X,,,,
139,이미지,문화유산,국가유산청,국가유산청,"문화재대관 (목조, 보물편)",숭렬당,"숭렬당 내부 연등 천장
소재지 : 경상북도 영천시 성내동 9-2
소유자 : 이수채 외 13인
규모: 정면 5칸, 측면 3칸, 맞배지붕+가적지붕 이익공
시대 : 조선 세종 15년(1433)",2001,1,미부착,제4유형,유,,숭렬당,,사진,이미지,,문화유산,한국어,2001,,저작물이용허락동의서,안장헌,,,국가유산청,제4유형,저작물,보호저작물,X,상업적이용금지,○,○,○,○,○,○,X,,,,
140,이미지,문화유산,국가유산청,국가유산청,"문화재대관 (목조, 보물편)",숭렬당,"숭렬당_4
소재지 : 경상북도 영천시 성내동 9-2
소유자 : 이수채 외 13인
규모: 정면 5칸, 측면 3칸, 맞배지붕+가적지붕 이익공
시대 : 조선 세종 15년(1433)",2001,1,미부착,제4유형,유,,숭렬당,,사진,이미지,,문화유산,한국어,2001,,저작물이용허락동의서,안장헌,,,국가유산청,제4유형,저작물,보호저작물,X,상업적이용금지,○,○,○,○,○,○,X,,,,
141,이미지,문화유산,국가유산청,국가유산청,"문화재대관 (목조, 보물편)",숭렬당,"숭렬당 내부 기둥 보야지
소재지 : 경상북도 영천시 성내동 9-2
소유자 : 이수채 외 13인
규모: 정면 5칸, 측면 3칸, 맞배지붕+가적지붕 이익공
시대 : 조선 세종 15년(1433)",2001,1,미부착,제4유형,유,,숭렬당,,사진,이미지,,문화유산,한국어,2001,,저작물이용허락동의서,안장헌,,,국가유산청,제4유형,저작물,보호저작물,X,상업적이용금지,○,○,○,○,○,○,X,,,,
142,이미지,문화유산,국가유산청,국가유산청,"문화재대관 (목조, 보물편)",숭렬당,"숭렬당 사당
소재지 : 경상북도 영천시 성내동 9-2
소유자 : 이수채 외 13인
규모: 정면 5칸, 측면 3칸, 맞배지붕+가적지붕 이익공
시대 : 조선 세종 15년(1433)",2001,1,미부착,제4유형,유,,숭렬당,,사진,이미지,,문화유산,한국어,2001,,저작물이용허락동의서,안장헌,,,국가유산청,제4유형,저작물,보호저작물,X,상업적이용금지,○,○,○,○,○,○,X,,,,
143,이미지,문화유산,국가유산청,국가유산청,"문화재대관 (목조, 보물편)",숭렬당,"숭렬당 배면
소재지 : 경상북도 영천시 성내동 9-2
소유자 : 이수채 외 13인
규모: 정면 5칸, 측면 3칸, 맞배지붕+가적지붕 이익공
시대 : 조선 세종 15년(1433)",2001,1,미부착,제4유형,유,,숭렬당,,사진,이미지,,문화유산,한국어,2001,,저작물이용허락동의서,안장헌,,,국가유산청,제4유형,저작물,보호저작물,X,상업적이용금지,○,○,○,○,○,○,X,,,,
144,이미지,문화유산,국가유산청,국가유산청,"문화재대관 (목조, 보물편)",은해사 백흥암 극락전,"은해사 백흥암 극락전 정면 편액 및 처마
소재지 : 경상북도 영천시 치일리 549번지
소유자 : 은해사
규모: 정면 3칸, 측면 3칸, 다포계 팔작지붕
시대 : 조선 인조 21년(1643)",2001,1,미부착,제4유형,유,,은해사 백흥암 극락전,,사진,이미지,,문화유산,한국어,2001,,저작물이용허락동의서,안장헌,,,국가유산청,제4유형,저작물,보호저작물,X,상업적이용금지,○,○,○,○,○,○,X,,,,
145,이미지,문화유산,국가유산청,국가유산청,"문화재대관 (목조, 보물편)",은해사 백흥암 극락전,"은해사 백흥암 극락전 귀공포
소재지 : 경상북도 영천시 치일리 549번지
소유자 : 은해사
규모: 정면 3칸, 측면 3칸, 다포계 팔작지붕
시대 : 조선 인조 21년(1643)",2001,1,미부착,제4유형,유,,은해사 백흥암 극락전,,사진,이미지,,문화유산,한국어,2001,,저작물이용허락동의서,안장헌,,,국가유산청,제4유형,저작물,보호저작물,X,상업적이용금지,○,○,○,○,○,○,X,,,,
146,이미지,문화유산,국가유산청,국가유산청,"문화재대관 (목조, 보물편)",은해사 백흥암 극락전,"은해사 백흥암 극락전_3
소재지 : 경상북도 영천시 치일리 549번지
소유자 : 은해사
규모: 정면 3칸, 측면 3칸, 다포계 팔작지붕
시대 : 조선 인조 21년(1643)",2001,1,미부착,제4유형,유,,은해사 백흥암 극락전,,사진,이미지,,문화유산,한국어,2001,,저작물이용허락동의서,안장헌,,,국가유산청,제4유형,저작물,보호저작물,X,상업적이용금지,○,○,○,○,○,○,X,,,,
147,이미지,문화유산,국가유산청,국가유산청,"문화재대관 (목조, 보물편)",은해사 백흥암 극락전,"은해사 백흥암 극락전 수미단(보물 제486호)
소재지 : 경상북도 영천시 치일리 549번지
소유자 : 은해사
규모: 정면 3칸, 측면 3칸, 다포계 팔작지붕
시대 : 조선 인조 21년(1643)",2001,1,미부착,제4유형,유,,은해사 백흥암 극락전,,사진,이미지,,문화유산,한국어,2001,,저작물이용허락동의서,안장헌,,,국가유산청,제4유형,저작물,보호저작물,X,상업적이용금지,○,○,○,○,○,○,X,,,,
148,이미지,문화유산,국가유산청,국가유산청,"문화재대관 (목조, 보물편)",은해사 백흥암 극락전,"은해사 백흥암 극락전_5
소재지 : 경상북도 영천시 치일리 549번지
소유자 : 은해사
규모: 정면 3칸, 측면 3칸, 다포계 팔작지붕
시대 : 조선 인조 21년(1643)",2001,1,미부착,제4유형,유,,은해사 백흥암 극락전,,사진,이미지,,문화유산,한국어,2001,,저작물이용허락동의서,안장헌,,,국가유산청,제4유형,저작물,보호저작물,X,상업적이용금지,○,○,○,○,○,○,X,,,,
149,이미지,문화유산,국가유산청,국가유산청,"문화재대관 (목조, 보물편)",은해사 백흥암 극락전,"은해사 백흥암 극락전 내부 공포와 천장
소재지 : 경상북도 영천시 치일리 549번지
소유자 : 은해사
규모: 정면 3칸, 측면 3칸, 다포계 팔작지붕
시대 : 조선 인조 21년(1643)",2001,1,미부착,제4유형,유,,은해사 백흥암 극락전,,사진,이미지,,문화유산,한국어,2001,,저작물이용허락동의서,안장헌,,,국가유산청,제4유형,저작물,보호저작물,X,상업적이용금지,○,○,○,○,○,○,X,,,,
150,이미지,문화유산,국가유산청,국가유산청,"문화재대관 (목조, 보물편)",은해사 백흥암 극락전,"은해사 백흥암 극락전 후불 탱화
소재지 : 경상북도 영천시 치일리 549번지
소유자 : 은해사
규모: 정면 3칸, 측면 3칸, 다포계 팔작지붕
시대 : 조선 인조 21년(1643)",2001,1,미부착,제4유형,유,,은해사 백흥암 극락전,,사진,이미지,,문화유산,한국어,2001,,저작물이용허락동의서,안장헌,,,국가유산청,제4유형,저작물,보호저작물,X,상업적이용금지,○,○,○,○,○,○,X,,,,
151,이미지,문화유산,국가유산청,국가유산청,"문화재대관 (목조, 보물편)",은해사 백흥암 극락전,"은해사 백흥암 극락전_8
소재지 : 경상북도 영천시 치일리 549번지
소유자 : 은해사
규모: 정면 3칸, 측면 3칸, 다포계 팔작지붕
시대 : 조선 인조 21년(1643)",2001,1,미부착,제4유형,유,,은해사 백흥암 극락전,,사진,이미지,,문화유산,한국어,2001,,저작물이용허락동의서,안장헌,,,국가유산청,제4유형,저작물,보호저작물,X,상업적이용금지,○,○,○,○,○,○,X,,,,
152,이미지,문화유산,국가유산청,국가유산청,문화재대관 (석조iII 보물편),영암 엄길리암각매향명,"영암 엄길리암각매향명_4
소재지 : 전라남도 영암군 서호면 엄길리 85
소유자 : 국유
규모: 길이 : 1.28m, 높이 : 0.99m
재질 : 화강암벽
시대 : 고려시대(1344년)",2002,1,미부착,제4유형,유,,영암 엄길리암각매향명,,사진,이미지,,문화유산,한국어,2002,,저작물이용허락동의서,안장헌,,,국가유산청,제4유형,저작물,보호저작물,X,상업적이용금지,○,○,○,○,○,○,X,,,,
153,이미지,문화유산,국가유산청,국가유산청,문화재대관 (석조iII 보물편),영암 엄길리암각매향명,"영암 엄길리암각매향명_5
소재지 : 전라남도 영암군 서호면 엄길리 85
소유자 : 국유
규모: 길이 : 1.28m, 높이 : 0.99m
재질 : 화강암벽
시대 : 고려시대(1344년)",2002,1,미부착,제4유형,유,,영암 엄길리암각매향명,,사진,이미지,,문화유산,한국어,2002,,저작물이용허락동의서,안장헌,,,국가유산청,제4유형,저작물,보호저작물,X,상업적이용금지,○,○,○,○,○,○,X,,,,
154,이미지,문화유산,국가유산청,국가유산청,문화재대관 (석조iII 보물편),영암 엄길리암각매향명,"매향명 부분_6
소재지 : 전라남도 영암군 서호면 엄길리 85
소유자 : 국유
규모: 길이 : 1.28m, 높이 : 0.99m
재질 : 화강암벽
시대 : 고려시대(1344년)",2002,1,미부착,제4유형,유,,영암 엄길리암각매향명,,사진,이미지,,문화유산,한국어,2002,,저작물이용허락동의서,안장헌,,,국가유산청,제4유형,저작물,보호저작물,X,상업적이용금지,○,○,○,○,○,○,X,,,,
155,이미지,문화유산,국가유산청,국가유산청,문화재대관 (석조iII 보물편),영암 엄길리암각매향명,"매향명 부분_7
소재지 : 전라남도 영암군 서호면 엄길리 85
소유자 : 국유
규모: 길이 : 1.28m, 높이 : 0.99m
재질 : 화강암벽
시대 : 고려시대(1344년)",2002,1,미부착,제4유형,유,,영암 엄길리암각매향명,,사진,이미지,,문화유산,한국어,2002,,저작물이용허락동의서,안장헌,,,국가유산청,제4유형,저작물,보호저작물,X,상업적이용금지,○,○,○,○,○,○,X,,,,
156,이미지,문화유산,국가유산청,국가유산청,"문화재대관 (목조, 보물편)",개목사 원통전,"개목사 원통전_0
소재지 : 경상북도 안동시 서후면 태장2리 888
소유자 : 개목사
규모: 정면 3칸, 측면 3칸, 주심포계 맞배지붕
시대 : 조선 세조 3년(1475)",2001,1,미부착,제4유형,유,,개목사 원통전,,사진,이미지,,문화유산,한국어,2001,,저작물이용허락동의서,안장헌,,,국가유산청,제4유형,저작물,보호저작물,X,상업적이용금지,○,○,○,○,○,○,X,,,,
157,이미지,문화유산,국가유산청,국가유산청,"문화재대관 (목조, 보물편)",개목사 원통전,"개목사 원통전 내부 천정 가구
소재지 : 경상북도 안동시 서후면 태장2리 888
소유자 : 개목사
규모: 정면 3칸, 측면 3칸, 주심포계 맞배지붕
시대 : 조선 세조 3년(1475)",2001,1,미부착,제4유형,유,,개목사 원통전,,사진,이미지,,문화유산,한국어,2001,,저작물이용허락동의서,안장헌,,,국가유산청,제4유형,저작물,보호저작물,X,상업적이용금지,○,○,○,○,○,○,X,,,,
158,이미지,문화유산,국가유산청,국가유산청,"문화재대관 (목조, 보물편)",개목사 원통전,"개목사 원통전 내부
소재지 : 경상북도 안동시 서후면 태장2리 888
소유자 : 개목사
규모: 정면 3칸, 측면 3칸, 주심포계 맞배지붕
시대 : 조선 세조 3년(1475)",2001,1,미부착,제4유형,유,,개목사 원통전,,사진,이미지,,문화유산,한국어,2001,,저작물이용허락동의서,안장헌,,,국가유산청,제4유형,저작물,보호저작물,X,상업적이용금지,○,○,○,○,○,○,X,,,,
159,이미지,문화유산,국가유산청,국가유산청,"문화재대관 (목조, 보물편)",개목사 원통전,"개목사 원통전 기둥 상부 공포
소재지 : 경상북도 안동시 서후면 태장2리 888
소유자 : 개목사
규모: 정면 3칸, 측면 3칸, 주심포계 맞배지붕
시대 : 조선 세조 3년(1475)",2001,1,미부착,제4유형,유,,개목사 원통전,,사진,이미지,,문화유산,한국어,2001,,저작물이용허락동의서,안장헌,,,국가유산청,제4유형,저작물,보호저작물,X,상업적이용금지,○,○,○,○,○,○,X,,,,
160,이미지,문화유산,국가유산청,국가유산청,"문화재대관 (목조, 보물편)",개목사 원통전,"개목사 원통전 정면 편액
소재지 : 경상북도 안동시 서후면 태장2리 888
소유자 : 개목사
규모: 정면 3칸, 측면 3칸, 주심포계 맞배지붕
시대 : 조선 세조 3년(1475)",1981,1,미부착,제4유형,유,,개목사 원통전,,사진,이미지,,문화유산,한국어,1981,,저작물이용허락동의서,안장헌,,,국가유산청,제4유형,저작물,보호저작물,X,상업적이용금지,○,○,○,○,○,○,X,,,,
161,이미지,문화유산,국가유산청,국가유산청,"문화재대관 (목조, 보물편)",개목사 원통전,"개목사 원통전 외부 측면 상부
소재지 : 경상북도 안동시 서후면 태장2리 888
소유자 : 개목사
규모: 정면 3칸, 측면 3칸, 주심포계 맞배지붕
시대 : 조선 세조 3년(1475)",2000,1,미부착,제4유형,유,,개목사 원통전,,사진,이미지,,문화유산,한국어,2000,,저작물이용허락동의서,안장헌,,,국가유산청,제4유형,저작물,보호저작물,X,상업적이용금지,○,○,○,○,○,○,X,,,,
162,이미지,문화유산,국가유산청,국가유산청,"문화재대관 (목조, 보물편)",개목사 원통전,"개목사 원통전 측면
소재지 : 경상북도 안동시 서후면 태장2리 888
소유자 : 개목사
규모: 정면 3칸, 측면 3칸, 주심포계 맞배지붕
시대 : 조선 세조 3년(1475)",2000,1,미부착,제4유형,유,,개목사 원통전,,사진,이미지,,문화유산,한국어,2000,,저작물이용허락동의서,안장헌,,,국가유산청,제4유형,저작물,보호저작물,X,상업적이용금지,○,○,○,○,○,○,X,,,,
163,이미지,문화유산,국가유산청,국가유산청,"문화재대관 (목조, 보물편)",개목사 원통전,"개목사 원통전 전면 퇴칸
소재지 : 경상북도 안동시 서후면 태장2리 888
소유자 : 개목사
규모: 정면 3칸, 측면 3칸, 주심포계 맞배지붕
시대 : 조선 세조 3년(1475)",2000,1,미부착,제4유형,유,,개목사 원통전,,사진,이미지,,문화유산,한국어,2000,,저작물이용허락동의서,안장헌,,,국가유산청,제4유형,저작물,보호저작물,X,상업적이용금지,○,○,○,○,○,○,X,,,,
164,이미지,문화유산,국가유산청,국가유산청,"문화재대관 (목조, 보물편)",태고정,"태고정 측면
소재지 : 대구광역시 달성군 하빈면 묘리 638
소유자 : 박우규
규모: 정면 4칸, 측면 2칸, 좌측은 맞배지붕+가적지붕, 우측은 팔작지붕
시대 : 조선 광해군 6년(1614)",미확인,1,미부착,제4유형,유,,태고정,,사진,이미지,,문화유산,한국어,미확인,,저작물이용허락동의서,안장헌,,,국가유산청,제4유형,저작물,보호저작물,X,상업적이용금지,○,○,○,○,○,○,X,,,,
165,이미지,문화유산,국가유산청,국가유산청,"문화재대관 (목조, 보물편)",태고정,"태고정 전면 대청 난간
소재지 : 대구광역시 달성군 하빈면 묘리 638
소유자 : 박우규
규모: 정면 4칸, 측면 2칸, 좌측은 맞배지붕+가적지붕, 우측은 팔작지붕
시대 : 조선 광해군 6년(1614)",미확인,1,미부착,제4유형,유,,태고정,,사진,이미지,,문화유산,한국어,미확인,,저작물이용허락동의서,안장헌,,,국가유산청,제4유형,저작물,보호저작물,X,상업적이용금지,○,○,○,○,○,○,X,,,,
166,이미지,문화유산,국가유산청,국가유산청,"문화재대관 (목조, 보물편)",태고정,"태고정 내부 천장 가구
소재지 : 대구광역시 달성군 하빈면 묘리 638
소유자 : 박우규
규모: 정면 4칸, 측면 2칸, 좌측은 맞배지붕+가적지붕, 우측은 팔작지붕
시대 : 조선 광해군 6년(1614)",미확인,1,미부착,제4유형,유,,태고정,,사진,이미지,,문화유산,한국어,미확인,,저작물이용허락동의서,안장헌,,,국가유산청,제4유형,저작물,보호저작물,X,상업적이용금지,○,○,○,○,○,○,X,,,,
167,이미지,문화유산,국가유산청,국가유산청,"문화재대관 (목조, 보물편)",태고정,"태고정_4
소재지 : 대구광역시 달성군 하빈면 묘리 638
소유자 : 박우규
규모: 정면 4칸, 측면 2칸, 좌측은 맞배지붕+가적지붕, 우측은 팔작지붕
시대 : 조선 광해군 6년(1614)",미확인,1,미부착,제4유형,유,,태고정,,사진,이미지,,문화유산,한국어,미확인,,저작물이용허락동의서,안장헌,,,국가유산청,제4유형,저작물,보호저작물,X,상업적이용금지,○,○,○,○,○,○,X,,,,
168,이미지,문화유산,국가유산청,국가유산청,"문화재대관 (목조, 보물편)",선운사 참당암 대웅전,"선운사 참당암 대웅전_0
소재지 : 전라북도 고창군 아산면 삼인리 605
소유자 : 선운사
규모: 정면 3칸, 측면 3칸, 단층 다포계 맞배지붕
시대 : 조선시대",2001,1,미부착,제4유형,유,,선운사 참당암 대웅전,,사진,이미지,,문화유산,한국어,2001,,저작물이용허락동의서,안장헌,,,국가유산청,제4유형,저작물,보호저작물,X,상업적이용금지,○,○,○,○,○,○,X,,,,
169,이미지,문화유산,국가유산청,국가유산청,"문화재대관 (목조, 보물편)",선운사 참당암 대웅전,"선운사 참당암 대웅전 외부 귀공포
소재지 : 전라북도 고창군 아산면 삼인리 605
소유자 : 선운사
규모: 정면 3칸, 측면 3칸, 단층 다포계 맞배지붕
시대 : 조선시대",2001,1,미부착,제4유형,유,,선운사 참당암 대웅전,,사진,이미지,,문화유산,한국어,2001,,저작물이용허락동의서,안장헌,,,국가유산청,제4유형,저작물,보호저작물,X,상업적이용금지,○,○,○,○,○,○,X,,,,
170,이미지,문화유산,국가유산청,국가유산청,"문화재대관 (목조, 보물편)",선운사 참당암 대웅전,"선운사 참당암 대웅전 내부 천장 가구
소재지 : 전라북도 고창군 아산면 삼인리 605
소유자 : 선운사
규모: 정면 3칸, 측면 3칸, 단층 다포계 맞배지붕
시대 : 조선시대",2001,1,미부착,제4유형,유,,선운사 참당암 대웅전,,사진,이미지,,문화유산,한국어,2001,,저작물이용허락동의서,안장헌,,,국가유산청,제4유형,저작물,보호저작물,X,상업적이용금지,○,○,○,○,○,○,X,,,,
171,이미지,문화유산,국가유산청,국가유산청,"문화재대관 (목조, 보물편)",선운사 참당암 대웅전,"선운사 참당암 대웅전 우물 천장
소재지 : 전라북도 고창군 아산면 삼인리 605
소유자 : 선운사
규모: 정면 3칸, 측면 3칸, 단층 다포계 맞배지붕
시대 : 조선시대",2001,1,미부착,제4유형,유,,선운사 참당암 대웅전,,사진,이미지,,문화유산,한국어,2001,,저작물이용허락동의서,안장헌,,,국가유산청,제4유형,저작물,보호저작물,X,상업적이용금지,○,○,○,○,○,○,X,,,,
172,이미지,문화유산,국가유산청,국가유산청,"문화재대관 (목조, 보물편)",선운사 참당암 대웅전,"선운사 참당암 대웅전 내부 공포
소재지 : 전라북도 고창군 아산면 삼인리 605
소유자 : 선운사
규모: 정면 3칸, 측면 3칸, 단층 다포계 맞배지붕
시대 : 조선시대",2001,1,미부착,제4유형,유,,선운사 참당암 대웅전,,사진,이미지,,문화유산,한국어,2001,,저작물이용허락동의서,안장헌,,,국가유산청,제4유형,저작물,보호저작물,X,상업적이용금지,○,○,○,○,○,○,X,,,,
173,이미지,문화유산,국가유산청,국가유산청,"문화재대관 (목조, 보물편)",선운사 참당암 대웅전,"선운사 참당암 대웅전_5
소재지 : 전라북도 고창군 아산면 삼인리 605
소유자 : 선운사
규모: 정면 3칸, 측면 3칸, 단층 다포계 맞배지붕
시대 : 조선시대",2001,1,미부착,제4유형,유,,선운사 참당암 대웅전,,사진,이미지,,문화유산,한국어,2001,,저작물이용허락동의서,안장헌,,,국가유산청,제4유형,저작물,보호저작물,X,상업적이용금지,○,○,○,○,○,○,X,,,,
174,이미지,문화유산,국가유산청,국가유산청,"문화재대관 (목조, 보물편)",선운사 참당암 대웅전,"선운사 참당암 대웅전 외부 측면
소재지 : 전라북도 고창군 아산면 삼인리 605
소유자 : 선운사
규모: 정면 3칸, 측면 3칸, 단층 다포계 맞배지붕
시대 : 조선시대",2001,1,미부착,제4유형,유,,선운사 참당암 대웅전,,사진,이미지,,문화유산,한국어,2001,,저작물이용허락동의서,안장헌,,,국가유산청,제4유형,저작물,보호저작물,X,상업적이용금지,○,○,○,○,○,○,X,,,,
175,이미지,문화유산,국가유산청,국가유산청,"문화재대관 (목조, 보물편)",선운사 참당암 대웅전,"선운사 참당암 대웅전 내부 불단
소재지 : 전라북도 고창군 아산면 삼인리 605
소유자 : 선운사
규모: 정면 3칸, 측면 3칸, 단층 다포계 맞배지붕
시대 : 조선시대",2001,1,미부착,제4유형,유,,선운사 참당암 대웅전,,사진,이미지,,문화유산,한국어,2001,,저작물이용허락동의서,안장헌,,,국가유산청,제4유형,저작물,보호저작물,X,상업적이용금지,○,○,○,○,○,○,X,,,,
176,이미지,문화유산,국가유산청,국가유산청,"문화재대관 (목조, 보물편)",선운사 참당암 대웅전,"선운사 참당암 대웅전 전경
소재지 : 전라북도 고창군 아산면 삼인리 605
소유자 : 선운사
규모: 정면 3칸, 측면 3칸, 단층 다포계 맞배지붕
시대 : 조선시대",2001,1,미부착,제4유형,유,,선운사 참당암 대웅전,,사진,이미지,,문화유산,한국어,2001,,저작물이용허락동의서,안장헌,,,국가유산청,제4유형,저작물,보호저작물,X,상업적이용금지,○,○,○,○,○,○,X,,,,
177,이미지,문화유산,국가유산청,국가유산청,"문화재대관 (목조, 보물편)",선운사 참당암 대웅전,"선운사 참당암 대웅전 서측면
소재지 : 전라북도 고창군 아산면 삼인리 605
소유자 : 선운사
규모: 정면 3칸, 측면 3칸, 단층 다포계 맞배지붕
시대 : 조선시대",2001,1,미부착,제4유형,유,,선운사 참당암 대웅전,,사진,이미지,,문화유산,한국어,2001,,저작물이용허락동의서,안장헌,,,국가유산청,제4유형,저작물,보호저작물,X,상업적이용금지,○,○,○,○,○,○,X,,,,
178,이미지,문화유산,국가유산청,국가유산청,"문화재대관 (목조, 보물편)",정혜사 대웅전,"정혜사 대웅전 정면 편액 및 공포
소재지 : 전라남도 순천시 서면 청소리 711
소유자 : 정혜사
규모: 정면 3칸, 측면 2칸, 단층 다포계 팔작지붕
시대 : 조선시대(1617)",2001,1,미부착,제4유형,유,,정혜사 대웅전,,사진,이미지,,문화유산,한국어,2001,,저작물이용허락동의서,안장헌,,,국가유산청,제4유형,저작물,보호저작물,X,상업적이용금지,○,○,○,○,○,○,X,,,,
179,이미지,문화유산,국가유산청,국가유산청,"문화재대관 (목조, 보물편)",정혜사 대웅전,"정혜사 대웅전 내부 불단과 내부 공포
소재지 : 전라남도 순천시 서면 청소리 711
소유자 : 정혜사
규모: 정면 3칸, 측면 2칸, 단층 다포계 팔작지붕
시대 : 조선시대(1617)",2001,1,미부착,제4유형,유,,정혜사 대웅전,,사진,이미지,,문화유산,한국어,2001,,저작물이용허락동의서,안장헌,,,국가유산청,제4유형,저작물,보호저작물,X,상업적이용금지,○,○,○,○,○,○,X,,,,
180,이미지,문화유산,국가유산청,국가유산청,"문화재대관 (목조, 보물편)",정혜사 대웅전,"정혜사 대웅전_03
소재지 : 전라남도 순천시 서면 청소리 711
소유자 : 정혜사
규모: 정면 3칸, 측면 2칸, 단층 다포계 팔작지붕
시대 : 조선시대(1617)",2001,1,미부착,제4유형,유,,정혜사 대웅전,,사진,이미지,,문화유산,한국어,2001,,저작물이용허락동의서,안장헌,,,국가유산청,제4유형,저작물,보호저작물,X,상업적이용금지,○,○,○,○,○,○,X,,,,
181,이미지,문화유산,국가유산청,국가유산청,"문화재대관 (목조, 보물편)",정혜사 대웅전,"정혜사 대웅전_04
소재지 : 전라남도 순천시 서면 청소리 711
소유자 : 정혜사
규모: 정면 3칸, 측면 2칸, 단층 다포계 팔작지붕
시대 : 조선시대(1617)",2001,1,미부착,제4유형,유,,정혜사 대웅전,,사진,이미지,,문화유산,한국어,2001,,저작물이용허락동의서,안장헌,,,국가유산청,제4유형,저작물,보호저작물,X,상업적이용금지,○,○,○,○,○,○,X,,,,
182,이미지,문화유산,국가유산청,국가유산청,"문화재대관 (목조, 보물편)",정혜사 대웅전,"정혜사 대웅전 내부 가구와 천장
소재지 : 전라남도 순천시 서면 청소리 711
소유자 : 정혜사
규모: 정면 3칸, 측면 2칸, 단층 다포계 팔작지붕
시대 : 조선시대(1617)",2001,1,미부착,제4유형,유,,정혜사 대웅전,,사진,이미지,,문화유산,한국어,2001,,저작물이용허락동의서,안장헌,,,국가유산청,제4유형,저작물,보호저작물,X,상업적이용금지,○,○,○,○,○,○,X,,,,
183,이미지,문화유산,국가유산청,국가유산청,"문화재대관 (목조, 보물편)",정혜사 대웅전,"정혜사 대웅전_06
소재지 : 전라남도 순천시 서면 청소리 711
소유자 : 정혜사
규모: 정면 3칸, 측면 2칸, 단층 다포계 팔작지붕
시대 : 조선시대(1617)",2001,1,미부착,제4유형,유,,정혜사 대웅전,,사진,이미지,,문화유산,한국어,2001,,저작물이용허락동의서,안장헌,,,국가유산청,제4유형,저작물,보호저작물,X,상업적이용금지,○,○,○,○,○,○,X,,,,
184,이미지,문화유산,국가유산청,국가유산청,"문화재대관 (목조, 보물편)",정혜사 대웅전,"정혜사 대웅전 서측면
소재지 : 전라남도 순천시 서면 청소리 711
소유자 : 정혜사
규모: 정면 3칸, 측면 2칸, 단층 다포계 팔작지붕
시대 : 조선시대(1617)",2001,1,미부착,제4유형,유,,정혜사 대웅전,,사진,이미지,,문화유산,한국어,2001,,저작물이용허락동의서,안장헌,,,국가유산청,제4유형,저작물,보호저작물,X,상업적이용금지,○,○,○,○,○,○,X,,,,
185,이미지,문화유산,국가유산청,국가유산청,"문화재대관 (목조, 보물편)",정혜사 대웅전,"정혜사 대웅전 석조 계단
소재지 : 전라남도 순천시 서면 청소리 711
소유자 : 정혜사
규모: 정면 3칸, 측면 2칸, 단층 다포계 팔작지붕
시대 : 조선시대(1617)",2001,1,미부착,제4유형,유,,정혜사 대웅전,,사진,이미지,,문화유산,한국어,2001,,저작물이용허락동의서,안장헌,,,국가유산청,제4유형,저작물,보호저작물,X,상업적이용금지,○,○,○,○,○,○,X,,,,
186,이미지,문화유산,국가유산청,국가유산청,"문화재대관 (목조, 보물편)",정혜사 대웅전,"정혜사 대웅전 귀공포
소재지 : 전라남도 순천시 서면 청소리 711
소유자 : 정혜사
규모: 정면 3칸, 측면 2칸, 단층 다포계 팔작지붕
시대 : 조선시대(1617)",2001,1,미부착,제4유형,유,,정혜사 대웅전,,사진,이미지,,문화유산,한국어,2001,,저작물이용허락동의서,안장헌,,,국가유산청,제4유형,저작물,보호저작물,X,상업적이용금지,○,○,○,○,○,○,X,,,,
187,이미지,문화유산,국가유산청,국가유산청,"문화재대관 (목조, 보물편)",정혜사 대웅전,"정혜사 대웅전_10
소재지 : 전라남도 순천시 서면 청소리 711
소유자 : 정혜사
규모: 정면 3칸, 측면 2칸, 단층 다포계 팔작지붕
시대 : 조선시대(1617)",2001,1,미부착,제4유형,유,,정혜사 대웅전,,사진,이미지,,문화유산,한국어,2001,,저작물이용허락동의서,안장헌,,,국가유산청,제4유형,저작물,보호저작물,X,상업적이용금지,○,○,○,○,○,○,X,,,,
188,이미지,문화유산,국가유산청,국가유산청,"문화재대관 (목조, 보물편)",도산서원 전교당,"도산서원 전교당 천장
소재지 : 경상북도 안동시 도산면 토계리 680
소유자 : 도산서원
규모: 정면 4칸, 측면 2칸, 단층 팔작지붕
시대 : 조선시대(1574)",1994,1,미부착,제4유형,유,,도산서원 전교당,,사진,이미지,,문화유산,한국어,1994,,저작물이용허락동의서,안장헌,,,국가유산청,제4유형,저작물,보호저작물,X,상업적이용금지,○,○,○,○,○,○,X,,,,
189,이미지,문화유산,국가유산청,국가유산청,"문화재대관 (목조, 보물편)",도산서원 전교당,"도산서원 전교당 내부
소재지 : 경상북도 안동시 도산면 토계리 680
소유자 : 도산서원
규모: 정면 4칸, 측면 2칸, 단층 팔작지붕
시대 : 조선시대(1574)",1994,1,미부착,제4유형,유,,도산서원 전교당,,사진,이미지,,문화유산,한국어,1994,,저작물이용허락동의서,안장헌,,,국가유산청,제4유형,저작물,보호저작물,X,상업적이용금지,○,○,○,○,○,○,X,,,,
190,이미지,문화유산,국가유산청,국가유산청,"문화재대관 (목조, 보물편)",도산서원 전교당,"도산서원 전교당_03
소재지 : 경상북도 안동시 도산면 토계리 680
소유자 : 도산서원
규모: 정면 4칸, 측면 2칸, 단층 팔작지붕
시대 : 조선시대(1574)",1994,1,미부착,제4유형,유,,도산서원 전교당,,사진,이미지,,문화유산,한국어,1994,,저작물이용허락동의서,안장헌,,,국가유산청,제4유형,저작물,보호저작물,X,상업적이용금지,○,○,○,○,○,○,X,,,,
191,이미지,문화유산,국가유산청,국가유산청,"문화재대관 (목조, 보물편)",도산서원 전교당,"도산서원 전교당 내부 천장 가구
소재지 : 경상북도 안동시 도산면 토계리 680
소유자 : 도산서원
규모: 정면 4칸, 측면 2칸, 단층 팔작지붕
시대 : 조선시대(1574)",1994,1,미부착,제4유형,유,,도산서원 전교당,,사진,이미지,,문화유산,한국어,1994,,저작물이용허락동의서,안장헌,,,국가유산청,제4유형,저작물,보호저작물,X,상업적이용금지,○,○,○,○,○,○,X,,,,
192,이미지,문화유산,국가유산청,국가유산청,"문화재대관 (목조, 보물편)",도산서원 전교당,"도산서원 전교당 내부_05
소재지 : 경상북도 안동시 도산면 토계리 680
소유자 : 도산서원
규모: 정면 4칸, 측면 2칸, 단층 팔작지붕
시대 : 조선시대(1574)",1994,1,미부착,제4유형,유,,도산서원 전교당,,사진,이미지,,문화유산,한국어,1994,,저작물이용허락동의서,안장헌,,,국가유산청,제4유형,저작물,보호저작물,X,상업적이용금지,○,○,○,○,○,○,X,,,,
193,이미지,문화유산,국가유산청,국가유산청,"문화재대관 (목조, 보물편)",회덕 동춘당,"회덕 동춘당 정면
소재지 : 대전광역시 대덕구 송춘동 192
소유자 : 송용시
규모: 정면 3칸, 측면 2칸, 단층 팔작지붕
시대 : 조선시대",2000,1,미부착,제4유형,유,,회덕 동춘당,,사진,이미지,,문화유산,한국어,2000,,저작물이용허락동의서,안장헌,,,국가유산청,제4유형,저작물,보호저작물,X,상업적이용금지,○,○,○,○,○,○,X,,,,
194,이미지,문화유산,국가유산청,국가유산청,"문화재대관 (목조, 보물편)",회덕 동춘당,"회덕 동춘당 내부 연등 천장
소재지 : 대전광역시 대덕구 송춘동 192
소유자 : 송용시
규모: 정면 3칸, 측면 2칸, 단층 팔작지붕
시대 : 조선시대",2000,1,미부착,제4유형,유,,회덕 동춘당,,사진,이미지,,문화유산,한국어,2000,,저작물이용허락동의서,안장헌,,,국가유산청,제4유형,저작물,보호저작물,X,상업적이용금지,○,○,○,○,○,○,X,,,,
195,이미지,문화유산,국가유산청,국가유산청,"문화재대관 (목조, 보물편)",회덕 동춘당,"회덕 동춘당_03
소재지 : 대전광역시 대덕구 송춘동 192
소유자 : 송용시
규모: 정면 3칸, 측면 2칸, 단층 팔작지붕
시대 : 조선시대",2000,1,미부착,제4유형,유,,회덕 동춘당,,사진,이미지,,문화유산,한국어,2000,,저작물이용허락동의서,안장헌,,,국가유산청,제4유형,저작물,보호저작물,X,상업적이용금지,○,○,○,○,○,○,X,,,,
196,이미지,문화유산,국가유산청,국가유산청,"문화재대관 (목조, 보물편)",회덕 동춘당,"회덕 동춘당 정면 처마
소재지 : 대전광역시 대덕구 송춘동 192
소유자 : 송용시
규모: 정면 3칸, 측면 2칸, 단층 팔작지붕
시대 : 조선시대",2000,1,미부착,제4유형,유,,회덕 동춘당,,사진,이미지,,문화유산,한국어,2000,,저작물이용허락동의서,안장헌,,,국가유산청,제4유형,저작물,보호저작물,X,상업적이용금지,○,○,○,○,○,○,X,,,,
197,이미지,문화유산,국가유산청,국가유산청,"문화재대관 (목조, 보물편)",회덕 동춘당,"회덕 동춘당 내부
소재지 : 대전광역시 대덕구 송춘동 192
소유자 : 송용시
규모: 정면 3칸, 측면 2칸, 단층 팔작지붕
시대 : 조선시대",2000,1,미부착,제4유형,유,,회덕 동춘당,,사진,이미지,,문화유산,한국어,2000,,저작물이용허락동의서,안장헌,,,국가유산청,제4유형,저작물,보호저작물,X,상업적이용금지,○,○,○,○,○,○,X,,,,
198,이미지,문화유산,국가유산청,국가유산청,"문화재대관 (목조, 보물편)",회덕 동춘당,"회덕 동춘당_06
소재지 : 대전광역시 대덕구 송춘동 192
소유자 : 송용시
규모: 정면 3칸, 측면 2칸, 단층 팔작지붕
시대 : 조선시대",2000,1,미부착,제4유형,유,,회덕 동춘당,,사진,이미지,,문화유산,한국어,2000,,저작물이용허락동의서,안장헌,,,국가유산청,제4유형,저작물,보호저작물,X,상업적이용금지,○,○,○,○,○,○,X,,,,
199,이미지,문화유산,국가유산청,국가유산청,"문화재대관 (목조, 보물편)",도산서원 상덕사 부 정문 및 사주토병,"도산서원 상덕사 정문
소재지 : 경상북도 안동군 도산면 토계리 680
소유자 : 도산서원
규모: 정면 4칸, 측면 2칸, 단층 팔작지붕
시대 : 조선 선조 7년(1574)",2004,1,미부착,제4유형,유,,도산서원 상덕사 부 정문 및 사주토병,,사진,이미지,,문화유산,한국어,2004,,저작물이용허락동의서,안장헌,,,국가유산청,제4유형,저작물,보호저작물,X,상업적이용금지,○,○,○,○,○,○,X,,,,
200,이미지,문화유산,국가유산청,국가유산청,"문화재대관 (목조, 보물편)",도산서원 상덕사 부 정문 및 사주토병,"도산서원 상덕사 정문에서 본 사당
소재지 : 경상북도 안동군 도산면 토계리 680
소유자 : 도산서원
규모: 정면 4칸, 측면 2칸, 단층 팔작지붕
시대 : 조선 선조 7년(1574)",2004,1,미부착,제4유형,유,,도산서원 상덕사 부 정문 및 사주토병,,사진,이미지,,문화유산,한국어,2004,,저작물이용허락동의서,안장헌,,,국가유산청,제4유형,저작물,보호저작물,X,상업적이용금지,○,○,○,○,○,○,X,,,,
201,이미지,문화유산,국가유산청,국가유산청,"문화재대관 (목조, 보물편)",도산서원 상덕사 부 정문 및 사주토병,"도산서원 상덕사 내부 천장
소재지 : 경상북도 안동군 도산면 토계리 680
소유자 : 도산서원
규모: 정면 4칸, 측면 2칸, 단층 팔작지붕
시대 : 조선 선조 7년(1574)",2004,1,미부착,제4유형,유,,도산서원 상덕사 부 정문 및 사주토병,,사진,이미지,,문화유산,한국어,2004,,저작물이용허락동의서,안장헌,,,국가유산청,제4유형,저작물,보호저작물,X,상업적이용금지,○,○,○,○,○,○,X,,,,
202,이미지,문화유산,국가유산청,국가유산청,"문화재대관 (목조, 보물편)",도산서원 상덕사 부 정문 및 사주토병,"도산서원 상덕사_4
소재지 : 경상북도 안동군 도산면 토계리 680
소유자 : 도산서원
규모: 정면 4칸, 측면 2칸, 단층 팔작지붕
시대 : 조선 선조 7년(1574)",2004,1,미부착,제4유형,유,,도산서원 상덕사 부 정문 및 사주토병,,사진,이미지,,문화유산,한국어,2004,,저작물이용허락동의서,안장헌,,,국가유산청,제4유형,저작물,보호저작물,X,상업적이용금지,○,○,○,○,○,○,X,,,,
203,이미지,문화유산,국가유산청,국가유산청,"문화재대관 (목조, 보물편)",도산서원 상덕사 부 정문 및 사주토병,"도산서원 상덕사 내부
소재지 : 경상북도 안동군 도산면 토계리 680
소유자 : 도산서원
규모: 정면 4칸, 측면 2칸, 단층 팔작지붕
시대 : 조선 선조 7년(1574)",2004,1,미부착,제4유형,유,,도산서원 상덕사 부 정문 및 사주토병,,사진,이미지,,문화유산,한국어,2004,,저작물이용허락동의서,안장헌,,,국가유산청,제4유형,저작물,보호저작물,X,상업적이용금지,○,○,○,○,○,○,X,,,,
204,이미지,문화유산,국가유산청,국가유산청,"문화재대관 (목조, 보물편)",도산서원 상덕사 부 정문 및 사주토병,"도산서원 상덕사_6
소재지 : 경상북도 안동군 도산면 토계리 680
소유자 : 도산서원
규모: 정면 4칸, 측면 2칸, 단층 팔작지붕
시대 : 조선 선조 7년(1574)",2004,1,미부착,제4유형,유,,도산서원 상덕사 부 정문 및 사주토병,,사진,이미지,,문화유산,한국어,2004,,저작물이용허락동의서,안장헌,,,국가유산청,제4유형,저작물,보호저작물,X,상업적이용금지,○,○,○,○,○,○,X,,,,
205,이미지,문화유산,국가유산청,국가유산청,"문화재대관 (목조, 보물편)",관룡사 대웅전,"관룡사 대웅전 내부 후불벽화(수월관음도)
소재지 : 경상남도 창녕군 창녕읍 옥천리 292
소유자 : 관룡사
규모: 정면 3칸, 측면 3칸, 단층 다포계 팔작지붕
시대 : 조선 광해군 9년(1617)",2001,1,미부착,제4유형,유,,관룡사 대웅전,,사진,이미지,,문화유산,한국어,2001,,저작물이용허락동의서,안장헌,,,국가유산청,제4유형,저작물,보호저작물,X,상업적이용금지,○,○,○,○,○,○,X,,,,
206,이미지,문화유산,국가유산청,국가유산청,"문화재대관 (목조, 보물편)",관룡사 대웅전,"관룡사 대웅전_1
소재지 : 경상남도 창녕군 창녕읍 옥천리 292
소유자 : 관룡사
규모: 정면 3칸, 측면 3칸, 단층 다포계 팔작지붕
시대 : 조선 광해군 9년(1617)",2001,1,미부착,제4유형,유,,관룡사 대웅전,,사진,이미지,,문화유산,한국어,2001,,저작물이용허락동의서,안장헌,,,국가유산청,제4유형,저작물,보호저작물,X,상업적이용금지,○,○,○,○,○,○,X,,,,
207,이미지,문화유산,국가유산청,국가유산청,"문화재대관 (목조, 보물편)",관룡사 대웅전,"관룡사 대웅전 측면
소재지 : 경상남도 창녕군 창녕읍 옥천리 292
소유자 : 관룡사
규모: 정면 3칸, 측면 3칸, 단층 다포계 팔작지붕
시대 : 조선 광해군 9년(1617)",2001,1,미부착,제4유형,유,,관룡사 대웅전,,사진,이미지,,문화유산,한국어,2001,,저작물이용허락동의서,안장헌,,,국가유산청,제4유형,저작물,보호저작물,X,상업적이용금지,○,○,○,○,○,○,X,,,,
208,이미지,문화유산,국가유산청,국가유산청,"문화재대관 (목조, 보물편)",관룡사 대웅전,"관룡사 대웅전 외부 귀공포
소재지 : 경상남도 창녕군 창녕읍 옥천리 292
소유자 : 관룡사
규모: 정면 3칸, 측면 3칸, 단층 다포계 팔작지붕
시대 : 조선 광해군 9년(1617)",2001,1,미부착,제4유형,유,,관룡사 대웅전,,사진,이미지,,문화유산,한국어,2001,,저작물이용허락동의서,안장헌,,,국가유산청,제4유형,저작물,보호저작물,X,상업적이용금지,○,○,○,○,○,○,X,,,,
209,이미지,문화유산,국가유산청,국가유산청,"문화재대관 (목조, 보물편)",관룡사 대웅전,"관룡사 대웅전 내부 불단
소재지 : 경상남도 창녕군 창녕읍 옥천리 292
소유자 : 관룡사
규모: 정면 3칸, 측면 3칸, 단층 다포계 팔작지붕
시대 : 조선 광해군 9년(1617)",2001,1,미부착,제4유형,유,,관룡사 대웅전,,사진,이미지,,문화유산,한국어,2001,,저작물이용허락동의서,안장헌,,,국가유산청,제4유형,저작물,보호저작물,X,상업적이용금지,○,○,○,○,○,○,X,,,,
210,이미지,문화유산,국가유산청,국가유산청,"문화재대관 (목조, 보물편)",관룡사 대웅전,"관룡사 대웅전 내부
소재지 : 경상남도 창녕군 창녕읍 옥천리 292
소유자 : 관룡사
규모: 정면 3칸, 측면 3칸, 단층 다포계 팔작지붕
시대 : 조선 광해군 9년(1617)",2001,1,미부착,제4유형,유,,관룡사 대웅전,,사진,이미지,,문화유산,한국어,2001,,저작물이용허락동의서,안장헌,,,국가유산청,제4유형,저작물,보호저작물,X,상업적이용금지,○,○,○,○,○,○,X,,,,
211,이미지,문화유산,국가유산청,국가유산청,"문화재대관 (목조, 보물편)",관룡사 대웅전,"관룡사 대웅전_6
소재지 : 경상남도 창녕군 창녕읍 옥천리 292
소유자 : 관룡사
규모: 정면 3칸, 측면 3칸, 단층 다포계 팔작지붕
시대 : 조선 광해군 9년(1617)",2001,1,미부착,제4유형,유,,관룡사 대웅전,,사진,이미지,,문화유산,한국어,2001,,저작물이용허락동의서,안장헌,,,국가유산청,제4유형,저작물,보호저작물,X,상업적이용금지,○,○,○,○,○,○,X,,,,
212,이미지,문화유산,국가유산청,국가유산청,"문화재대관 (목조, 보물편)",관룡사 대웅전,"관룡사 대웅전_7
소재지 : 경상남도 창녕군 창녕읍 옥천리 292
소유자 : 관룡사
규모: 정면 3칸, 측면 3칸, 단층 다포계 팔작지붕
시대 : 조선 광해군 9년(1617)",2001,1,미부착,제4유형,유,,관룡사 대웅전,,사진,이미지,,문화유산,한국어,2001,,저작물이용허락동의서,안장헌,,,국가유산청,제4유형,저작물,보호저작물,X,상업적이용금지,○,○,○,○,○,○,X,,,,
213,이미지,문화유산,국가유산청,국가유산청,"문화재대관 (목조, 보물편)",관룡사 대웅전,"관룡사 대웅전_8
소재지 : 경상남도 창녕군 창녕읍 옥천리 292
소유자 : 관룡사
규모: 정면 3칸, 측면 3칸, 단층 다포계 팔작지붕
시대 : 조선 광해군 9년(1617)",2001,1,미부착,제4유형,유,,관룡사 대웅전,,사진,이미지,,문화유산,한국어,2001,,저작물이용허락동의서,안장헌,,,국가유산청,제4유형,저작물,보호저작물,X,상업적이용금지,○,○,○,○,○,○,X,,,,
214,이미지,문화유산,국가유산청,국가유산청,문화재대관 (석조iII 보물편),영암 엄길리암각매향명,"영암 엄길리암각매향명_1
소재지 : 전라남도 영암군 서호면 엄길리 85
소유자 : 국유
규모: 길이 : 1.28m, 높이 : 0.99m
재질 : 화강암벽
시대 : 고려시대(1344년)",2002,1,미부착,제4유형,유,,영암 엄길리암각매향명,,사진,이미지,,문화유산,한국어,2002,,저작물이용허락동의서,안장헌,,,국가유산청,제4유형,저작물,보호저작물,X,상업적이용금지,○,○,○,○,○,○,X,,,,
215,이미지,문화유산,국가유산청,국가유산청,문화재대관 (석조iII 보물편),영암 엄길리암각매향명,"영암 엄길리암각매향명_2
소재지 : 전라남도 영암군 서호면 엄길리 85
소유자 : 국유
규모: 길이 : 1.28m, 높이 : 0.99m
재질 : 화강암벽
시대 : 고려시대(1344년)",2002,1,미부착,제4유형,유,,영암 엄길리암각매향명,,사진,이미지,,문화유산,한국어,2002,,저작물이용허락동의서,안장헌,,,국가유산청,제4유형,저작물,보호저작물,X,상업적이용금지,○,○,○,○,○,○,X,,,,
216,이미지,문화유산,국가유산청,국가유산청,문화재대관 (석조iII 보물편),영암 엄길리암각매향명,"영암 엄길리암각매향명_3
소재지 : 전라남도 영암군 서호면 엄길리 85
소유자 : 국유
규모: 길이 : 1.28m, 높이 : 0.99m
재질 : 화강암벽
시대 : 고려시대(1344년)",2002,1,미부착,제4유형,유,,영암 엄길리암각매향명,,사진,이미지,,문화유산,한국어,2002,,저작물이용허락동의서,안장헌,,,국가유산청,제4유형,저작물,보호저작물,X,상업적이용금지,○,○,○,○,○,○,X,,,,
217,이미지,문화유산,국가유산청,국가유산청,"문화재대관 (목조, 보물편)",안동 임청각,"안동 임청각_1
소재지 : 경상북도 안동시 법흥동 20
소유자 : 이창수
규모 양식: 3동 일곽
               임청각 : 정면 13칸, 측면 8칸, 용자형 평면
               군자정 : 정면 3칸, 측면 4칸, 정자형 평면
               사당  : 정면 5칸, 측면 3칸, 맞배지붕
시대 : 조선시대(1515년경)",2004,1,미부착,제4유형,유,,안동 임청각,,사진,이미지,,문화유산,한국어,2004,,저작물이용허락동의서,안장헌,,,국가유산청,제4유형,저작물,보호저작물,X,상업적이용금지,○,○,○,○,○,○,X,,,,
218,이미지,문화유산,국가유산청,국가유산청,"문화재대관 (목조, 보물편)",안동 임청각,"안동 임청각 정침(대청과 앞마당)
소재지 : 경상북도 안동시 법흥동 20
소유자 : 이창수
규모 양식: 3동 일곽
               임청각 : 정면 13칸, 측면 8칸, 용자형 평면
               군자정 : 정면 3칸, 측면 4칸, 정자형 평면
               사당  : 정면 5칸, 측면 3칸, 맞배지붕
시대 : 조선시대(1515년경)",2004,1,미부착,제4유형,유,,안동 임청각,,사진,이미지,,문화유산,한국어,2004,,저작물이용허락동의서,안장헌,,,국가유산청,제4유형,저작물,보호저작물,X,상업적이용금지,○,○,○,○,○,○,X,,,,
219,이미지,문화유산,국가유산청,국가유산청,"문화재대관 (목조, 보물편)",안동 임청각,"안동 임청각_3
소재지 : 경상북도 안동시 법흥동 20
소유자 : 이창수
규모 양식: 3동 일곽
               임청각 : 정면 13칸, 측면 8칸, 용자형 평면
               군자정 : 정면 3칸, 측면 4칸, 정자형 평면
               사당  : 정면 5칸, 측면 3칸, 맞배지붕
시대 : 조선시대(1515년경)",2004,1,미부착,제4유형,유,,안동 임청각,,사진,이미지,,문화유산,한국어,2004,,저작물이용허락동의서,안장헌,,,국가유산청,제4유형,저작물,보호저작물,X,상업적이용금지,○,○,○,○,○,○,X,,,,
220,이미지,문화유산,국가유산청,국가유산청,"문화재대관 (목조, 보물편)",안동 임청각,"안동 임청각 정침 대청
소재지 : 경상북도 안동시 법흥동 20
소유자 : 이창수
규모 양식: 3동 일곽
               임청각 : 정면 13칸, 측면 8칸, 용자형 평면
               군자정 : 정면 3칸, 측면 4칸, 정자형 평면
               사당  : 정면 5칸, 측면 3칸, 맞배지붕
시대 : 조선시대(1515년경)",2004,1,미부착,제4유형,유,,안동 임청각,,사진,이미지,,문화유산,한국어,2004,,저작물이용허락동의서,안장헌,,,국가유산청,제4유형,저작물,보호저작물,X,상업적이용금지,○,○,○,○,○,○,X,,,,
221,이미지,문화유산,국가유산청,국가유산청,"문화재대관 (목조, 보물편)",안동 임청각,"안동 임청각_01
소재지 : 경상북도 안동시 법흥동 20
소유자 : 이창수
규모 양식: 3동 일곽
               임청각 : 정면 13칸, 측면 8칸, 용자형 평면
               군자정 : 정면 3칸, 측면 4칸, 정자형 평면
               사당  : 정면 5칸, 측면 3칸, 맞배지붕
시대 : 조선시대(1515년경)",2001,1,미부착,제4유형,유,,안동 임청각,,사진,이미지,,문화유산,한국어,2001,,저작물이용허락동의서,안장헌,,,국가유산청,제4유형,저작물,보호저작물,X,상업적이용금지,○,○,○,○,○,○,X,,,,
222,이미지,문화유산,국가유산청,국가유산청,"문화재대관 (목조, 보물편)",안동 임청각,"안동 임청각_02
소재지 : 경상북도 안동시 법흥동 20
소유자 : 이창수
규모 양식: 3동 일곽
               임청각 : 정면 13칸, 측면 8칸, 용자형 평면
               군자정 : 정면 3칸, 측면 4칸, 정자형 평면
               사당  : 정면 5칸, 측면 3칸, 맞배지붕
시대 : 조선시대(1515년경)",2001,1,미부착,제4유형,유,,안동 임청각,,사진,이미지,,문화유산,한국어,2001,,저작물이용허락동의서,안장헌,,,국가유산청,제4유형,저작물,보호저작물,X,상업적이용금지,○,○,○,○,○,○,X,,,,
223,이미지,문화유산,국가유산청,국가유산청,"문화재대관 (목조, 보물편)",안동 임청각,"안동 임청각 군자정 측면
소재지 : 경상북도 안동시 법흥동 20
소유자 : 이창수
규모 양식: 3동 일곽
               임청각 : 정면 13칸, 측면 8칸, 용자형 평면
               군자정 : 정면 3칸, 측면 4칸, 정자형 평면
               사당  : 정면 5칸, 측면 3칸, 맞배지붕
시대 : 조선시대(1515년경)",2001,1,미부착,제4유형,유,,안동 임청각,,사진,이미지,,문화유산,한국어,2001,,저작물이용허락동의서,안장헌,,,국가유산청,제4유형,저작물,보호저작물,X,상업적이용금지,○,○,○,○,○,○,X,,,,
224,이미지,문화유산,국가유산청,국가유산청,"문화재대관 (목조, 보물편)",안동 임청각,"안동 임청각_04
소재지 : 경상북도 안동시 법흥동 20
소유자 : 이창수
규모 양식: 3동 일곽
               임청각 : 정면 13칸, 측면 8칸, 용자형 평면
               군자정 : 정면 3칸, 측면 4칸, 정자형 평면
               사당  : 정면 5칸, 측면 3칸, 맞배지붕
시대 : 조선시대(1515년경)",2001,1,미부착,제4유형,유,,안동 임청각,,사진,이미지,,문화유산,한국어,2001,,저작물이용허락동의서,안장헌,,,국가유산청,제4유형,저작물,보호저작물,X,상업적이용금지,○,○,○,○,○,○,X,,,,
225,이미지,문화유산,국가유산청,국가유산청,"문화재대관 (목조, 보물편)",안동 임청각,"임청각 군자정 내부
소재지 : 경상북도 안동시 법흥동 20
소유자 : 이창수
규모 양식: 3동 일곽
               임청각 : 정면 13칸, 측면 8칸, 용자형 평면
               군자정 : 정면 3칸, 측면 4칸, 정자형 평면
               사당  : 정면 5칸, 측면 3칸, 맞배지붕
시대 : 조선시대(1515년경)",2001,1,미부착,제4유형,유,,안동 임청각,,사진,이미지,,문화유산,한국어,2001,,저작물이용허락동의서,안장헌,,,국가유산청,제4유형,저작물,보호저작물,X,상업적이용금지,○,○,○,○,○,○,X,,,,
226,이미지,문화유산,국가유산청,국가유산청,"문화재대관 (목조, 보물편)",안동 임청각,"임청각 군자정 난간
소재지 : 경상북도 안동시 법흥동 20
소유자 : 이창수
규모 양식: 3동 일곽
               임청각 : 정면 13칸, 측면 8칸, 용자형 평면
               군자정 : 정면 3칸, 측면 4칸, 정자형 평면
               사당  : 정면 5칸, 측면 3칸, 맞배지붕
시대 : 조선시대(1515년경)",2001,1,미부착,제4유형,유,,안동 임청각,,사진,이미지,,문화유산,한국어,2001,,저작물이용허락동의서,안장헌,,,국가유산청,제4유형,저작물,보호저작물,X,상업적이용금지,○,○,○,○,○,○,X,,,,
227,이미지,문화유산,국가유산청,국가유산청,"문화재대관 (목조, 보물편)",안동 임청각,"안동 임청각_07
소재지 : 경상북도 안동시 법흥동 20
소유자 : 이창수
규모 양식: 3동 일곽
               임청각 : 정면 13칸, 측면 8칸, 용자형 평면
               군자정 : 정면 3칸, 측면 4칸, 정자형 평면
               사당  : 정면 5칸, 측면 3칸, 맞배지붕
시대 : 조선시대(1515년경)",2001,1,미부착,제4유형,유,,안동 임청각,,사진,이미지,,문화유산,한국어,2001,,저작물이용허락동의서,안장헌,,,국가유산청,제4유형,저작물,보호저작물,X,상업적이용금지,○,○,○,○,○,○,X,,,,
228,이미지,문화유산,국가유산청,국가유산청,"문화재대관 (목조, 보물편)",안동 임청각,"안동 임청각 정침 내부
소재지 : 경상북도 안동시 법흥동 20
소유자 : 이창수
규모 양식: 3동 일곽
               임청각 : 정면 13칸, 측면 8칸, 용자형 평면
               군자정 : 정면 3칸, 측면 4칸, 정자형 평면
               사당  : 정면 5칸, 측면 3칸, 맞배지붕
시대 : 조선시대(1515년경)",2001,1,미부착,제4유형,유,,안동 임청각,,사진,이미지,,문화유산,한국어,2001,,저작물이용허락동의서,안장헌,,,국가유산청,제4유형,저작물,보호저작물,X,상업적이용금지,○,○,○,○,○,○,X,,,,
229,이미지,문화유산,국가유산청,국가유산청,"문화재대관 (목조, 보물편)",안동 임청각,"안동 임청각_09
소재지 : 경상북도 안동시 법흥동 20
소유자 : 이창수
규모 양식: 3동 일곽
               임청각 : 정면 13칸, 측면 8칸, 용자형 평면
               군자정 : 정면 3칸, 측면 4칸, 정자형 평면
               사당  : 정면 5칸, 측면 3칸, 맞배지붕
시대 : 조선시대(1515년경)",2001,1,미부착,제4유형,유,,안동 임청각,,사진,이미지,,문화유산,한국어,2001,,저작물이용허락동의서,안장헌,,,국가유산청,제4유형,저작물,보호저작물,X,상업적이용금지,○,○,○,○,○,○,X,,,,
230,이미지,문화유산,국가유산청,국가유산청,"문화재대관 (목조, 보물편)",안동 임청각,"안동 임청각_10
소재지 : 경상북도 안동시 법흥동 20
소유자 : 이창수
규모 양식: 3동 일곽
               임청각 : 정면 13칸, 측면 8칸, 용자형 평면
               군자정 : 정면 3칸, 측면 4칸, 정자형 평면
               사당  : 정면 5칸, 측면 3칸, 맞배지붕
시대 : 조선시대(1515년경)",2001,1,미부착,제4유형,유,,안동 임청각,,사진,이미지,,문화유산,한국어,2001,,저작물이용허락동의서,안장헌,,,국가유산청,제4유형,저작물,보호저작물,X,상업적이용금지,○,○,○,○,○,○,X,,,,
231,이미지,문화유산,국가유산청,국가유산청,"문화재대관 (목조, 보물편)",안동 임청각,"안동 임청각_11
소재지 : 경상북도 안동시 법흥동 20
소유자 : 이창수
규모 양식: 3동 일곽
               임청각 : 정면 13칸, 측면 8칸, 용자형 평면
               군자정 : 정면 3칸, 측면 4칸, 정자형 평면
               사당  : 정면 5칸, 측면 3칸, 맞배지붕
시대 : 조선시대(1515년경)",2001,1,미부착,제4유형,유,,안동 임청각,,사진,이미지,,문화유산,한국어,2001,,저작물이용허락동의서,안장헌,,,국가유산청,제4유형,저작물,보호저작물,X,상업적이용금지,○,○,○,○,○,○,X,,,,
232,이미지,문화유산,국가유산청,국가유산청,"문화재대관 (목조, 보물편)",강릉 해운정,"강릉 해운정 내부
소재지 : 강원도 강릉시 운정동 256
소유자 : 심씨 문중
규모 양식: 정면 3칸, 측면 2칸, 단층 팔작지붕
시대 : 조선 중종 25년(1530)",2001,1,미부착,제4유형,유,,강릉 해운정,,사진,이미지,,문화유산,한국어,2001,,저작물이용허락동의서,안장헌,,,국가유산청,제4유형,저작물,보호저작물,X,상업적이용금지,○,○,○,○,○,○,X,,,,
233,이미지,문화유산,국가유산청,국가유산청,"문화재대관 (목조, 보물편)",강릉 해운정,"강릉 해운정 내부_1
소재지 : 강원도 강릉시 운정동 256
소유자 : 심씨 문중
규모 양식: 정면 3칸, 측면 2칸, 단층 팔작지붕
시대 : 조선 중종 25년(1530)",2001,1,미부착,제4유형,유,,강릉 해운정,,사진,이미지,,문화유산,한국어,2001,,저작물이용허락동의서,안장헌,,,국가유산청,제4유형,저작물,보호저작물,X,상업적이용금지,○,○,○,○,○,○,X,,,,
234,이미지,문화유산,국가유산청,국가유산청,"문화재대관 (목조, 보물편)",강릉 해운정,"강릉 해운정_3
소재지 : 강원도 강릉시 운정동 256
소유자 : 심씨 문중
규모 양식: 정면 3칸, 측면 2칸, 단층 팔작지붕
시대 : 조선 중종 25년(1530)",2001,1,미부착,제4유형,유,,강릉 해운정,,사진,이미지,,문화유산,한국어,2001,,저작물이용허락동의서,안장헌,,,국가유산청,제4유형,저작물,보호저작물,X,상업적이용금지,○,○,○,○,○,○,X,,,,
235,이미지,문화유산,국가유산청,국가유산청,"문화재대관 (목조, 보물편)",강릉 해운정,"강릉 해운정 내부 천장
소재지 : 강원도 강릉시 운정동 256
소유자 : 심씨 문중
규모 양식: 정면 3칸, 측면 2칸, 단층 팔작지붕
시대 : 조선 중종 25년(1530)",2001,1,미부착,제4유형,유,,강릉 해운정,,사진,이미지,,문화유산,한국어,2001,,저작물이용허락동의서,안장헌,,,국가유산청,제4유형,저작물,보호저작물,X,상업적이용금지,○,○,○,○,○,○,X,,,,
236,이미지,문화유산,국가유산청,국가유산청,"문화재대관 (목조, 보물편)",강릉 해운정,"강릉 해운정 정면
소재지 : 강원도 강릉시 운정동 256
소유자 : 심씨 문중
규모 양식: 정면 3칸, 측면 2칸, 단층 팔작지붕
시대 : 조선 중종 25년(1530)",2001,1,미부착,제4유형,유,,강릉 해운정,,사진,이미지,,문화유산,한국어,2001,,저작물이용허락동의서,안장헌,,,국가유산청,제4유형,저작물,보호저작물,X,상업적이용금지,○,○,○,○,○,○,X,,,,
237,이미지,문화유산,국가유산청,국가유산청,"문화재대관 (목조, 보물편)",강릉 해운정,"강릉 해운정 내부 편액
소재지 : 강원도 강릉시 운정동 256
소유자 : 심씨 문중
규모 양식: 정면 3칸, 측면 2칸, 단층 팔작지붕
시대 : 조선 중종 25년(1530)",2001,1,미부착,제4유형,유,,강릉 해운정,,사진,이미지,,문화유산,한국어,2001,,저작물이용허락동의서,안장헌,,,국가유산청,제4유형,저작물,보호저작물,X,상업적이용금지,○,○,○,○,○,○,X,,,,
238,이미지,문화유산,국가유산청,국가유산청,"문화재대관 (목조, 보물편)",강릉 해운정,"강릉 해운정_7
소재지 : 강원도 강릉시 운정동 256
소유자 : 심씨 문중
규모 양식: 정면 3칸, 측면 2칸, 단층 팔작지붕
시대 : 조선 중종 25년(1530)",2001,1,미부착,제4유형,유,,강릉 해운정,,사진,이미지,,문화유산,한국어,2001,,저작물이용허락동의서,안장헌,,,국가유산청,제4유형,저작물,보호저작물,X,상업적이용금지,○,○,○,○,○,○,X,,,,
239,이미지,문화유산,국가유산청,국가유산청,"문화재대관 (석조II, 보물편)",해인사 사명대사 부도 및 석장비,"해인사 사명대사 부도 및 석장비_1
소재지 : 경상남도 합천군 가야면 치인리 21 홍제암
소유자 : 해인사
규모 : 부도 높이 : 1.8m, 둘레 : 3.32m, 석장비 높이 : 3.1m, 너비 : 1.2m
재질 : 부도, 비좌, 옥개석 : 화강석, 비신 : 청석
시대 : 조선시대 후기",2002,1,미부착,제4유형,유,,해인사 사명대사 부도 및 석장비,,사진,이미지,,문화유산,한국어,2002,,저작물이용허락동의서,안장헌,,,국가유산청,제4유형,저작물,보호저작물,X,상업적이용금지,○,○,○,○,○,○,X,,,,
240,이미지,문화유산,국가유산청,국가유산청,"문화재대관 (석조II, 보물편)",해인사 사명대사 부도 및 석장비,"해인사 사명대사 부도 및 석장비_2
소재지 : 경상남도 합천군 가야면 치인리 21 홍제암
소유자 : 해인사
규모 : 부도 높이 : 1.8m, 둘레 : 3.32m, 석장비 높이 : 3.1m, 너비 : 1.2m
재질 : 부도, 비좌, 옥개석 : 화강석, 비신 : 청석
시대 : 조선시대 후기",2002,1,미부착,제4유형,유,,해인사 사명대사 부도 및 석장비,,사진,이미지,,문화유산,한국어,2002,,저작물이용허락동의서,안장헌,,,국가유산청,제4유형,저작물,보호저작물,X,상업적이용금지,○,○,○,○,○,○,X,,,,
241,이미지,문화유산,국가유산청,국가유산청,"문화재대관 (석조II, 보물편)",해인사 사명대사 부도 및 석장비,"해인사 사명대사 부도 및 석장비_3
소재지 : 경상남도 합천군 가야면 치인리 21 홍제암
소유자 : 해인사
규모 : 부도 높이 : 1.8m, 둘레 : 3.32m, 석장비 높이 : 3.1m, 너비 : 1.2m
재질 : 부도, 비좌, 옥개석 : 화강석, 비신 : 청석
시대 : 조선시대 후기",2002,1,미부착,제4유형,유,,해인사 사명대사 부도 및 석장비,,사진,이미지,,문화유산,한국어,2002,,저작물이용허락동의서,안장헌,,,국가유산청,제4유형,저작물,보호저작물,X,상업적이용금지,○,○,○,○,○,○,X,,,,
242,이미지,문화유산,국가유산청,국가유산청,"문화재대관 (석조II, 보물편)",해인사 사명대사 부도 및 석장비,"해인사 사명대사 부도 및 석장비_4
소재지 : 경상남도 합천군 가야면 치인리 21 홍제암
소유자 : 해인사
규모 : 부도 높이 : 1.8m, 둘레 : 3.32m, 석장비 높이 : 3.1m, 너비 : 1.2m
재질 : 부도, 비좌, 옥개석 : 화강석, 비신 : 청석
시대 : 조선시대 후기",2002,1,미부착,제4유형,유,,해인사 사명대사 부도 및 석장비,,사진,이미지,,문화유산,한국어,2002,,저작물이용허락동의서,안장헌,,,국가유산청,제4유형,저작물,보호저작물,X,상업적이용금지,○,○,○,○,○,○,X,,,,
243,이미지,문화유산,국가유산청,국가유산청,"문화재대관 (석조II, 보물편)",해인사 사명대사 부도 및 석장비,"사명대사의 사리를 봉안한 종 모양 부도
소재지 : 경상남도 합천군 가야면 치인리 21 홍제암
소유자 : 해인사
규모 : 부도 높이 : 1.8m, 둘레 : 3.32m, 석장비 높이 : 3.1m, 너비 : 1.2m
재질 : 부도, 비좌, 옥개석 : 화강석, 비신 : 청석
시대 : 조선시대 후기",2002,1,미부착,제4유형,유,,해인사 사명대사 부도 및 석장비,,사진,이미지,,문화유산,한국어,2002,,저작물이용허락동의서,안장헌,,,국가유산청,제4유형,저작물,보호저작물,X,상업적이용금지,○,○,○,○,○,○,X,,,,
244,이미지,문화유산,국가유산청,국가유산청,"문화재대관 (석조II, 보물편)",해인사 사명대사 부도 및 석장비,"사명대사 부도 기단의 연꽃 무늬
소재지 : 경상남도 합천군 가야면 치인리 21 홍제암
소유자 : 해인사
규모 : 부도 높이 : 1.8m, 둘레 : 3.32m, 석장비 높이 : 3.1m, 너비 : 1.2m
재질 : 부도, 비좌, 옥개석 : 화강석, 비신 : 청석
시대 : 조선시대 후기",2002,1,미부착,제4유형,유,,해인사 사명대사 부도 및 석장비,,사진,이미지,,문화유산,한국어,2002,,저작물이용허락동의서,안장헌,,,국가유산청,제4유형,저작물,보호저작물,X,상업적이용금지,○,○,○,○,○,○,X,,,,
245,이미지,문화유산,국가유산청,국가유산청,"문화재대관 (석조II, 보물편)",해인사 사명대사 부도 및 석장비,"해인사 사명대사 부도 및 석장비_7
소재지 : 경상남도 합천군 가야면 치인리 21 홍제암
소유자 : 해인사
규모 : 부도 높이 : 1.8m, 둘레 : 3.32m, 석장비 높이 : 3.1m, 너비 : 1.2m
재질 : 부도, 비좌, 옥개석 : 화강석, 비신 : 청석
시대 : 조선시대 후기",2002,1,미부착,제4유형,유,,해인사 사명대사 부도 및 석장비,,사진,이미지,,문화유산,한국어,2002,,저작물이용허락동의서,안장헌,,,국가유산청,제4유형,저작물,보호저작물,X,상업적이용금지,○,○,○,○,○,○,X,,,,
246,이미지,문화유산,국가유산청,국가유산청,"문화재대관 (석조I, 보물편)",경주 서악리삼층석탑,"초층탑신의 문비와 인왕상
소재지 : 경상북도 경주시 서악동 92-1
소유자 : 국유
규모 :  높이 : 5.1m
재질 : 화강암
시대 : 통일신라시대",1985,1,미부착,제4유형,유,,경주 서악리삼층석탑,,사진,이미지,,문화유산,한국어,1985,,저작물이용허락동의서,안장헌,,,국가유산청,제4유형,저작물,보호저작물,X,상업적이용금지,○,○,○,○,○,○,X,,,,
247,이미지,문화유산,국가유산청,국가유산청,"문화재대관 (석조I, 보물편)",경주 서악리삼층석탑,"탑신부 옥개석
소재지 : 경상북도 경주시 서악동 92-1
소유자 : 국유
규모 :  높이 : 5.1m
재질 : 화강암
시대 : 통일신라시대",2000,1,미부착,제4유형,유,,경주 서악리삼층석탑,,사진,이미지,,문화유산,한국어,2000,,저작물이용허락동의서,안장헌,,,국가유산청,제4유형,저작물,보호저작물,X,상업적이용금지,○,○,○,○,○,○,X,,,,
248,이미지,문화유산,국가유산청,국가유산청,"문화재대관 (석조I, 보물편)",경주 서악리삼층석탑,"경주 서악리삼층석탑_3
소재지 : 경상북도 경주시 서악동 92-1
소유자 : 국유
규모 :  높이 : 5.1m
재질 : 화강암
시대 : 통일신라시대",2000,1,미부착,제4유형,유,,경주 서악리삼층석탑,,사진,이미지,,문화유산,한국어,2000,,저작물이용허락동의서,안장헌,,,국가유산청,제4유형,저작물,보호저작물,X,상업적이용금지,○,○,○,○,○,○,X,,,,
249,이미지,문화유산,국가유산청,국가유산청,"문화재대관 (석조I, 보물편)",경주 서악리삼층석탑,"경주 서악리삼층석탑_4
소재지 : 경상북도 경주시 서악동 92-1
소유자 : 국유
규모 :  높이 : 5.1m
재질 : 화강암
시대 : 통일신라시대",2000,1,미부착,제4유형,유,,경주 서악리삼층석탑,,사진,이미지,,문화유산,한국어,2000,,저작물이용허락동의서,안장헌,,,국가유산청,제4유형,저작물,보호저작물,X,상업적이용금지,○,○,○,○,○,○,X,,,,
250,이미지,문화유산,국가유산청,국가유산청,"문화재대관 (석조I, 보물편)",흥법사지 삼층석탑,"흥법사지 삼층석탑_2
소재지 : 강원도 원주시 지정면 안창리 517-2
소유자 : 국유
규모 :  높이 : 3.7m
재질 : 화강암
시대 : 고려시대",2002,1,미부착,제4유형,유,,흥법사지 삼층석탑,,사진,이미지,,문화유산,한국어,2002,,저작물이용허락동의서,안장헌,,,국가유산청,제4유형,저작물,보호저작물,X,상업적이용금지,○,○,○,○,○,○,X,,,,
251,이미지,문화유산,국가유산청,국가유산청,"문화재대관 (석조I, 보물편)",흥법사지 삼층석탑,"탑신 세부
소재지 : 강원도 원주시 지정면 안창리 517-2
소유자 : 국유
규모 :  높이 : 3.7m
재질 : 화강암
시대 : 고려시대",2002,1,미부착,제4유형,유,,흥법사지 삼층석탑,,사진,이미지,,문화유산,한국어,2002,,저작물이용허락동의서,안장헌,,,국가유산청,제4유형,저작물,보호저작물,X,상업적이용금지,○,○,○,○,○,○,X,,,,
252,이미지,문화유산,국가유산청,국가유산청,"문화재대관 (석조I, 보물편)",흥법사지 삼층석탑,"상하층기단부 전체
소재지 : 강원도 원주시 지정면 안창리 517-2
소유자 : 국유
규모 :  높이 : 3.7m
재질 : 화강암
시대 : 고려시대",2002,1,미부착,제4유형,유,,흥법사지 삼층석탑,,사진,이미지,,문화유산,한국어,2002,,저작물이용허락동의서,안장헌,,,국가유산청,제4유형,저작물,보호저작물,X,상업적이용금지,○,○,○,○,○,○,X,,,,
253,이미지,문화유산,국가유산청,국가유산청,"문화재대관 (석조I, 보물편)",흥법사지 삼층석탑,"초층탑신의 문비형
소재지 : 강원도 원주시 지정면 안창리 517-2
소유자 : 국유
규모 :  높이 : 3.7m
재질 : 화강암
시대 : 고려시대",2002,1,미부착,제4유형,유,,흥법사지 삼층석탑,,사진,이미지,,문화유산,한국어,2002,,저작물이용허락동의서,안장헌,,,국가유산청,제4유형,저작물,보호저작물,X,상업적이용금지,○,○,○,○,○,○,X,,,,
254,이미지,문화유산,국가유산청,국가유산청,"문화재대관 (석조I, 보물편)",낙산사 칠층석탑,"낙산사 칠층석탑_1
소재지 : 강원도 양양군 강현면 전진리 55
소유자 : 낙산사
규모 :  높이 : 6.2m
재질 : 화강암
시대 : 조선시대",2001,1,미부착,제4유형,유,,낙산사 칠층석탑,,사진,이미지,,문화유산,한국어,2001,,저작물이용허락동의서,안장헌,,,국가유산청,제4유형,저작물,보호저작물,X,상업적이용금지,○,○,○,○,○,○,X,,,,
255,이미지,문화유산,국가유산청,국가유산청,"문화재대관 (석조I, 보물편)",낙산사 칠층석탑,"기단부 복련석
소재지 : 강원도 양양군 강현면 전진리 55
소유자 : 낙산사
규모 :  높이 : 6.2m
재질 : 화강암
시대 : 조선시대",2002,1,미부착,제4유형,유,,낙산사 칠층석탑,,사진,이미지,,문화유산,한국어,2002,,저작물이용허락동의서,안장헌,,,국가유산청,제4유형,저작물,보호저작물,X,상업적이용금지,○,○,○,○,○,○,X,,,,
256,이미지,문화유산,국가유산청,국가유산청,"문화재대관 (석조I, 보물편)",낙산사 칠층석탑,"상륜부 금속장식
소재지 : 강원도 양양군 강현면 전진리 55
소유자 : 낙산사
규모 :  높이 : 6.2m
재질 : 화강암
시대 : 조선시대",2002,1,미부착,제4유형,유,,낙산사 칠층석탑,,사진,이미지,,문화유산,한국어,2002,,저작물이용허락동의서,안장헌,,,국가유산청,제4유형,저작물,보호저작물,X,상업적이용금지,○,○,○,○,○,○,X,,,,
257,이미지,문화유산,국가유산청,국가유산청,"문화재대관 (석조I, 보물편)",낙산사 칠층석탑,"옥개석과 별석 탑신 괴임
소재지 : 강원도 양양군 강현면 전진리 55
소유자 : 낙산사
규모 :  높이 : 6.2m
재질 : 화강암
시대 : 조선시대",2002,1,미부착,제4유형,유,,낙산사 칠층석탑,,사진,이미지,,문화유산,한국어,2002,,저작물이용허락동의서,안장헌,,,국가유산청,제4유형,저작물,보호저작물,X,상업적이용금지,○,○,○,○,○,○,X,,,,
258,이미지,문화유산,국가유산청,국가유산청,"문화재대관 (석조I, 보물편)",칠곡 기성동삼층석탑,"칠곡 기성동삼층석탑_1
소재지 : 경상북도 칠곡군 동명면 기성리 1028
소유자 : 국유
규모 :  높이 : 5.1m
재질 : 화강암
시대 : 통일신라시대",2000,1,미부착,제4유형,유,,칠곡 기성동삼층석탑,,사진,이미지,,문화유산,한국어,2000,,저작물이용허락동의서,안장헌,,,국가유산청,제4유형,저작물,보호저작물,X,상업적이용금지,○,○,○,○,○,○,X,,,,
259,이미지,문화유산,국가유산청,국가유산청,"문화재대관 (석조I, 보물편)",천관사 삼층석탑,"천관사 삼층석탑_1
소재지 : 전라남도 장흥군 관산읍 농안리 740
소유자 : 천관사
규모 :  높이 : 3.98m
재질 : 화강암
시대 : 고려시대",2000,1,미부착,제4유형,유,,천관사 삼층석탑,,사진,이미지,,문화유산,한국어,2000,,저작물이용허락동의서,안장헌,,,국가유산청,제4유형,저작물,보호저작물,X,상업적이용금지,○,○,○,○,○,○,X,,,,
260,이미지,문화유산,국가유산청,국가유산청,"문화재대관 (석조I, 보물편)",천관사 삼층석탑,"삼층탑신과 상륜부 노반과 복발석
소재지 : 전라남도 장흥군 관산읍 농안리 740
소유자 : 천관사
규모 :  높이 : 3.98m
재질 : 화강암
시대 : 고려시대",2000,1,미부착,제4유형,유,,천관사 삼층석탑,,사진,이미지,,문화유산,한국어,2000,,저작물이용허락동의서,안장헌,,,국가유산청,제4유형,저작물,보호저작물,X,상업적이용금지,○,○,○,○,○,○,X,,,,
261,이미지,문화유산,국가유산청,국가유산청,"문화재대관 (석조I, 보물편)",천관사 삼층석탑,"탑신부 옥개석의 반전과 층급받침
소재지 : 전라남도 장흥군 관산읍 농안리 740
소유자 : 천관사
규모 :  높이 : 3.98m
재질 : 화강암
시대 : 고려시대",2000,1,미부착,제4유형,유,,천관사 삼층석탑,,사진,이미지,,문화유산,한국어,2000,,저작물이용허락동의서,안장헌,,,국가유산청,제4유형,저작물,보호저작물,X,상업적이용금지,○,○,○,○,○,○,X,,,,
262,이미지,문화유산,국가유산청,국가유산청,"문화재대관 (목조, 보물편)",운문사 대웅보전,"운문사 대웅보전 내부
소재지 : 경상북도 청도군 운문면 신원리 1789
소유자 : 운문사
규모양식 :  정면 3칸, 측면 3칸, 다포계 팔작지붕
시대 : 조선 효종 4년(1653)",2001,1,미부착,제4유형,유,,운문사 대웅보전,,사진,이미지,,문화유산,한국어,2001,,저작물이용허락동의서,안장헌,,,국가유산청,제4유형,저작물,보호저작물,X,상업적이용금지,○,○,○,○,○,○,X,,,,
263,이미지,문화유산,국가유산청,국가유산청,"문화재대관 (목조, 보물편)",운문사 대웅보전,"운문사 대웅보전 정면 창호
소재지 : 경상북도 청도군 운문면 신원리 1789
소유자 : 운문사
규모양식 :  정면 3칸, 측면 3칸, 다포계 팔작지붕
시대 : 조선 효종 4년(1653)",2001,1,미부착,제4유형,유,,운문사 대웅보전,,사진,이미지,,문화유산,한국어,2001,,저작물이용허락동의서,안장헌,,,국가유산청,제4유형,저작물,보호저작물,X,상업적이용금지,○,○,○,○,○,○,X,,,,
264,이미지,문화유산,국가유산청,국가유산청,"문화재대관 (목조, 보물편)",운문사 대웅보전,"운문사 대웅보전_10
소재지 : 경상북도 청도군 운문면 신원리 1789
소유자 : 운문사
규모양식 :  정면 3칸, 측면 3칸, 다포계 팔작지붕
시대 : 조선 효종 4년(1653)",미확인,1,미부착,제4유형,유,,운문사 대웅보전,,사진,이미지,,문화유산,한국어,미확인,,저작물이용허락동의서,안장헌,,,국가유산청,제4유형,저작물,보호저작물,X,상업적이용금지,○,○,○,○,○,○,X,,,,
265,이미지,문화유산,국가유산청,국가유산청,"문화재대관 (목조, 보물편)",운문사 대웅보전,"운문사 대웅보전_11
소재지 : 경상북도 청도군 운문면 신원리 1789
소유자 : 운문사
규모양식 :  정면 3칸, 측면 3칸, 다포계 팔작지붕
시대 : 조선 효종 4년(1653)",2001,1,미부착,제4유형,유,,운문사 대웅보전,,사진,이미지,,문화유산,한국어,2001,,저작물이용허락동의서,안장헌,,,국가유산청,제4유형,저작물,보호저작물,X,상업적이용금지,○,○,○,○,○,○,X,,,,
266,이미지,문화유산,국가유산청,국가유산청,"문화재대관 (목조, 보물편)",대적사 극락전,"대적사 극락전_00
소재지 : 경상북도 청도군 화양읍 송금리 256
소유자 : 대적사
규모양식 :  정면 3칸, 측면 3칸, 다포계 맞배지붕
시대 : 조선시대",2001,1,미부착,제4유형,유,,대적사 극락전,,사진,이미지,,문화유산,한국어,2001,,저작물이용허락동의서,안장헌,,,국가유산청,제4유형,저작물,보호저작물,X,상업적이용금지,○,○,○,○,○,○,X,,,,
267,이미지,문화유산,국가유산청,국가유산청,"문화재대관 (목조, 보물편)",대적사 극락전,"대적사 극락전_01
소재지 : 경상북도 청도군 화양읍 송금리 256
소유자 : 대적사
규모양식 :  정면 3칸, 측면 3칸, 다포계 맞배지붕
시대 : 조선시대",2001,1,미부착,제4유형,유,,대적사 극락전,,사진,이미지,,문화유산,한국어,2001,,저작물이용허락동의서,안장헌,,,국가유산청,제4유형,저작물,보호저작물,X,상업적이용금지,○,○,○,○,○,○,X,,,,
268,이미지,문화유산,국가유산청,국가유산청,"문화재대관 (목조, 보물편)",대적사 극락전,"대적사 극락전 내부 벽화
소재지 : 경상북도 청도군 화양읍 송금리 256
소유자 : 대적사
규모양식 :  정면 3칸, 측면 3칸, 다포계 맞배지붕
시대 : 조선시대",2001,1,미부착,제4유형,유,,대적사 극락전,,사진,이미지,,문화유산,한국어,2001,,저작물이용허락동의서,안장헌,,,국가유산청,제4유형,저작물,보호저작물,X,상업적이용금지,○,○,○,○,○,○,X,,,,
269,이미지,문화유산,국가유산청,국가유산청,"문화재대관 (목조, 보물편)",대적사 극락전,"대적사 극락전 배면
소재지 : 경상북도 청도군 화양읍 송금리 256
소유자 : 대적사
규모양식 :  정면 3칸, 측면 3칸, 다포계 맞배지붕
시대 : 조선시대",2001,1,미부착,제4유형,유,,대적사 극락전,,사진,이미지,,문화유산,한국어,2001,,저작물이용허락동의서,안장헌,,,국가유산청,제4유형,저작물,보호저작물,X,상업적이용금지,○,○,○,○,○,○,X,,,,
270,이미지,문화유산,국가유산청,국가유산청,"문화재대관 (목조, 보물편)",대적사 극락전,"대적사 극락전 내부 가구
소재지 : 경상북도 청도군 화양읍 송금리 256
소유자 : 대적사
규모양식 :  정면 3칸, 측면 3칸, 다포계 맞배지붕
시대 : 조선시대",2001,1,미부착,제4유형,유,,대적사 극락전,,사진,이미지,,문화유산,한국어,2001,,저작물이용허락동의서,안장헌,,,국가유산청,제4유형,저작물,보호저작물,X,상업적이용금지,○,○,○,○,○,○,X,,,,
271,이미지,문화유산,국가유산청,국가유산청,"문화재대관 (목조, 보물편)",대적사 극락전,"대적사 극락전 내부 가구와 우물 천장
소재지 : 경상북도 청도군 화양읍 송금리 256
소유자 : 대적사
규모양식 :  정면 3칸, 측면 3칸, 다포계 맞배지붕
시대 : 조선시대",2001,1,미부착,제4유형,유,,대적사 극락전,,사진,이미지,,문화유산,한국어,2001,,저작물이용허락동의서,안장헌,,,국가유산청,제4유형,저작물,보호저작물,X,상업적이용금지,○,○,○,○,○,○,X,,,,
272,이미지,문화유산,국가유산청,국가유산청,"문화재대관 (목조, 보물편)",대적사 극락전,"대적사 극락전_06
소재지 : 경상북도 청도군 화양읍 송금리 256
소유자 : 대적사
규모양식 :  정면 3칸, 측면 3칸, 다포계 맞배지붕
시대 : 조선시대",2001,1,미부착,제4유형,유,,대적사 극락전,,사진,이미지,,문화유산,한국어,2001,,저작물이용허락동의서,안장헌,,,국가유산청,제4유형,저작물,보호저작물,X,상업적이용금지,○,○,○,○,○,○,X,,,,
273,이미지,문화유산,국가유산청,국가유산청,"문화재대관 (목조, 보물편)",대적사 극락전,"대적사 극락전_07
소재지 : 경상북도 청도군 화양읍 송금리 256
소유자 : 대적사
규모양식 :  정면 3칸, 측면 3칸, 다포계 맞배지붕
시대 : 조선시대",2001,1,미부착,제4유형,유,,대적사 극락전,,사진,이미지,,문화유산,한국어,2001,,저작물이용허락동의서,안장헌,,,국가유산청,제4유형,저작물,보호저작물,X,상업적이용금지,○,○,○,○,○,○,X,,,,
274,이미지,문화유산,국가유산청,국가유산청,"문화재대관 (목조, 보물편)",대적사 극락전,"대적사 극락전_08
소재지 : 경상북도 청도군 화양읍 송금리 256
소유자 : 대적사
규모양식 :  정면 3칸, 측면 3칸, 다포계 맞배지붕
시대 : 조선시대",2001,1,미부착,제4유형,유,,대적사 극락전,,사진,이미지,,문화유산,한국어,2001,,저작물이용허락동의서,안장헌,,,국가유산청,제4유형,저작물,보호저작물,X,상업적이용금지,○,○,○,○,○,○,X,,,,
275,이미지,문화유산,국가유산청,국가유산청,"문화재대관 (목조, 보물편)",대적사 극락전,"대적사 극락전_09
소재지 : 경상북도 청도군 화양읍 송금리 256
소유자 : 대적사
규모양식 :  정면 3칸, 측면 3칸, 다포계 맞배지붕
시대 : 조선시대",2001,1,미부착,제4유형,유,,대적사 극락전,,사진,이미지,,문화유산,한국어,2001,,저작물이용허락동의서,안장헌,,,국가유산청,제4유형,저작물,보호저작물,X,상업적이용금지,○,○,○,○,○,○,X,,,,
276,이미지,문화유산,국가유산청,국가유산청,"문화재대관 (목조, 보물편)",환성사 대웅전,"환성사 대웅전 공포
소재지 : 경상북도 경산군 하양읍 사기리 150
소유자 : 환성사
규모양식 :  정면 5칸, 측면 4칸, 다포계 팔작지붕
시대 : 조선시대(17세기)",미확인,1,미부착,제4유형,유,,환성사 대웅전,,사진,이미지,,문화유산,한국어,미확인,,저작물이용허락동의서,안장헌,,,국가유산청,제4유형,저작물,보호저작물,X,상업적이용금지,○,○,○,○,○,○,X,,,,
277,이미지,문화유산,국가유산청,국가유산청,"문화재대관 (목조, 보물편)",환성사 대웅전,"환성사 대웅전_01
소재지 : 경상북도 경산군 하양읍 사기리 150
소유자 : 환성사
규모양식 :  정면 5칸, 측면 4칸, 다포계 팔작지붕
시대 : 조선시대(17세기)",미확인,1,미부착,제4유형,유,,환성사 대웅전,,사진,이미지,,문화유산,한국어,미확인,,저작물이용허락동의서,안장헌,,,국가유산청,제4유형,저작물,보호저작물,X,상업적이용금지,○,○,○,○,○,○,X,,,,
278,이미지,문화유산,국가유산청,국가유산청,"문화재대관 (목조, 보물편)",환성사 대웅전,"환성사 대웅전_02
소재지 : 경상북도 경산군 하양읍 사기리 150
소유자 : 환성사
규모양식 :  정면 5칸, 측면 4칸, 다포계 팔작지붕
시대 : 조선시대(17세기)",미확인,1,미부착,제4유형,유,,환성사 대웅전,,사진,이미지,,문화유산,한국어,미확인,,저작물이용허락동의서,안장헌,,,국가유산청,제4유형,저작물,보호저작물,X,상업적이용금지,○,○,○,○,○,○,X,,,,
279,이미지,문화유산,국가유산청,국가유산청,"문화재대관 (목조, 보물편)",환성사 대웅전,"환성사 대웅전_03
소재지 : 경상북도 경산군 하양읍 사기리 150
소유자 : 환성사
규모양식 :  정면 5칸, 측면 4칸, 다포계 팔작지붕
시대 : 조선시대(17세기)",미확인,1,미부착,제4유형,유,,환성사 대웅전,,사진,이미지,,문화유산,한국어,미확인,,저작물이용허락동의서,안장헌,,,국가유산청,제4유형,저작물,보호저작물,X,상업적이용금지,○,○,○,○,○,○,X,,,,
280,이미지,문화유산,국가유산청,국가유산청,"문화재대관 (목조, 보물편)",환성사 대웅전,"환성사 대웅전_04
소재지 : 경상북도 경산군 하양읍 사기리 150
소유자 : 환성사
규모양식 :  정면 5칸, 측면 4칸, 다포계 팔작지붕
시대 : 조선시대(17세기)",미확인,1,미부착,제4유형,유,,환성사 대웅전,,사진,이미지,,문화유산,한국어,미확인,,저작물이용허락동의서,안장헌,,,국가유산청,제4유형,저작물,보호저작물,X,상업적이용금지,○,○,○,○,○,○,X,,,,
281,이미지,문화유산,국가유산청,국가유산청,"문화재대관 (목조, 보물편)",환성사 대웅전,"환성사 대웅전_05
소재지 : 경상북도 경산군 하양읍 사기리 150
소유자 : 환성사
규모양식 :  정면 5칸, 측면 4칸, 다포계 팔작지붕
시대 : 조선시대(17세기)",미확인,1,미부착,제4유형,유,,환성사 대웅전,,사진,이미지,,문화유산,한국어,미확인,,저작물이용허락동의서,안장헌,,,국가유산청,제4유형,저작물,보호저작물,X,상업적이용금지,○,○,○,○,○,○,X,,,,
282,이미지,문화유산,국가유산청,국가유산청,"문화재대관 (목조, 보물편)",환성사 대웅전,"환성사 대웅전 귀공포
소재지 : 경상북도 경산군 하양읍 사기리 150
소유자 : 환성사
규모양식 :  정면 5칸, 측면 4칸, 다포계 팔작지붕
시대 : 조선시대(17세기)",미확인,1,미부착,제4유형,유,,환성사 대웅전,,사진,이미지,,문화유산,한국어,미확인,,저작물이용허락동의서,안장헌,,,국가유산청,제4유형,저작물,보호저작물,X,상업적이용금지,○,○,○,○,○,○,X,,,,
283,이미지,문화유산,국가유산청,국가유산청,"문화재대관 (목조, 보물편)",환성사 대웅전,"환성사 대웅전 내부 귀공포
소재지 : 경상북도 경산군 하양읍 사기리 150
소유자 : 환성사
규모양식 :  정면 5칸, 측면 4칸, 다포계 팔작지붕
시대 : 조선시대(17세기)",미확인,1,미부착,제4유형,유,,환성사 대웅전,,사진,이미지,,문화유산,한국어,미확인,,저작물이용허락동의서,안장헌,,,국가유산청,제4유형,저작물,보호저작물,X,상업적이용금지,○,○,○,○,○,○,X,,,,
284,이미지,문화유산,국가유산청,국가유산청,"문화재대관 (목조, 보물편)",환성사 대웅전,"환성사 대웅전 전경
소재지 : 경상북도 경산군 하양읍 사기리 150
소유자 : 환성사
규모양식 :  정면 5칸, 측면 4칸, 다포계 팔작지붕
시대 : 조선시대(17세기)",1998,1,미부착,제4유형,유,,환성사 대웅전,,사진,이미지,,문화유산,한국어,1998,,저작물이용허락동의서,안장헌,,,국가유산청,제4유형,저작물,보호저작물,X,상업적이용금지,○,○,○,○,○,○,X,,,,
285,이미지,문화유산,국가유산청,국가유산청,"문화재대관 (목조, 보물편)",환성사 대웅전,"환성사 대웅전_10
소재지 : 경상북도 경산군 하양읍 사기리 150
소유자 : 환성사
규모양식 :  정면 5칸, 측면 4칸, 다포계 팔작지붕
시대 : 조선시대(17세기)",미확인,1,미부착,제4유형,유,,환성사 대웅전,,사진,이미지,,문화유산,한국어,미확인,,저작물이용허락동의서,안장헌,,,국가유산청,제4유형,저작물,보호저작물,X,상업적이용금지,○,○,○,○,○,○,X,,,,
286,이미지,문화유산,국가유산청,국가유산청,"문화재대관 (목조, 보물편)",환성사 대웅전,"환성사 대웅전 내부 불단
소재지 : 경상북도 경산군 하양읍 사기리 150
소유자 : 환성사
규모양식 :  정면 5칸, 측면 4칸, 다포계 팔작지붕
시대 : 조선시대(17세기)",미확인,1,미부착,제4유형,유,,환성사 대웅전,,사진,이미지,,문화유산,한국어,미확인,,저작물이용허락동의서,안장헌,,,국가유산청,제4유형,저작물,보호저작물,X,상업적이용금지,○,○,○,○,○,○,X,,,,
287,이미지,문화유산,국가유산청,국가유산청,"문화재대관 (목조, 보물편)",환성사 대웅전,"환성사 대웅전 내부 천장 가구
소재지 : 경상북도 경산군 하양읍 사기리 150
소유자 : 환성사
규모양식 :  정면 5칸, 측면 4칸, 다포계 팔작지붕
시대 : 조선시대(17세기)",미확인,1,미부착,제4유형,유,,환성사 대웅전,,사진,이미지,,문화유산,한국어,미확인,,저작물이용허락동의서,안장헌,,,국가유산청,제4유형,저작물,보호저작물,X,상업적이용금지,○,○,○,○,○,○,X,,,,
288,이미지,문화유산,국가유산청,국가유산청,"문화재대관 (목조, 보물편)",전주객사,"전주객사 본전 편액(풍패지관)
소재지 : 전라북도 전주시 완산구 중앙동 3가 1
소유자 : 국유
규모양식 :  본전(정면 3칸, 측면 4칸), 동익사(정면 3칸, 측면 3칸), 서익사(정면 5칸, 측면 3칸), 단층 맞배+팔작지붕
시대 : 조선시대",2001,1,미부착,제4유형,유,,전주객사,,사진,이미지,,문화유산,한국어,2001,,저작물이용허락동의서,안장헌,,,국가유산청,제4유형,저작물,보호저작물,X,상업적이용금지,○,○,○,○,○,○,X,,,,
289,이미지,문화유산,국가유산청,국가유산청,"문화재대관 (목조, 보물편)",전주객사,"전주객사_01
소재지 : 전라북도 전주시 완산구 중앙동 3가 1
소유자 : 국유
규모양식 :  본전(정면 3칸, 측면 4칸), 동익사(정면 3칸, 측면 3칸), 서익사(정면 5칸, 측면 3칸), 단층 맞배+팔작지붕
시대 : 조선시대",2001,1,미부착,제4유형,유,,전주객사,,사진,이미지,,문화유산,한국어,2001,,저작물이용허락동의서,안장헌,,,국가유산청,제4유형,저작물,보호저작물,X,상업적이용금지,○,○,○,○,○,○,X,,,,
290,이미지,문화유산,국가유산청,국가유산청,"문화재대관 (목조, 보물편)",전주객사,"전주객사_02
소재지 : 전라북도 전주시 완산구 중앙동 3가 1
소유자 : 국유
규모양식 :  본전(정면 3칸, 측면 4칸), 동익사(정면 3칸, 측면 3칸), 서익사(정면 5칸, 측면 3칸), 단층 맞배+팔작지붕
시대 : 조선시대",2001,1,미부착,제4유형,유,,전주객사,,사진,이미지,,문화유산,한국어,2001,,저작물이용허락동의서,안장헌,,,국가유산청,제4유형,저작물,보호저작물,X,상업적이용금지,○,○,○,○,○,○,X,,,,
291,이미지,문화유산,국가유산청,국가유산청,"문화재대관 (목조, 보물편)",전주객사,"전주객사 서익사_03
소재지 : 전라북도 전주시 완산구 중앙동 3가 1
소유자 : 국유
규모양식 :  본전(정면 3칸, 측면 4칸), 동익사(정면 3칸, 측면 3칸), 서익사(정면 5칸, 측면 3칸), 단층 맞배+팔작지붕
시대 : 조선시대",2001,1,미부착,제4유형,유,,전주객사,,사진,이미지,,문화유산,한국어,2001,,저작물이용허락동의서,안장헌,,,국가유산청,제4유형,저작물,보호저작물,X,상업적이용금지,○,○,○,○,○,○,X,,,,
292,이미지,문화유산,국가유산청,국가유산청,"문화재대관 (목조, 보물편)",전주객사,"전주객사 서익사_04
소재지 : 전라북도 전주시 완산구 중앙동 3가 1
소유자 : 국유
규모양식 :  본전(정면 3칸, 측면 4칸), 동익사(정면 3칸, 측면 3칸), 서익사(정면 5칸, 측면 3칸), 단층 맞배+팔작지붕
시대 : 조선시대",2001,1,미부착,제4유형,유,,전주객사,,사진,이미지,,문화유산,한국어,2001,,저작물이용허락동의서,안장헌,,,국가유산청,제4유형,저작물,보호저작물,X,상업적이용금지,○,○,○,○,○,○,X,,,,
293,이미지,문화유산,국가유산청,국가유산청,"문화재대관 (목조, 보물편)",전주객사,"전주객사 본전 퇴칸
소재지 : 전라북도 전주시 완산구 중앙동 3가 1
소유자 : 국유
규모양식 :  본전(정면 3칸, 측면 4칸), 동익사(정면 3칸, 측면 3칸), 서익사(정면 5칸, 측면 3칸), 단층 맞배+팔작지붕
시대 : 조선시대",미확인,1,미부착,제4유형,유,,전주객사,,사진,이미지,,문화유산,한국어,미확인,,저작물이용허락동의서,안장헌,,,국가유산청,제4유형,저작물,보호저작물,X,상업적이용금지,○,○,○,○,○,○,X,,,,
294,이미지,문화유산,국가유산청,국가유산청,"문화재대관 (목조, 보물편)",위봉사 보광명전,"위봉사 보광명전_00
소재지 : 전라북도 완주군 소양면 대흥리 산21
소유자 : 위봉사
규모양식 :  정면 3칸, 측면 3칸, 단층 다포계 팔작지붕
시대 : 조선시대",2001,1,미부착,제4유형,유,,위봉사 보광명전,,사진,이미지,,문화유산,한국어,2001,,저작물이용허락동의서,안장헌,,,국가유산청,제4유형,저작물,보호저작물,X,상업적이용금지,○,○,○,○,○,○,X,,,,
295,이미지,문화유산,국가유산청,국가유산청,"문화재대관 (목조, 보물편)",위봉사 보광명전,"위봉사 보광명전_01
소재지 : 전라북도 완주군 소양면 대흥리 산21
소유자 : 위봉사
규모양식 :  정면 3칸, 측면 3칸, 단층 다포계 팔작지붕
시대 : 조선시대",2001,1,미부착,제4유형,유,,위봉사 보광명전,,사진,이미지,,문화유산,한국어,2001,,저작물이용허락동의서,안장헌,,,국가유산청,제4유형,저작물,보호저작물,X,상업적이용금지,○,○,○,○,○,○,X,,,,
296,이미지,문화유산,국가유산청,국가유산청,"문화재대관 (목조, 보물편)",위봉사 보광명전,"위봉사 보광명전 내부 닫집
소재지 : 전라북도 완주군 소양면 대흥리 산21
소유자 : 위봉사
규모양식 :  정면 3칸, 측면 3칸, 단층 다포계 팔작지붕
시대 : 조선시대",2001,1,미부착,제4유형,유,,위봉사 보광명전,,사진,이미지,,문화유산,한국어,2001,,저작물이용허락동의서,안장헌,,,국가유산청,제4유형,저작물,보호저작물,X,상업적이용금지,○,○,○,○,○,○,X,,,,
297,이미지,문화유산,국가유산청,국가유산청,"문화재대관 (목조, 보물편)",위봉사 보광명전,"위봉사 보광명전_04
소재지 : 전라북도 완주군 소양면 대흥리 산21
소유자 : 위봉사
규모양식 :  정면 3칸, 측면 3칸, 단층 다포계 팔작지붕
시대 : 조선시대",2001,1,미부착,제4유형,유,,위봉사 보광명전,,사진,이미지,,문화유산,한국어,2001,,저작물이용허락동의서,안장헌,,,국가유산청,제4유형,저작물,보호저작물,X,상업적이용금지,○,○,○,○,○,○,X,,,,
298,이미지,문화유산,국가유산청,국가유산청,"문화재대관 (목조, 보물편)",위봉사 보광명전,"위봉사 보광명전 서측면
소재지 : 전라북도 완주군 소양면 대흥리 산21
소유자 : 위봉사
규모양식 :  정면 3칸, 측면 3칸, 단층 다포계 팔작지붕
시대 : 조선시대",2001,1,미부착,제4유형,유,,위봉사 보광명전,,사진,이미지,,문화유산,한국어,2001,,저작물이용허락동의서,안장헌,,,국가유산청,제4유형,저작물,보호저작물,X,상업적이용금지,○,○,○,○,○,○,X,,,,
299,이미지,문화유산,국가유산청,국가유산청,"문화재대관 (목조, 보물편)",위봉사 보광명전,"위봉사 보광명전 편액 및 처마
소재지 : 전라북도 완주군 소양면 대흥리 산21
소유자 : 위봉사
규모양식 :  정면 3칸, 측면 3칸, 단층 다포계 팔작지붕
시대 : 조선시대",2001,1,미부착,제4유형,유,,위봉사 보광명전,,사진,이미지,,문화유산,한국어,2001,,저작물이용허락동의서,안장헌,,,국가유산청,제4유형,저작물,보호저작물,X,상업적이용금지,○,○,○,○,○,○,X,,,,
300,이미지,문화유산,국가유산청,국가유산청,"문화재대관 (목조, 보물편)",위봉사 보광명전,"완주 위봉사 외부 공포
소재지 : 전라북도 완주군 소양면 대흥리 산21
소유자 : 위봉사
규모양식 :  정면 3칸, 측면 3칸, 단층 다포계 팔작지붕
시대 : 조선시대",미확인,1,미부착,제4유형,유,,위봉사 보광명전,,사진,이미지,,문화유산,한국어,미확인,,저작물이용허락동의서,안장헌,,,국가유산청,제4유형,저작물,보호저작물,X,상업적이용금지,○,○,○,○,○,○,X,,,,
301,이미지,문화유산,국가유산청,국가유산청,"문화재대관 (목조, 보물편)",위봉사 보광명전,"위봉사 보광명전 전면
소재지 : 전라북도 완주군 소양면 대흥리 산21
소유자 : 위봉사
규모양식 :  정면 3칸, 측면 3칸, 단층 다포계 팔작지붕
시대 : 조선시대",미확인,1,미부착,제4유형,유,,위봉사 보광명전,,사진,이미지,,문화유산,한국어,미확인,,저작물이용허락동의서,안장헌,,,국가유산청,제4유형,저작물,보호저작물,X,상업적이용금지,○,○,○,○,○,○,X,,,,
302,이미지,문화유산,국가유산청,국가유산청,"문화재대관 (목조, 보물편)",영천향교 대성전,"영천향교 대성전 내삼문
소재지 : 경상북도 영천시 교촌동 46-1
소유자 : 경상북도 향교재단
규모양식 :  정면 5칸, 측면 3칸, 초익공계 맞배지붕
시대 : 조선시대(1622년 중건)",2001,1,미부착,제4유형,유,,영천향교 대성전,,사진,이미지,,문화유산,한국어,2001,,저작물이용허락동의서,안장헌,,,국가유산청,제4유형,저작물,보호저작물,X,상업적이용금지,○,○,○,○,○,○,X,,,,
303,이미지,문화유산,국가유산청,국가유산청,"문화재대관 (목조, 보물편)",영천향교 대성전,"영천향교 대성전 내부
소재지 : 경상북도 영천시 교촌동 46-1
소유자 : 경상북도 향교재단
규모양식 :  정면 5칸, 측면 3칸, 초익공계 맞배지붕
시대 : 조선시대(1622년 중건)",2001,1,미부착,제4유형,유,,영천향교 대성전,,사진,이미지,,문화유산,한국어,2001,,저작물이용허락동의서,안장헌,,,국가유산청,제4유형,저작물,보호저작물,X,상업적이용금지,○,○,○,○,○,○,X,,,,
304,이미지,문화유산,국가유산청,국가유산청,"문화재대관 (목조, 보물편)",영천향교 대성전,"영천향교 대성전_02
소재지 : 경상북도 영천시 교촌동 46-1
소유자 : 경상북도 향교재단
규모양식 :  정면 5칸, 측면 3칸, 초익공계 맞배지붕
시대 : 조선시대(1622년 중건)",2001,1,미부착,제4유형,유,,영천향교 대성전,,사진,이미지,,문화유산,한국어,2001,,저작물이용허락동의서,안장헌,,,국가유산청,제4유형,저작물,보호저작물,X,상업적이용금지,○,○,○,○,○,○,X,,,,
305,이미지,문화유산,국가유산청,국가유산청,"문화재대관 (목조, 보물편)",영천향교 대성전,"영천향교 대성전 내부 천장 가구
소재지 : 경상북도 영천시 교촌동 46-1
소유자 : 경상북도 향교재단
규모양식 :  정면 5칸, 측면 3칸, 초익공계 맞배지붕
시대 : 조선시대(1622년 중건)",2001,1,미부착,제4유형,유,,영천향교 대성전,,사진,이미지,,문화유산,한국어,2001,,저작물이용허락동의서,안장헌,,,국가유산청,제4유형,저작물,보호저작물,X,상업적이용금지,○,○,○,○,○,○,X,,,,
306,이미지,문화유산,국가유산청,국가유산청,"문화재대관 (목조, 보물편)",영천향교 대성전,"영천향교 대성전_04
소재지 : 경상북도 영천시 교촌동 46-1
소유자 : 경상북도 향교재단
규모양식 :  정면 5칸, 측면 3칸, 초익공계 맞배지붕
시대 : 조선시대(1622년 중건)",2001,1,미부착,제4유형,유,,영천향교 대성전,,사진,이미지,,문화유산,한국어,2001,,저작물이용허락동의서,안장헌,,,국가유산청,제4유형,저작물,보호저작물,X,상업적이용금지,○,○,○,○,○,○,X,,,,
307,이미지,문화유산,국가유산청,국가유산청,"문화재대관 (목조, 보물편)",영천향교 대성전,"영천향교 대성전 전경
소재지 : 경상북도 영천시 교촌동 46-1
소유자 : 경상북도 향교재단
규모양식 :  정면 5칸, 측면 3칸, 초익공계 맞배지붕
시대 : 조선시대(1622년 중건)",2001,1,미부착,제4유형,유,,영천향교 대성전,,사진,이미지,,문화유산,한국어,2001,,저작물이용허락동의서,안장헌,,,국가유산청,제4유형,저작물,보호저작물,X,상업적이용금지,○,○,○,○,○,○,X,,,,
308,이미지,문화유산,국가유산청,국가유산청,"문화재대관 (목조, 보물편)",영천향교 대성전,"영천향교 대성전 내부 단청
소재지 : 경상북도 영천시 교촌동 46-1
소유자 : 경상북도 향교재단
규모양식 :  정면 5칸, 측면 3칸, 초익공계 맞배지붕
시대 : 조선시대(1622년 중건)",2001,1,미부착,제4유형,유,,영천향교 대성전,,사진,이미지,,문화유산,한국어,2001,,저작물이용허락동의서,안장헌,,,국가유산청,제4유형,저작물,보호저작물,X,상업적이용금지,○,○,○,○,○,○,X,,,,
309,이미지,문화유산,제주콘텐츠진흥원,제주콘텐츠진흥원,문화유산 신규촬영(사진),촬영본,,2024,200,전환구축,제1유형,유,,촬영본,,사진,이미지,,문화유산,한국어,2024,,저작재산권양도계약서,제주콘텐츠진흥원,,,,제1유형,저작물,보호저작물,○,상업적이용가능,○,○,○,○,○,○,○,,2094,,
310,영상,문화유산,제주콘텐츠진흥원,제주콘텐츠진흥원,문화유산 신규촬영(사진),촬영본,,2024,405,전환구축,제1유형,유,,촬영본,,영상,영상,,문화유산,한국어,2024,,저작재산권양도계약서,제주콘텐츠진흥원,,,,제1유형,저작물,보호저작물,○,상업적이용가능,○,○,○,○,○,○,○,,2094,,
311,이미지,문화유산,충남문화관광재단,충남문화관광재단,문화유산 신규촬영(사진),촬영본,,2024,205,전환구축,제1유형,유,,촬영본,,사진,이미지,,문화유산,한국어,2024,,저작재산권양도계약서,충남문화관광재단,,,,제1유형,저작물,보호저작물,○,상업적이용가능,○,○,○,○,○,○,○,,2094,,
312,영상,문화유산,충남문화관광재단,충남문화관광재단,문화유산 신규촬영(사진),촬영본,,2024,425,전환구축,제1유형,유,,촬영본,,영상,영상,,문화유산,한국어,2024,,저작재산권양도계약서,충남문화관광재단,,,,제1유형,저작물,보호저작물,○,상업적이용가능,○,○,○,○,○,○,○,,2094,,
